Price,Adj Close,Close,High,Low,Open,Volume
Ticker,BALPHARMA.NS,BALPHARMA.NS,BALPHARMA.NS,BALPHARMA.NS,BALPHARMA.NS,BALPHARMA.NS
Date,,,,,,
2006-05-08 00:00:00+00:00,45.505741119384766,60.349998474121094,63.95000076293945,58.099998474121094,63.95000076293945,458400
2006-05-09 00:00:00+00:00,46.5613899230957,61.75,66.0,60.099998474121094,66.0,65800
2006-05-10 00:00:00+00:00,47.31541442871094,62.75,64.5,61.0,62.099998474121094,59700
2006-05-11 00:00:00+00:00,45.317237854003906,60.099998474121094,62.79999923706055,59.099998474121094,61.5,16400
2006-05-12 00:00:00+00:00,43.84687042236328,58.150001525878906,59.95000076293945,58.0,58.95000076293945,9500
2006-05-15 00:00:00+00:00,47.31541442871094,62.75,64.0,59.0,59.95000076293945,60500
2006-05-16 00:00:00+00:00,44.71401596069336,59.29999923706055,64.0,56.599998474121094,63.0,20600
2006-05-17 00:00:00+00:00,46.18436813354492,61.25,63.0,60.54999923706055,63.0,14500
2006-05-18 00:00:00+00:00,41.81099319458008,55.45000076293945,60.45000076293945,55.150001525878906,56.0,13700
2006-05-19 00:00:00+00:00,39.05878829956055,51.79999923706055,58.20000076293945,51.150001525878906,56.5,5800
2006-05-22 00:00:00+00:00,35.36404037475586,46.900001525878906,52.95000076293945,46.650001525878906,52.95000076293945,6100
2006-05-23 00:00:00+00:00,36.83438491821289,48.849998474121094,49.20000076293945,45.5,49.0,6400
2006-05-24 00:00:00+00:00,38.45555877685547,51.0,51.29999923706055,46.79999923706055,46.79999923706055,6100
2006-05-25 00:00:00+00:00,38.229347229003906,50.70000076293945,51.849998474121094,49.0,49.0,3100
2006-05-26 00:00:00+00:00,38.30474853515625,50.79999923706055,52.0,50.650001525878906,51.75,1500
2006-05-29 00:00:00+00:00,39.54890823364258,52.45000076293945,52.79999923706055,50.650001525878906,51.95000076293945,3100
2006-05-30 00:00:00+00:00,38.757171630859375,51.400001525878906,53.0,49.900001525878906,53.0,1600
2006-05-31 00:00:00+00:00,36.83438491821289,48.849998474121094,50.0,48.849998474121094,49.099998474121094,1840
2006-06-01 00:00:00+00:00,35.43943786621094,47.0,47.75,47.0,47.349998474121094,700
2006-06-02 00:00:00+00:00,33.70515823364258,44.70000076293945,46.400001525878906,44.650001525878906,45.0,960
2006-06-05 00:00:00+00:00,32.23480224609375,42.75,46.29999923706055,42.5,45.0,2700
2006-06-06 00:00:00+00:00,32.385616302490234,42.95000076293945,43.20000076293945,41.20000076293945,42.70000076293945,2800
2006-06-07 00:00:00+00:00,30.764442443847656,40.79999923706055,42.099998474121094,40.79999923706055,42.099998474121094,1300
2006-06-08 00:00:00+00:00,29.36949348449707,38.95000076293945,38.95000076293945,38.95000076293945,38.95000076293945,100
2006-06-09 00:00:00+00:00,27.936826705932617,37.04999923706055,38.0,37.0,37.0,8100
2006-06-12 00:00:00+00:00,27.22049903869629,36.099998474121094,38.0,34.150001525878906,38.0,3800
2006-06-13 00:00:00+00:00,24.80760383605957,32.900001525878906,34.849998474121094,32.599998474121094,33.0,1600
2006-06-14 00:00:00+00:00,24.20438003540039,32.099998474121094,34.20000076293945,31.299999237060547,31.299999237060547,1900
2006-06-15 00:00:00+00:00,23.638858795166016,31.350000381469727,33.0,30.600000381469727,33.0,255
2006-06-16 00:00:00+00:00,24.845306396484375,32.95000076293945,32.95000076293945,32.25,32.25,5801
2006-06-19 00:00:00+00:00,24.845306396484375,32.95000076293945,32.95000076293945,32.95000076293945,32.95000076293945,220
2006-06-20 00:00:00+00:00,26.089452743530273,34.599998474121094,34.599998474121094,34.599998474121094,34.599998474121094,50
2006-06-21 00:00:00+00:00,27.409006118774414,36.349998474121094,36.349998474121094,35.04999923706055,36.349998474121094,1300
2006-06-22 00:00:00+00:00,28.80396270751953,38.20000076293945,38.20000076293945,38.099998474121094,38.150001525878906,4300
2006-06-23 00:00:00+00:00,30.274324417114258,40.150001525878906,40.150001525878906,38.25,40.099998474121094,5800
2006-06-26 00:00:00+00:00,30.23661994934082,40.099998474121094,44.150001525878906,40.04999923706055,44.04999923706055,5300
2006-06-27 00:00:00+00:00,29.444889068603516,39.04999923706055,42.0,38.099998474121094,38.099998474121094,3400
2006-06-28 00:00:00+00:00,27.974531173706055,37.099998474121094,39.5,37.099998474121094,39.5,4500
2006-06-29 00:00:00+00:00,27.145097732543945,36.0,38.5,35.349998474121094,35.95000076293945,13900
2006-06-30 00:00:00+00:00,26.805788040161133,35.54999923706055,37.79999923706055,35.29999923706055,37.70000076293945,14500
2006-07-03 00:00:00+00:00,27.25820541381836,36.150001525878906,36.45000076293945,35.5,36.45000076293945,19000
2006-07-04 00:00:00+00:00,28.653165817260742,38.0,38.0,37.29999923706055,37.95000076293945,7600
2006-07-05 00:00:00+00:00,29.972713470458984,39.75,39.900001525878906,39.400001525878906,39.849998474121094,6600
2006-07-06 00:00:00+00:00,29.21868324279785,38.75,39.75,38.29999923706055,39.0,14200
2006-07-07 00:00:00+00:00,28.04993438720703,37.20000076293945,40.70000076293945,37.0,40.04999923706055,29400
2006-07-10 00:00:00+00:00,28.50235366821289,37.79999923706055,38.650001525878906,36.29999923706055,37.099998474121094,24800
2006-07-11 00:00:00+00:00,27.67291831970215,36.70000076293945,38.0,36.29999923706055,37.5,22600
2006-07-12 00:00:00+00:00,27.409006118774414,36.349998474121094,38.29999923706055,35.79999923706055,38.29999923706055,28400
2006-07-13 00:00:00+00:00,27.333608627319336,36.25,37.79999923706055,36.0,37.5,32700
2006-07-14 00:00:00+00:00,27.18280029296875,36.04999923706055,37.70000076293945,35.29999923706055,36.0,24400
2006-07-17 00:00:00+00:00,26.428770065307617,35.04999923706055,37.25,35.0,37.25,20300
2006-07-18 00:00:00+00:00,25.26002311706543,33.5,36.79999923706055,33.5,36.79999923706055,24400
2006-07-19 00:00:00+00:00,24.73219871520996,32.79999923706055,35.0,32.54999923706055,34.0,18800
2006-07-20 00:00:00+00:00,24.694499969482422,32.75,34.400001525878906,32.5,34.400001525878906,23200
2006-07-21 00:00:00+00:00,23.827367782592773,31.600000381469727,34.150001525878906,31.299999237060547,32.79999923706055,37400
2006-07-24 00:00:00+00:00,23.714258193969727,31.450000762939453,32.75,30.049999237060547,32.5,26000
2006-07-25 00:00:00+00:00,23.789661407470703,31.549999237060547,32.45000076293945,30.850000381469727,32.29999923706055,25400
2006-07-26 00:00:00+00:00,24.242082595825195,32.150001525878906,32.5,31.399999618530273,32.29999923706055,19900
2006-07-27 00:00:00+00:00,24.12897491455078,32.0,33.599998474121094,31.5,33.599998474121094,25400
2006-07-28 00:00:00+00:00,24.279781341552734,32.20000076293945,33.099998474121094,32.0,33.099998474121094,14800
2006-07-31 00:00:00+00:00,25.48622703552246,33.79999923706055,33.79999923706055,31.799999237060547,33.5,27400
2006-08-01 00:00:00+00:00,25.14691734313965,33.349998474121094,34.5,32.150001525878906,34.5,18400
2006-08-02 00:00:00+00:00,24.883007049560547,33.0,33.95000076293945,32.5,32.5,27200
2006-08-03 00:00:00+00:00,25.48622703552246,33.79999923706055,34.5,33.29999923706055,33.79999923706055,20555
2006-08-04 00:00:00+00:00,24.99611473083496,33.150001525878906,34.79999923706055,32.70000076293945,34.29999923706055,29900
2006-08-07 00:00:00+00:00,25.071516036987305,33.25,34.20000076293945,32.79999923706055,32.79999923706055,30400
2006-08-08 00:00:00+00:00,24.958410263061523,33.099998474121094,34.0,32.5,33.20000076293945,24800
2006-08-09 00:00:00+00:00,25.109220504760742,33.29999923706055,33.70000076293945,32.599998474121094,33.45000076293945,24800
2006-08-10 00:00:00+00:00,25.71244239807129,34.099998474121094,36.400001525878906,33.29999923706055,36.400001525878906,24600
2006-08-11 00:00:00+00:00,28.313844680786133,37.54999923706055,37.54999923706055,34.5,34.5,31900
2006-08-14 00:00:00+00:00,31.1037540435791,41.25,41.349998474121094,38.5,39.75,47000
2006-08-16 00:00:00+00:00,30.23661994934082,40.099998474121094,42.900001525878906,39.25,42.900001525878906,32500
2006-08-17 00:00:00+00:00,29.294084548950195,38.849998474121094,40.45000076293945,38.29999923706055,40.099998474121094,8800
2006-08-18 00:00:00+00:00,28.577756881713867,37.900001525878906,39.900001525878906,37.79999923706055,39.70000076293945,25800
2006-08-21 00:00:00+00:00,28.540056228637695,37.849998474121094,39.25,36.900001525878906,38.0,28700
2006-08-22 00:00:00+00:00,29.407194137573242,39.0,39.25,38.099998474121094,38.099998474121094,18900
2006-08-23 00:00:00+00:00,30.048118591308594,39.849998474121094,40.95000076293945,39.099998474121094,39.849998474121094,19300
2006-08-24 00:00:00+00:00,29.18097686767578,38.70000076293945,41.400001525878906,38.5,41.25,22200
2006-08-25 00:00:00+00:00,29.10557746887207,38.599998474121094,40.150001525878906,38.54999923706055,38.900001525878906,18800
2006-08-28 00:00:00+00:00,29.030174255371094,38.5,40.20000076293945,38.400001525878906,38.5,17100
2006-08-29 00:00:00+00:00,29.18097686767578,38.70000076293945,39.599998474121094,37.599998474121094,38.79999923706055,19200
2006-08-30 00:00:00+00:00,28.653165817260742,38.0,39.5,37.5,39.150001525878906,21900
2006-08-31 00:00:00+00:00,28.80396270751953,38.20000076293945,39.349998474121094,37.20000076293945,39.099998474121094,21800
2006-09-01 00:00:00+00:00,30.23661994934082,40.099998474121094,40.150001525878906,38.150001525878906,38.150001525878906,36300
2006-09-04 00:00:00+00:00,29.935016632080078,39.70000076293945,41.95000076293945,39.599998474121094,41.95000076293945,25600
2006-09-05 00:00:00+00:00,29.030174255371094,38.5,40.70000076293945,38.45000076293945,40.0,19400
2006-09-06 00:00:00+00:00,29.5956974029541,39.25,39.5,38.54999923706055,39.5,29900
2006-09-07 00:00:00+00:00,29.74944496154785,38.70000076293945,39.29999923706055,38.04999923706055,38.5,30700
2006-09-08 00:00:00+00:00,30.018495559692383,39.04999923706055,40.29999923706055,38.70000076293945,39.0,34800
2006-09-11 00:00:00+00:00,29.249784469604492,38.04999923706055,40.75,38.04999923706055,40.75,25200
2006-09-12 00:00:00+00:00,29.096031188964844,37.849998474121094,39.95000076293945,37.20000076293945,38.54999923706055,23000
2006-09-13 00:00:00+00:00,29.711009979248047,38.650001525878906,38.849998474121094,37.70000076293945,38.54999923706055,28000
2006-09-14 00:00:00+00:00,28.980724334716797,37.70000076293945,38.95000076293945,37.5,38.04999923706055,21800
2006-09-15 00:00:00+00:00,28.55792999267578,37.150001525878906,38.400001525878906,36.599998474121094,38.0,26800
2006-09-18 00:00:00+00:00,29.01915740966797,37.75,38.400001525878906,37.20000076293945,38.20000076293945,29500
2006-09-19 00:00:00+00:00,29.403514862060547,38.25,39.29999923706055,37.79999923706055,38.099998474121094,22600
2006-09-20 00:00:00+00:00,29.13446807861328,37.900001525878906,39.400001525878906,37.5,39.400001525878906,26100
2006-09-21 00:00:00+00:00,29.711009979248047,38.650001525878906,39.25,38.0,38.099998474121094,30400
2006-09-22 00:00:00+00:00,29.01915740966797,37.75,39.75,37.150001525878906,39.0,33600
2006-09-25 00:00:00+00:00,29.096031188964844,37.849998474121094,38.70000076293945,37.5,38.04999923706055,24300
2006-09-26 00:00:00+00:00,28.4426212310791,37.0,38.25,36.599998474121094,38.099998474121094,26600
2006-09-27 00:00:00+00:00,28.673240661621094,37.29999923706055,38.400001525878906,36.75,38.349998474121094,29600
2006-09-28 00:00:00+00:00,29.980060577392578,39.0,39.20000076293945,36.75,38.150001525878906,33100
2006-09-29 00:00:00+00:00,31.479061126708984,40.95000076293945,40.95000076293945,40.54999923706055,40.95000076293945,24500
2006-10-03 00:00:00+00:00,33.05493927001953,43.0,43.0,42.150001525878906,42.650001525878906,6900
2006-10-04 00:00:00+00:00,32.97806930541992,42.900001525878906,45.0,41.25,45.0,37400
2006-10-05 00:00:00+00:00,32.97806930541992,42.900001525878906,43.349998474121094,41.79999923706055,43.29999923706055,23400
2006-10-06 00:00:00+00:00,32.36309051513672,42.099998474121094,44.45000076293945,42.0,44.45000076293945,23900
2006-10-09 00:00:00+00:00,32.785884857177734,42.650001525878906,44.099998474121094,41.45000076293945,44.099998474121094,37700
2006-10-10 00:00:00+00:00,32.05560302734375,41.70000076293945,43.95000076293945,41.5,42.25,27600
2006-10-11 00:00:00+00:00,31.17157554626465,40.54999923706055,43.900001525878906,40.5,43.900001525878906,27900
2006-10-12 00:00:00+00:00,31.210004806518555,40.599998474121094,43.150001525878906,40.150001525878906,43.150001525878906,29100
2006-10-13 00:00:00+00:00,30.787212371826172,40.04999923706055,41.54999923706055,39.599998474121094,41.25,31600
2006-10-16 00:00:00+00:00,29.5956974029541,38.5,42.75,38.099998474121094,42.75,23300
2006-10-17 00:00:00+00:00,29.326648712158203,38.150001525878906,39.79999923706055,37.150001525878906,38.5,21500
2006-10-18 00:00:00+00:00,30.441286087036133,39.599998474121094,41.0,38.0,41.0,24800
2006-10-19 00:00:00+00:00,30.51816177368164,39.70000076293945,41.0,39.150001525878906,39.54999923706055,18900
2006-10-20 00:00:00+00:00,29.941619873046875,38.95000076293945,40.400001525878906,38.29999923706055,40.400001525878906,19200
2006-10-23 00:00:00+00:00,29.980060577392578,39.0,40.0,38.54999923706055,39.099998474121094,13900
2006-10-26 00:00:00+00:00,29.518827438354492,38.400001525878906,40.0,37.95000076293945,38.0,19900
2006-10-27 00:00:00+00:00,29.711009979248047,38.650001525878906,39.79999923706055,38.29999923706055,39.099998474121094,25600
2006-10-30 00:00:00+00:00,32.70901107788086,42.54999923706055,42.54999923706055,38.150001525878906,39.650001525878906,32800
2006-10-31 00:00:00+00:00,32.5168342590332,42.29999923706055,44.79999923706055,42.0,44.75,39100
2006-11-01 00:00:00+00:00,31.286882400512695,40.70000076293945,44.0,40.5,44.0,25900
2006-11-02 00:00:00+00:00,31.325319290161133,40.75,42.099998474121094,40.5,41.099998474121094,28400
2006-11-03 00:00:00+00:00,30.940956115722656,40.25,41.150001525878906,40.099998474121094,41.0,30600
2006-11-06 00:00:00+00:00,31.133136749267578,40.5,41.79999923706055,40.0,41.150001525878906,28200
2006-11-07 00:00:00+00:00,30.018495559692383,39.04999923706055,41.20000076293945,38.79999923706055,40.599998474121094,27900
2006-11-08 00:00:00+00:00,29.634132385253906,38.54999923706055,40.25,38.25,40.20000076293945,26000
2006-11-09 00:00:00+00:00,29.403514862060547,38.25,40.0,38.099998474121094,39.099998474121094,30800
2006-11-10 00:00:00+00:00,30.1722354888916,39.25,39.75,38.79999923706055,39.099998474121094,21600
2006-11-13 00:00:00+00:00,30.748775482177734,40.0,41.20000076293945,38.29999923706055,38.5,29900
2006-11-14 00:00:00+00:00,30.633472442626953,39.849998474121094,42.0,38.599998474121094,40.54999923706055,40600
2006-11-15 00:00:00+00:00,29.864749908447266,38.849998474121094,41.349998474121094,38.70000076293945,40.04999923706055,22000
2006-11-16 00:00:00+00:00,29.672571182250977,38.599998474121094,39.54999923706055,38.5,39.150001525878906,25000
2006-11-17 00:00:00+00:00,29.365081787109375,38.20000076293945,39.150001525878906,37.5,39.04999923706055,25700
2006-11-20 00:00:00+00:00,28.673240661621094,37.29999923706055,38.54999923706055,35.599998474121094,38.5,29100
2006-11-21 00:00:00+00:00,30.095369338989258,39.150001525878906,40.0,38.20000076293945,38.54999923706055,26600
2006-11-22 00:00:00+00:00,28.711673736572266,37.349998474121094,39.75,37.099998474121094,39.75,31600
2006-11-23 00:00:00+00:00,29.211339950561523,38.0,38.54999923706055,37.5,38.5,23100
2006-11-24 00:00:00+00:00,28.980724334716797,37.70000076293945,39.5,37.099998474121094,39.5,27400
2006-11-27 00:00:00+00:00,28.48105239868164,37.04999923706055,39.099998474121094,36.900001525878906,38.150001525878906,23800
2006-11-28 00:00:00+00:00,28.711673736572266,37.349998474121094,38.400001525878906,37.0,37.54999923706055,28800
2006-11-29 00:00:00+00:00,31.59436798095703,41.099998474121094,41.099998474121094,38.95000076293945,38.95000076293945,15700
2006-11-30 00:00:00+00:00,33.55460739135742,43.650001525878906,45.25,43.0,44.79999923706055,52900
2006-12-01 00:00:00+00:00,35.553279876708984,46.25,47.0,41.79999923706055,43.75,77200
2006-12-04 00:00:00+00:00,33.785221099853516,43.95000076293945,48.20000076293945,43.95000076293945,46.95000076293945,29500
2006-12-05 00:00:00+00:00,33.439292907714844,43.5,46.0,43.0,44.04999923706055,25600
2006-12-06 00:00:00+00:00,32.05560302734375,41.70000076293945,44.04999923706055,41.349998474121094,44.04999923706055,19500
2006-12-07 00:00:00+00:00,31.517498016357422,41.0,42.54999923706055,40.400001525878906,42.54999923706055,22900
2006-12-08 00:00:00+00:00,31.479061126708984,40.95000076293945,41.599998474121094,40.54999923706055,41.54999923706055,27100
2006-12-11 00:00:00+00:00,30.59503936767578,39.79999923706055,43.0,39.349998474121094,41.0,24600
2006-12-12 00:00:00+00:00,29.096031188964844,37.849998474121094,40.04999923706055,37.849998474121094,40.0,26500
2006-12-13 00:00:00+00:00,28.86541175842285,37.54999923706055,38.849998474121094,36.25,38.0,23300
2006-12-14 00:00:00+00:00,29.634132385253906,38.54999923706055,38.95000076293945,37.099998474121094,37.150001525878906,25200
2006-12-15 00:00:00+00:00,29.787879943847656,38.75,40.5,38.54999923706055,40.349998474121094,19100
2006-12-18 00:00:00+00:00,29.403514862060547,38.25,39.349998474121094,38.04999923706055,39.04999923706055,19600
2006-12-19 00:00:00+00:00,29.211339950561523,38.0,39.349998474121094,37.75,38.150001525878906,24900
2006-12-20 00:00:00+00:00,29.096031188964844,37.849998474121094,39.54999923706055,37.70000076293945,38.54999923706055,24000
2006-12-21 00:00:00+00:00,29.441953659057617,38.29999923706055,38.75,37.849998474121094,38.5,28300
2006-12-22 00:00:00+00:00,29.787879943847656,38.75,39.20000076293945,37.849998474121094,38.29999923706055,28900
2006-12-26 00:00:00+00:00,29.864749908447266,38.849998474121094,39.45000076293945,38.70000076293945,38.70000076293945,24200
2006-12-27 00:00:00+00:00,30.1722354888916,39.25,39.5,38.04999923706055,39.5,25100
2006-12-28 00:00:00+00:00,29.634132385253906,38.54999923706055,39.5,38.20000076293945,38.5,30000
2006-12-29 00:00:00+00:00,29.249784469604492,38.04999923706055,38.849998474121094,37.95000076293945,38.650001525878906,27800
2007-01-02 00:00:00+00:00,29.557266235351562,38.45000076293945,39.0,38.20000076293945,38.20000076293945,37400
2007-01-03 00:00:00+00:00,29.90318489074707,38.900001525878906,39.400001525878906,38.29999923706055,38.599998474121094,30600
2007-01-04 00:00:00+00:00,29.557266235351562,38.45000076293945,38.95000076293945,38.25,38.95000076293945,32800
2007-01-05 00:00:00+00:00,30.018495559692383,39.04999923706055,39.75,38.349998474121094,38.400001525878906,36100
2007-01-08 00:00:00+00:00,31.402189254760742,40.849998474121094,41.0,39.5,39.5,46400
2007-01-09 00:00:00+00:00,30.479726791381836,39.650001525878906,41.5,39.599998474121094,41.25,43800
2007-01-10 00:00:00+00:00,30.364423751831055,39.5,40.29999923706055,39.0,39.849998474121094,38800
2007-01-11 00:00:00+00:00,30.24911117553711,39.349998474121094,40.099998474121094,38.900001525878906,40.0,35700
2007-01-12 00:00:00+00:00,30.441286087036133,39.599998474121094,40.599998474121094,39.29999923706055,39.5,38400
2007-01-15 00:00:00+00:00,30.710344314575195,39.95000076293945,40.25,38.599998474121094,39.95000076293945,32600
2007-01-16 00:00:00+00:00,30.787212371826172,40.04999923706055,40.849998474121094,39.099998474121094,39.400001525878906,38500
2007-01-17 00:00:00+00:00,31.09470558166504,40.45000076293945,41.5,39.29999923706055,39.29999923706055,36446
2007-01-18 00:00:00+00:00,30.59503936767578,39.79999923706055,42.5,39.0,40.54999923706055,50845
2007-01-19 00:00:00+00:00,30.287548065185547,39.400001525878906,40.0,39.400001525878906,40.0,1400
2007-01-22 00:00:00+00:00,29.787879943847656,38.75,40.5,38.099998474121094,40.5,3800
2007-01-23 00:00:00+00:00,29.480390548706055,38.349998474121094,39.400001525878906,38.150001525878906,38.54999923706055,4280
2007-01-24 00:00:00+00:00,29.74944496154785,38.70000076293945,39.400001525878906,38.04999923706055,38.04999923706055,1700
2007-01-25 00:00:00+00:00,29.941619873046875,38.95000076293945,39.599998474121094,38.5,38.5,1957
2007-01-29 00:00:00+00:00,29.90318489074707,38.900001525878906,40.400001525878906,38.5,39.0,2900
2007-01-31 00:00:00+00:00,29.557266235351562,38.45000076293945,39.25,38.04999923706055,38.099998474121094,2869
2007-02-01 00:00:00+00:00,28.86541175842285,37.54999923706055,38.75,37.54999923706055,38.70000076293945,1700
2007-02-02 00:00:00+00:00,29.326648712158203,38.150001525878906,38.95000076293945,37.5,37.650001525878906,5400
2007-02-05 00:00:00+00:00,28.519489288330078,37.099998474121094,38.0,36.79999923706055,36.79999923706055,3200
2007-02-06 00:00:00+00:00,28.596363067626953,37.20000076293945,38.29999923706055,37.099998474121094,38.29999923706055,1700
2007-02-07 00:00:00+00:00,29.05759620666504,37.79999923706055,39.0,37.5,38.5,1800
2007-02-08 00:00:00+00:00,29.441953659057617,38.29999923706055,38.400001525878906,37.29999923706055,37.29999923706055,7500
2007-02-09 00:00:00+00:00,28.36574935913086,36.900001525878906,37.70000076293945,36.45000076293945,37.70000076293945,4100
2007-02-12 00:00:00+00:00,26.943614959716797,35.04999923706055,36.04999923706055,35.0,36.04999923706055,3800
2007-02-13 00:00:00+00:00,26.789873123168945,34.849998474121094,35.95000076293945,34.5,34.5,600
2007-02-14 00:00:00+00:00,27.289541244506836,35.5,35.599998474121094,35.0,35.0,1074
2007-02-15 00:00:00+00:00,28.096696853637695,36.54999923706055,36.599998474121094,34.20000076293945,34.20000076293945,1393
2007-02-19 00:00:00+00:00,28.212005615234375,36.70000076293945,37.0,35.79999923706055,36.5,900
2007-02-20 00:00:00+00:00,27.712337493896484,36.04999923706055,36.45000076293945,35.349998474121094,35.349998474121094,1000
2007-02-21 00:00:00+00:00,25.86741065979004,33.650001525878906,35.5,33.400001525878906,35.29999923706055,6700
2007-02-22 00:00:00+00:00,27.02049446105957,35.150001525878906,36.0,34.0,34.5,6600
2007-02-23 00:00:00+00:00,25.290874481201172,32.900001525878906,33.650001525878906,32.45000076293945,33.5,6900
2007-02-26 00:00:00+00:00,25.905845642089844,33.70000076293945,34.150001525878906,33.5,34.099998474121094,1500
2007-02-27 00:00:00+00:00,25.8289737701416,33.599998474121094,34.29999923706055,33.150001525878906,33.150001525878906,3000
2007-02-28 00:00:00+00:00,25.483051300048828,33.150001525878906,34.5,30.299999237060547,30.299999237060547,3100
2007-03-01 00:00:00+00:00,24.791202545166016,32.25,32.79999923706055,31.75,32.20000076293945,3700
2007-03-02 00:00:00+00:00,23.907176971435547,31.100000381469727,33.0,30.200000762939453,32.0,5100
2007-03-05 00:00:00+00:00,22.408172607421875,29.149999618530273,30.0,28.600000381469727,30.0,1970
2007-03-06 00:00:00+00:00,22.754093170166016,29.600000381469727,30.75,29.0,30.75,2800
2007-03-07 00:00:00+00:00,20.986040115356445,27.299999237060547,30.399999618530273,27.25,29.5,2850
2007-03-08 00:00:00+00:00,22.369733810424805,29.100000381469727,29.100000381469727,27.0,28.0,2500
2007-03-09 00:00:00+00:00,22.60035514831543,29.399999618530273,29.399999618530273,28.649999618530273,29.100000381469727,1300
2007-03-12 00:00:00+00:00,22.17755699157715,28.850000381469727,29.700000762939453,28.299999237060547,28.350000381469727,1300
2007-03-13 00:00:00+00:00,21.63945198059082,28.149999618530273,29.149999618530273,27.75,29.049999237060547,33100
2007-03-14 00:00:00+00:00,21.178220748901367,27.549999237060547,30.75,27.5,28.5,5235
2007-03-15 00:00:00+00:00,21.25509262084961,27.649999618530273,28.25,27.0,28.149999618530273,1600
2007-03-16 00:00:00+00:00,20.832294464111328,27.100000381469727,28.350000381469727,26.5,28.350000381469727,2200
2007-03-19 00:00:00+00:00,21.331968307495117,27.75,27.75,26.5,26.75,2700
2007-03-20 00:00:00+00:00,21.52414321899414,28.0,28.399999618530273,27.649999618530273,28.0,3900
2007-03-21 00:00:00+00:00,20.986040115356445,27.299999237060547,28.0,27.299999237060547,28.0,560
2007-03-22 00:00:00+00:00,21.024477005004883,27.350000381469727,28.399999618530273,27.049999237060547,28.350000381469727,3300
2007-03-23 00:00:00+00:00,20.755420684814453,27.0,27.25,26.0,27.100000381469727,16700
2007-03-26 00:00:00+00:00,19.333293914794922,25.149999618530273,27.450000762939453,25.0,27.450000762939453,27000
2007-03-28 00:00:00+00:00,18.948932647705078,24.649999618530273,25.5,24.0,25.0,10600
2007-03-29 00:00:00+00:00,19.794523239135742,25.75,25.899999618530273,23.549999237060547,23.600000381469727,9500
2007-03-30 00:00:00+00:00,19.717655181884766,25.649999618530273,26.200000762939453,25.200000762939453,25.600000381469727,9230
2007-04-02 00:00:00+00:00,20.255760192871094,26.350000381469727,26.600000381469727,25.899999618530273,25.899999618530273,3300
2007-04-03 00:00:00+00:00,20.217323303222656,26.299999237060547,26.950000762939453,25.549999237060547,26.0,4650
2007-04-04 00:00:00+00:00,20.447935104370117,26.600000381469727,26.899999618530273,26.25,26.899999618530273,3200
2007-04-05 00:00:00+00:00,21.101348876953125,27.450000762939453,27.5,26.5,26.5,3659
2007-04-09 00:00:00+00:00,20.832294464111328,27.100000381469727,27.450000762939453,26.549999237060547,26.549999237060547,10582
2007-04-10 00:00:00+00:00,21.447275161743164,27.899999618530273,28.0,27.200000762939453,27.200000762939453,8400
2007-04-11 00:00:00+00:00,22.06224822998047,28.700000762939453,28.799999237060547,28.0,28.0,3444
2007-04-12 00:00:00+00:00,22.06224822998047,28.700000762939453,28.850000381469727,28.0,28.5,2000
2007-04-13 00:00:00+00:00,21.985374450683594,28.600000381469727,29.75,28.149999618530273,29.350000381469727,3400
2007-04-16 00:00:00+00:00,22.292865753173828,29.0,29.399999618530273,28.100000381469727,28.100000381469727,1500
2007-04-17 00:00:00+00:00,22.292865753173828,29.0,29.350000381469727,28.5,28.5,633
2007-04-18 00:00:00+00:00,21.985374450683594,28.600000381469727,29.399999618530273,28.399999618530273,29.399999618530273,1686
2007-04-19 00:00:00+00:00,22.254426956176758,28.950000762939453,29.0,28.799999237060547,28.950000762939453,365
2007-04-20 00:00:00+00:00,21.985374450683594,28.600000381469727,29.25,28.350000381469727,28.350000381469727,1491
2007-04-23 00:00:00+00:00,24.214662551879883,31.5,31.5,28.149999618530273,28.200000762939453,14400
2007-04-24 00:00:00+00:00,25.175559997558594,32.75,34.45000076293945,32.0,33.70000076293945,22500
2007-04-25 00:00:00+00:00,25.36774253845215,33.0,34.5,32.29999923706055,34.5,10600
2007-04-26 00:00:00+00:00,24.329971313476562,31.649999618530273,33.0,31.100000381469727,32.70000076293945,9300
2007-04-27 00:00:00+00:00,22.830970764160156,29.700000762939453,30.549999237060547,29.100000381469727,30.549999237060547,8900
2007-04-30 00:00:00+00:00,23.330636978149414,30.350000381469727,30.450000762939453,29.0,29.5,1500
2007-05-03 00:00:00+00:00,22.830970764160156,29.700000762939453,30.0,29.25,29.700000762939453,2300
2007-05-04 00:00:00+00:00,22.56191635131836,29.350000381469727,30.450000762939453,28.75,28.75,5400
2007-05-07 00:00:00+00:00,22.715660095214844,29.549999237060547,30.100000381469727,29.549999237060547,29.600000381469727,1900
2007-05-08 00:00:00+00:00,22.02381134033203,28.649999618530273,30.5,27.600000381469727,30.5,5400
2007-05-09 00:00:00+00:00,21.101348876953125,27.450000762939453,28.700000762939453,25.850000381469727,28.649999618530273,5700
2007-05-10 00:00:00+00:00,21.677888870239258,28.200000762939453,28.850000381469727,27.899999618530273,28.850000381469727,4500
2007-05-11 00:00:00+00:00,22.13912010192871,28.799999237060547,30.899999618530273,28.0,30.899999618530273,2800
2007-05-14 00:00:00+00:00,21.793195724487305,28.350000381469727,28.799999237060547,28.200000762939453,28.25,1000
2007-05-15 00:00:00+00:00,21.63945198059082,28.149999618530273,30.799999237060547,28.0,30.799999237060547,1900
2007-05-16 00:00:00+00:00,21.908506393432617,28.5,28.600000381469727,27.899999618530273,27.950000762939453,1576
2007-05-17 00:00:00+00:00,21.94693946838379,28.549999237060547,29.0,28.299999237060547,28.549999237060547,1070
2007-05-18 00:00:00+00:00,21.40884017944336,27.850000381469727,28.899999618530273,27.100000381469727,28.5,6300
2007-05-21 00:00:00+00:00,21.677888870239258,28.200000762939453,28.549999237060547,27.399999618530273,27.950000762939453,14700
2007-05-22 00:00:00+00:00,21.793195724487305,28.350000381469727,28.75,27.25,27.25,2600
2007-05-23 00:00:00+00:00,21.331968307495117,27.75,28.549999237060547,27.5,28.0,1400
2007-05-24 00:00:00+00:00,21.48571014404297,27.950000762939453,27.950000762939453,27.299999237060547,27.299999237060547,1900
2007-05-25 00:00:00+00:00,21.52414321899414,28.0,28.5,27.149999618530273,28.5,572
2007-05-28 00:00:00+00:00,21.178220748901367,27.549999237060547,28.600000381469727,26.850000381469727,26.850000381469727,3800
2007-05-29 00:00:00+00:00,21.40884017944336,27.850000381469727,27.899999618530273,26.600000381469727,27.399999618530273,3400
2007-05-30 00:00:00+00:00,20.793859481811523,27.049999237060547,27.950000762939453,26.700000762939453,27.950000762939453,11300
2007-05-31 00:00:00+00:00,20.793859481811523,27.049999237060547,27.600000381469727,27.0,27.100000381469727,2800
2007-06-01 00:00:00+00:00,21.48571014404297,27.950000762939453,28.0,27.350000381469727,27.549999237060547,2346
2007-06-04 00:00:00+00:00,22.13912010192871,28.799999237060547,29.299999237060547,27.75,27.950000762939453,6700
2007-06-05 00:00:00+00:00,22.6387882232666,29.450000762939453,31.700000762939453,28.149999618530273,29.5,47300
2007-06-06 00:00:00+00:00,21.793195724487305,28.350000381469727,30.200000762939453,28.299999237060547,30.049999237060547,18100
2007-06-07 00:00:00+00:00,21.870073318481445,28.450000762939453,28.649999618530273,27.600000381469727,28.399999618530273,12500
2007-06-08 00:00:00+00:00,21.48571014404297,27.950000762939453,28.850000381469727,27.200000762939453,28.850000381469727,3300
2007-06-11 00:00:00+00:00,21.52414321899414,28.0,28.0,27.5,27.5,848
2007-06-12 00:00:00+00:00,21.178220748901367,27.549999237060547,27.549999237060547,27.200000762939453,27.549999237060547,151
2007-06-13 00:00:00+00:00,20.870731353759766,27.149999618530273,28.0,27.100000381469727,28.0,1100
2007-06-14 00:00:00+00:00,21.13978385925293,27.5,27.5,27.200000762939453,27.25,1100
2007-06-15 00:00:00+00:00,20.90917205810547,27.200000762939453,27.700000762939453,27.100000381469727,27.100000381469727,4100
2007-06-18 00:00:00+00:00,20.793859481811523,27.049999237060547,27.450000762939453,26.700000762939453,26.899999618530273,2300
2007-06-19 00:00:00+00:00,21.178220748901367,27.549999237060547,27.649999618530273,26.850000381469727,27.649999618530273,1200
2007-06-20 00:00:00+00:00,21.293527603149414,27.700000762939453,27.75,27.0,27.0,1600
2007-06-21 00:00:00+00:00,21.48571014404297,27.950000762939453,28.100000381469727,27.25,27.5,1161
2007-06-22 00:00:00+00:00,21.216657638549805,27.600000381469727,29.399999618530273,27.049999237060547,29.399999618530273,3800
2007-06-25 00:00:00+00:00,22.215991973876953,28.899999618530273,29.200000762939453,27.399999618530273,27.950000762939453,5100
2007-06-26 00:00:00+00:00,22.44660758972168,29.200000762939453,29.5,28.25,29.450000762939453,4000
2007-06-27 00:00:00+00:00,22.17755699157715,28.850000381469727,29.799999237060547,28.600000381469727,29.799999237060547,1600
2007-06-28 00:00:00+00:00,22.331302642822266,29.049999237060547,29.5,28.149999618530273,28.200000762939453,1300
2007-06-29 00:00:00+00:00,22.44660758972168,29.200000762939453,30.0,27.75,28.25,13800
2007-07-02 00:00:00+00:00,22.485042572021484,29.25,30.399999618530273,27.0,28.700000762939453,6800
2007-07-03 00:00:00+00:00,21.677888870239258,28.200000762939453,29.850000381469727,27.850000381469727,29.850000381469727,14800
2007-07-04 00:00:00+00:00,21.40884017944336,27.850000381469727,28.450000762939453,27.649999618530273,28.450000762939453,1400
2007-07-05 00:00:00+00:00,20.48637580871582,26.649999618530273,28.200000762939453,26.25,27.549999237060547,8000
2007-07-06 00:00:00+00:00,20.94760513305664,27.25,27.649999618530273,26.649999618530273,26.649999618530273,4000
2007-07-09 00:00:00+00:00,21.40884017944336,27.850000381469727,28.5,27.0,27.100000381469727,3800
2007-07-10 00:00:00+00:00,21.63945198059082,28.149999618530273,28.5,27.299999237060547,28.0,4200
2007-07-11 00:00:00+00:00,22.02381134033203,28.649999618530273,29.350000381469727,27.100000381469727,29.350000381469727,1900
2007-07-12 00:00:00+00:00,21.94693946838379,28.549999237060547,29.100000381469727,28.149999618530273,29.100000381469727,4200
2007-07-13 00:00:00+00:00,21.793195724487305,28.350000381469727,29.450000762939453,28.0,28.0,3800
2007-07-16 00:00:00+00:00,21.754762649536133,28.299999237060547,29.049999237060547,27.149999618530273,28.0,600
2007-07-17 00:00:00+00:00,21.13978385925293,27.5,28.75,27.5,28.100000381469727,865
2007-07-18 00:00:00+00:00,21.37040138244629,27.799999237060547,28.200000762939453,27.5,27.5,600
2007-07-19 00:00:00+00:00,21.677888870239258,28.200000762939453,28.200000762939453,27.600000381469727,27.950000762939453,599
2007-07-20 00:00:00+00:00,21.06291389465332,27.399999618530273,27.950000762939453,27.100000381469727,27.950000762939453,2500
2007-07-23 00:00:00+00:00,21.40884017944336,27.850000381469727,28.950000762939453,27.0,28.950000762939453,1100
2007-07-24 00:00:00+00:00,20.870731353759766,27.149999618530273,28.450000762939453,27.100000381469727,28.450000762939453,700
2007-07-25 00:00:00+00:00,20.755420684814453,27.0,27.5,26.5,26.649999618530273,1063
2007-07-26 00:00:00+00:00,20.56324577331543,26.75,26.950000762939453,26.25,26.25,4700
2007-07-27 00:00:00+00:00,19.98670768737793,26.0,26.799999237060547,25.549999237060547,26.799999237060547,3800
2007-07-30 00:00:00+00:00,19.87139892578125,25.850000381469727,26.799999237060547,25.850000381469727,26.0,2000
2007-07-31 00:00:00+00:00,20.332630157470703,26.450000762939453,27.0,26.0,27.0,1300
2007-08-01 00:00:00+00:00,19.94826889038086,25.950000762939453,27.049999237060547,25.850000381469727,26.0,1385
2007-08-02 00:00:00+00:00,20.48637580871582,26.649999618530273,27.299999237060547,24.75,25.75,3700
2007-08-03 00:00:00+00:00,20.755420684814453,27.0,28.399999618530273,26.350000381469727,27.350000381469727,3897
2007-08-06 00:00:00+00:00,20.217323303222656,26.299999237060547,27.0,26.049999237060547,26.149999618530273,775
2007-08-07 00:00:00+00:00,20.90917205810547,27.200000762939453,27.649999618530273,26.25,26.299999237060547,1196
2007-08-08 00:00:00+00:00,20.640119552612305,26.850000381469727,27.700000762939453,26.600000381469727,27.100000381469727,2400
2007-08-09 00:00:00+00:00,20.755420684814453,27.0,28.200000762939453,26.799999237060547,27.5,3300
2007-08-10 00:00:00+00:00,20.94760513305664,27.25,27.299999237060547,26.5,27.0,1500
2007-08-13 00:00:00+00:00,20.94760513305664,27.25,27.350000381469727,27.25,27.299999237060547,875
2007-08-14 00:00:00+00:00,21.06291389465332,27.399999618530273,28.25,27.100000381469727,28.25,1695
2007-08-16 00:00:00+00:00,20.524810791015625,26.700000762939453,27.450000762939453,26.299999237060547,27.0,1270
2007-08-17 00:00:00+00:00,20.832294464111328,27.100000381469727,27.5,26.200000762939453,26.200000762939453,2107
2007-08-20 00:00:00+00:00,20.294193267822266,26.399999618530273,27.799999237060547,26.200000762939453,27.799999237060547,800
2007-08-21 00:00:00+00:00,19.64078140258789,25.549999237060547,27.549999237060547,25.549999237060547,27.549999237060547,4000
2007-08-22 00:00:00+00:00,19.83296012878418,25.799999237060547,26.149999618530273,24.5,25.549999237060547,2492
2007-08-23 00:00:00+00:00,19.98670768737793,26.0,26.149999618530273,25.600000381469727,25.75,416
2007-08-24 00:00:00+00:00,19.909832000732422,25.899999618530273,26.549999237060547,24.450000762939453,24.450000762939453,1117
2007-08-27 00:00:00+00:00,19.756088256835938,25.700000762939453,25.950000762939453,24.850000381469727,24.850000381469727,600
2007-08-28 00:00:00+00:00,19.679218292236328,25.600000381469727,26.149999618530273,25.049999237060547,25.100000381469727,779
2007-08-29 00:00:00+00:00,19.98670768737793,26.0,26.75,25.450000762939453,25.450000762939453,550
2007-08-30 00:00:00+00:00,20.48637580871582,26.649999618530273,27.0,26.049999237060547,27.0,3175
2007-08-31 00:00:00+00:00,21.52414321899414,28.0,28.5,27.0,27.0,9800
2007-09-03 00:00:00+00:00,22.17755699157715,28.850000381469727,28.850000381469727,28.25,28.5,2900
2007-09-04 00:00:00+00:00,22.984710693359375,29.899999618530273,30.5,28.649999618530273,28.850000381469727,9213
2007-09-05 00:00:00+00:00,23.253759384155273,30.25,30.600000381469727,29.350000381469727,29.350000381469727,2347
2007-09-06 00:00:00+00:00,23.407508850097656,30.450000762939453,30.649999618530273,29.5,29.899999618530273,8481
2007-09-07 00:00:00+00:00,23.840978622436523,30.25,30.450000762939453,29.5,30.100000381469727,6901
2007-09-10 00:00:00+00:00,24.668519973754883,31.299999237060547,31.399999618530273,25.799999237060547,25.799999237060547,7100
2007-09-11 00:00:00+00:00,27.426984786987305,34.79999923706055,35.45000076293945,31.450000762939453,31.5,38700
2007-09-12 00:00:00+00:00,27.466384887695312,34.849998474121094,37.849998474121094,34.099998474121094,37.849998474121094,20120
2007-09-13 00:00:00+00:00,27.50579261779785,34.900001525878906,37.5,32.099998474121094,34.0,18002
2007-09-14 00:00:00+00:00,26.323598861694336,33.400001525878906,35.25,33.150001525878906,35.25,5713
2007-09-17 00:00:00+00:00,26.835878372192383,34.04999923706055,35.400001525878906,33.20000076293945,35.29999923706055,10573
2007-09-18 00:00:00+00:00,27.032909393310547,34.29999923706055,34.70000076293945,33.25,33.5,6925
2007-09-19 00:00:00+00:00,25.73249626159668,32.650001525878906,34.95000076293945,31.100000381469727,34.0,11900
2007-09-20 00:00:00+00:00,25.45665168762207,32.29999923706055,34.20000076293945,28.75,28.75,3500
2007-09-21 00:00:00+00:00,25.968936920166016,32.95000076293945,33.20000076293945,32.04999923706055,33.0,3000
2007-09-24 00:00:00+00:00,26.796470642089844,34.0,34.95000076293945,33.150001525878906,34.900001525878906,10700
2007-09-25 00:00:00+00:00,25.77190399169922,32.70000076293945,34.70000076293945,32.599998474121094,34.70000076293945,3000
2007-09-26 00:00:00+00:00,26.59943962097168,33.75,34.400001525878906,32.5,32.5,4400
2007-09-27 00:00:00+00:00,26.402408599853516,33.5,34.900001525878906,32.650001525878906,34.20000076293945,4596
2007-09-28 00:00:00+00:00,25.496055603027344,32.349998474121094,33.650001525878906,30.200000762939453,32.54999923706055,5703
2007-10-01 00:00:00+00:00,25.496055603027344,32.349998474121094,34.0,32.25,33.75,5100
2007-10-03 00:00:00+00:00,24.7867374420166,31.450000762939453,32.599998474121094,31.049999237060547,32.599998474121094,2725
2007-10-04 00:00:00+00:00,24.629108428955078,31.25,31.899999618530273,30.299999237060547,30.299999237060547,1199
2007-10-05 00:00:00+00:00,24.077417373657227,30.549999237060547,32.599998474121094,30.399999618530273,30.75,3100
2007-10-08 00:00:00+00:00,22.658781051635742,28.75,31.0,26.700000762939453,26.700000762939453,1203
2007-10-09 00:00:00+00:00,22.8164119720459,28.950000762939453,30.399999618530273,27.200000762939453,28.25,1884
2007-10-10 00:00:00+00:00,23.643945693969727,30.0,32.20000076293945,28.25,30.0,4400
2007-10-11 00:00:00+00:00,23.525726318359375,29.850000381469727,31.5,28.5,31.5,1400
2007-10-12 00:00:00+00:00,22.501155853271484,28.549999237060547,29.700000762939453,26.5,29.100000381469727,4200
2007-10-15 00:00:00+00:00,22.658781051635742,28.75,31.600000381469727,28.100000381469727,28.100000381469727,4247
2007-10-16 00:00:00+00:00,22.26471710205078,28.25,28.5,27.0,28.350000381469727,7555
2007-10-17 00:00:00+00:00,21.27954864501953,27.0,28.0,26.5,27.149999618530273,3324
2007-10-18 00:00:00+00:00,21.949464797973633,27.850000381469727,28.5,27.299999237060547,27.350000381469727,4193
2007-10-19 00:00:00+00:00,20.96430015563965,26.600000381469727,27.5,26.0,26.549999237060547,3550
2007-10-22 00:00:00+00:00,21.791837692260742,27.649999618530273,28.350000381469727,26.200000762939453,28.350000381469727,1800
2007-10-23 00:00:00+00:00,21.791837692260742,27.649999618530273,28.799999237060547,26.649999618530273,26.649999618530273,4721
2007-10-24 00:00:00+00:00,21.476585388183594,27.25,27.399999618530273,27.200000762939453,27.399999618530273,2800
2007-10-25 00:00:00+00:00,21.39777183532715,27.149999618530273,27.149999618530273,27.100000381469727,27.100000381469727,300
2007-10-26 00:00:00+00:00,21.949464797973633,27.850000381469727,28.0,27.200000762939453,27.75,5529
2007-10-29 00:00:00+00:00,21.27954864501953,27.0,28.5,26.799999237060547,28.5,8780
2007-10-30 00:00:00+00:00,21.358360290527344,27.100000381469727,29.100000381469727,25.100000381469727,29.100000381469727,3700
2007-10-31 00:00:00+00:00,21.200740814208984,26.899999618530273,28.0,23.100000381469727,27.5,13191
2007-11-01 00:00:00+00:00,22.382938385009766,28.399999618530273,29.5,27.700000762939453,28.5,12131
2007-11-02 00:00:00+00:00,22.658781051635742,28.75,28.899999618530273,23.149999618530273,28.0,8600
2007-11-05 00:00:00+00:00,23.407508850097656,29.700000762939453,30.0,28.600000381469727,29.200000762939453,6514
2007-11-06 00:00:00+00:00,22.855815887451172,29.0,32.0,28.850000381469727,29.5,4915
2007-11-07 00:00:00+00:00,22.06768035888672,28.0,29.5,27.700000762939453,29.5,1805
2007-11-08 00:00:00+00:00,21.83124542236328,27.700000762939453,29.200000762939453,27.5,27.75,1102
2007-11-12 00:00:00+00:00,22.698190689086914,28.799999237060547,29.299999237060547,27.600000381469727,27.600000381469727,4556
2007-11-13 00:00:00+00:00,22.225309371948242,28.200000762939453,34.0,25.649999618530273,25.649999618530273,4000
2007-11-14 00:00:00+00:00,22.185903549194336,28.149999618530273,29.75,26.5,26.5,9791
2007-11-15 00:00:00+00:00,23.565134048461914,29.899999618530273,31.5,28.0,28.0,5100
2007-11-16 00:00:00+00:00,27.978670120239258,35.5,35.900001525878906,29.549999237060547,30.0,37074
2007-11-19 00:00:00+00:00,30.264249801635742,38.400001525878906,41.0,37.099998474121094,40.150001525878906,59600
2007-11-20 00:00:00+00:00,28.333328247070312,35.95000076293945,37.04999923706055,33.599998474121094,37.04999923706055,11800
2007-11-21 00:00:00+00:00,26.008342742919922,33.0,37.54999923706055,32.5,36.5,23000
2007-11-22 00:00:00+00:00,24.94436264038086,31.649999618530273,34.849998474121094,30.700000762939453,33.0,3700
2007-11-23 00:00:00+00:00,26.008342742919922,33.0,36.0,32.04999923706055,36.0,17153
2007-11-26 00:00:00+00:00,26.16596794128418,33.20000076293945,34.0,31.049999237060547,33.400001525878906,6800
2007-11-27 00:00:00+00:00,25.92953109741211,32.900001525878906,34.0,30.149999618530273,30.149999618530273,2400
2007-11-28 00:00:00+00:00,25.653684616088867,32.54999923706055,34.099998474121094,32.5,33.0,3658
2007-11-29 00:00:00+00:00,25.614273071289062,32.5,33.54999923706055,32.099998474121094,32.400001525878906,7117
2007-11-30 00:00:00+00:00,25.614273071289062,32.5,35.0,30.5,30.5,4884
2007-12-03 00:00:00+00:00,25.574871063232422,32.45000076293945,34.29999923706055,32.29999923706055,34.29999923706055,9992
2007-12-04 00:00:00+00:00,25.614273071289062,32.5,33.45000076293945,31.549999237060547,32.5,2900
2007-12-05 00:00:00+00:00,26.875288009643555,34.099998474121094,34.900001525878906,31.700000762939453,31.700000762939453,7741
2007-12-06 00:00:00+00:00,27.978670120239258,35.5,37.5,34.0,34.0,16700
2007-12-07 00:00:00+00:00,27.978670120239258,35.5,37.20000076293945,34.29999923706055,37.20000076293945,7664
2007-12-10 00:00:00+00:00,27.821041107177734,35.29999923706055,35.5,32.75,32.75,7806
2007-12-11 00:00:00+00:00,26.875288009643555,34.099998474121094,35.75,33.95000076293945,34.54999923706055,11040
2007-12-12 00:00:00+00:00,30.224842071533203,38.349998474121094,39.5,33.400001525878906,33.400001525878906,20273
2007-12-13 00:00:00+00:00,29.712560653686523,37.70000076293945,40.25,35.5,38.0,14700
2007-12-14 00:00:00+00:00,35.22947692871094,44.70000076293945,44.79999923706055,35.0,35.0,102800
2007-12-17 00:00:00+00:00,31.13119888305664,39.5,47.900001525878906,36.20000076293945,43.70000076293945,75500
2007-12-18 00:00:00+00:00,31.2888240814209,39.70000076293945,42.0,37.5,39.099998474121094,16500
2007-12-19 00:00:00+00:00,35.11125183105469,44.54999923706055,47.70000076293945,41.0,41.0,168380
2007-12-20 00:00:00+00:00,34.55956268310547,43.849998474121094,48.5,42.20000076293945,47.400001525878906,99319
2007-12-24 00:00:00+00:00,33.57440185546875,42.599998474121094,45.45000076293945,41.54999923706055,45.400001525878906,14898
2007-12-26 00:00:00+00:00,33.4561767578125,42.45000076293945,45.0,40.650001525878906,44.0,36524
2007-12-27 00:00:00+00:00,33.73202896118164,42.79999923706055,43.900001525878906,35.0,35.0,14500
2007-12-28 00:00:00+00:00,34.1260986328125,43.29999923706055,43.900001525878906,42.04999923706055,43.0,9430
2007-12-31 00:00:00+00:00,40.47055435180664,51.349998474121094,52.0,43.900001525878906,43.900001525878906,158675
2008-01-01 00:00:00+00:00,38.10615921020508,48.349998474121094,52.95000076293945,48.0,52.95000076293945,78884
2008-01-02 00:00:00+00:00,38.22438049316406,48.5,50.599998474121094,46.54999923706055,48.400001525878906,26677
2008-01-03 00:00:00+00:00,37.79090881347656,47.95000076293945,49.95000076293945,47.04999923706055,49.0,19239
2008-01-04 00:00:00+00:00,36.766334533691406,46.650001525878906,49.79999923706055,46.20000076293945,48.25,12472
2008-01-07 00:00:00+00:00,36.49049758911133,46.29999923706055,47.54999923706055,45.099998474121094,46.400001525878906,12665
2008-01-08 00:00:00+00:00,35.426509857177734,44.95000076293945,47.349998474121094,42.79999923706055,47.349998474121094,14828
2008-01-09 00:00:00+00:00,33.21974182128906,42.150001525878906,43.70000076293945,40.0,42.75,9678
2008-01-10 00:00:00+00:00,31.407047271728516,39.849998474121094,43.0,39.150001525878906,41.849998474121094,10735
2008-01-11 00:00:00+00:00,30.697721481323242,38.95000076293945,42.29999923706055,37.20000076293945,42.29999923706055,7117
2008-01-14 00:00:00+00:00,31.2888240814209,39.70000076293945,42.0,38.79999923706055,38.79999923706055,4706
2008-01-15 00:00:00+00:00,31.60407829284668,40.099998474121094,41.25,38.75,41.25,7728
2008-01-16 00:00:00+00:00,30.697721481323242,38.95000076293945,40.0,37.20000076293945,40.0,3118
2008-01-17 00:00:00+00:00,31.919326782226562,40.5,41.5,38.150001525878906,38.900001525878906,6418
2008-01-18 00:00:00+00:00,29.94900131225586,38.0,41.0,37.0,39.54999923706055,4947
2008-01-21 00:00:00+00:00,24.865549087524414,31.549999237060547,37.5,30.75,37.5,16328
2008-01-22 00:00:00+00:00,21.949464797973633,27.850000381469727,29.549999237060547,25.25,29.549999237060547,7890
2008-01-23 00:00:00+00:00,25.180803298950195,31.950000762939453,32.650001525878906,28.100000381469727,28.100000381469727,9339
2008-01-24 00:00:00+00:00,24.077417373657227,30.549999237060547,33.70000076293945,30.299999237060547,32.95000076293945,8894
2008-01-25 00:00:00+00:00,23.643945693969727,30.0,31.5,28.25,28.25,3651
2008-01-28 00:00:00+00:00,23.6833553314209,30.049999237060547,31.149999618530273,26.25,28.0,2037
2008-01-29 00:00:00+00:00,24.31385612487793,30.850000381469727,32.79999923706055,30.200000762939453,32.79999923706055,905
2008-01-30 00:00:00+00:00,24.7867374420166,31.450000762939453,31.950000762939453,30.200000762939453,31.049999237060547,2393
2008-01-31 00:00:00+00:00,22.974035263061523,29.149999618530273,31.450000762939453,28.0,28.0,3754
2008-02-01 00:00:00+00:00,23.643945693969727,30.0,31.200000762939453,28.850000381469727,30.0,1521
2008-02-04 00:00:00+00:00,25.180803298950195,31.950000762939453,32.0,29.049999237060547,29.049999237060547,1499
2008-02-05 00:00:00+00:00,25.180803298950195,31.950000762939453,32.0,30.299999237060547,32.0,1127
2008-02-06 00:00:00+00:00,24.5502986907959,31.149999618530273,33.0,29.0,29.0,4250
2008-02-07 00:00:00+00:00,24.077417373657227,30.549999237060547,32.349998474121094,28.799999237060547,28.799999237060547,5317
2008-02-08 00:00:00+00:00,23.289287567138672,29.549999237060547,30.0,29.0,30.0,1798
2008-02-11 00:00:00+00:00,22.185903549194336,28.149999618530273,29.799999237060547,27.549999237060547,29.799999237060547,1838
2008-02-12 00:00:00+00:00,21.594804763793945,27.399999618530273,28.149999618530273,26.600000381469727,27.200000762939453,2799
2008-02-13 00:00:00+00:00,22.14649772644043,28.100000381469727,30.799999237060547,26.5,28.0,11364
2008-02-14 00:00:00+00:00,23.092252731323242,29.299999237060547,29.950000762939453,27.600000381469727,29.950000762939453,2456
2008-02-15 00:00:00+00:00,23.13166046142578,29.350000381469727,31.149999618530273,28.149999618530273,28.149999618530273,1861
2008-02-18 00:00:00+00:00,23.604543685913086,29.950000762939453,31.799999237060547,28.0,28.0,360
2008-02-19 00:00:00+00:00,23.643945693969727,30.0,30.5,29.75,30.0,1615
2008-02-20 00:00:00+00:00,22.855815887451172,29.0,30.0,29.0,30.0,1127
2008-02-21 00:00:00+00:00,22.77700424194336,28.899999618530273,29.700000762939453,28.799999237060547,28.799999237060547,1409
2008-02-22 00:00:00+00:00,23.407508850097656,29.700000762939453,30.799999237060547,28.649999618530273,30.799999237060547,4692
2008-02-25 00:00:00+00:00,24.19563865661621,30.700000762939453,31.600000381469727,29.799999237060547,31.450000762939453,8545
2008-02-26 00:00:00+00:00,24.51089096069336,31.100000381469727,31.850000381469727,30.600000381469727,31.0,4387
2008-02-27 00:00:00+00:00,24.235044479370117,30.75,32.0,30.100000381469727,32.0,1326
2008-02-28 00:00:00+00:00,23.801572799682617,30.200000762939453,31.450000762939453,29.600000381469727,29.600000381469727,3374
2008-02-29 00:00:00+00:00,23.604543685913086,29.950000762939453,30.100000381469727,29.5,30.100000381469727,2574
2008-03-03 00:00:00+00:00,23.368101119995117,29.649999618530273,30.899999618530273,29.200000762939453,29.950000762939453,1936
2008-03-04 00:00:00+00:00,22.8164119720459,28.950000762939453,29.450000762939453,27.75,29.450000762939453,2629
2008-03-05 00:00:00+00:00,22.185903549194336,28.149999618530273,28.5,26.700000762939453,27.549999237060547,654
2008-03-07 00:00:00+00:00,21.39777183532715,27.149999618530273,27.5,26.549999237060547,27.0,3453
2008-03-10 00:00:00+00:00,22.658781051635742,28.75,30.399999618530273,22.450000762939453,22.450000762939453,15890
2008-03-11 00:00:00+00:00,23.368101119995117,29.649999618530273,31.899999618530273,26.100000381469727,31.899999618530273,3253
2008-03-12 00:00:00+00:00,23.249881744384766,29.5,31.0,29.100000381469727,29.100000381469727,2568
2008-03-13 00:00:00+00:00,21.555397033691406,27.350000381469727,27.700000762939453,27.350000381469727,27.5,5086
2008-03-14 00:00:00+00:00,21.358360290527344,27.100000381469727,29.450000762939453,24.649999618530273,27.0,9362
2008-03-17 00:00:00+00:00,19.860918045043945,25.200000762939453,28.299999237060547,22.549999237060547,25.75,8736
2008-03-18 00:00:00+00:00,20.018543243408203,25.399999618530273,28.950000762939453,25.049999237060547,25.600000381469727,4558
2008-03-19 00:00:00+00:00,19.23041343688965,24.399999618530273,27.25,23.100000381469727,25.600000381469727,6312
2008-03-24 00:00:00+00:00,19.348628997802734,24.549999237060547,25.899999618530273,23.100000381469727,25.899999618530273,4578
2008-03-25 00:00:00+00:00,20.412607192993164,25.899999618530273,26.25,24.399999618530273,26.0,1817
2008-03-26 00:00:00+00:00,20.33379554748535,25.799999237060547,26.850000381469727,25.5,25.549999237060547,6780
2008-03-27 00:00:00+00:00,19.860918045043945,25.200000762939453,26.75,25.0,25.299999237060547,8127
2008-03-28 00:00:00+00:00,21.437179565429688,27.200000762939453,27.850000381469727,25.350000381469727,25.350000381469727,3759
2008-03-31 00:00:00+00:00,20.96430015563965,26.600000381469727,27.5,26.299999237060547,27.25,2685
2008-04-01 00:00:00+00:00,21.594804763793945,27.399999618530273,27.399999618530273,26.299999237060547,26.299999237060547,1912
2008-04-02 00:00:00+00:00,21.67361831665039,27.5,30.950000762939453,22.0,22.0,4460
2008-04-03 00:00:00+00:00,22.185903549194336,28.149999618530273,28.25,27.25,27.899999618530273,289
2008-04-04 00:00:00+00:00,21.240144729614258,26.950000762939453,28.049999237060547,26.700000762939453,27.0,1568
2008-04-07 00:00:00+00:00,21.594804763793945,27.399999618530273,27.899999618530273,26.25,27.899999618530273,1073
2008-04-08 00:00:00+00:00,22.107086181640625,28.049999237060547,28.450000762939453,26.700000762939453,26.700000762939453,1376
2008-04-09 00:00:00+00:00,22.382938385009766,28.399999618530273,30.950000762939453,24.600000381469727,30.950000762939453,4119
2008-04-10 00:00:00+00:00,26.875288009643555,34.099998474121094,34.099998474121094,28.100000381469727,28.100000381469727,43317
2008-04-11 00:00:00+00:00,25.92953109741211,32.900001525878906,39.400001525878906,32.099998474121094,39.400001525878906,136629
2008-04-15 00:00:00+00:00,26.71765899658203,33.900001525878906,36.79999923706055,32.099998474121094,32.099998474121094,31331
2008-04-16 00:00:00+00:00,26.323598861694336,33.400001525878906,35.900001525878906,33.099998474121094,35.650001525878906,12039
2008-04-17 00:00:00+00:00,26.008342742919922,33.0,34.29999923706055,32.54999923706055,33.5,15055
2008-04-21 00:00:00+00:00,26.9541015625,34.20000076293945,37.5,27.0,27.0,8596
2008-04-22 00:00:00+00:00,26.993505477905273,34.25,35.0,33.79999923706055,35.0,4281
2008-04-23 00:00:00+00:00,27.15113639831543,34.45000076293945,35.0,33.04999923706055,33.04999923706055,6881
2008-04-24 00:00:00+00:00,26.835878372192383,34.04999923706055,34.599998474121094,32.54999923706055,32.54999923706055,1544
2008-04-25 00:00:00+00:00,25.77190399169922,32.70000076293945,34.0,32.650001525878906,33.5,2626
2008-04-28 00:00:00+00:00,29.31849479675293,37.20000076293945,39.0,34.29999923706055,35.0,65987
2008-04-29 00:00:00+00:00,28.766801834106445,36.5,38.0,35.900001525878906,38.0,16334
2008-04-30 00:00:00+00:00,27.93926429748535,35.45000076293945,36.79999923706055,35.0,36.25,9507
2008-05-02 00:00:00+00:00,27.22994613647461,34.54999923706055,36.900001525878906,34.099998474121094,35.900001525878906,10853
2008-05-05 00:00:00+00:00,27.269350051879883,34.599998474121094,35.29999923706055,34.5,34.54999923706055,1357
2008-05-06 00:00:00+00:00,26.441816329956055,33.54999923706055,35.349998474121094,33.20000076293945,35.349998474121094,4840
2008-05-07 00:00:00+00:00,26.087154388427734,33.099998474121094,33.650001525878906,33.0,33.650001525878906,2809
2008-05-08 00:00:00+00:00,25.574871063232422,32.45000076293945,33.400001525878906,31.299999237060547,33.400001525878906,3109
2008-05-09 00:00:00+00:00,24.471487045288086,31.049999237060547,36.849998474121094,30.799999237060547,31.0,9495
2008-05-12 00:00:00+00:00,23.88038444519043,30.299999237060547,31.5,29.25,31.5,2541
2008-05-13 00:00:00+00:00,24.668519973754883,31.299999237060547,32.0,30.0,31.549999237060547,4203
2008-05-14 00:00:00+00:00,24.31385612487793,30.850000381469727,31.600000381469727,30.0,30.299999237060547,2398
2008-05-15 00:00:00+00:00,24.432079315185547,31.0,31.049999237060547,31.0,31.049999237060547,1119
2008-05-16 00:00:00+00:00,24.826143264770508,31.5,31.75,31.0,31.0,809
2008-05-20 00:00:00+00:00,25.141399383544922,31.899999618530273,33.20000076293945,31.799999237060547,31.799999237060547,3331
2008-05-21 00:00:00+00:00,25.299022674560547,32.099998474121094,32.20000076293945,31.149999618530273,31.149999618530273,843
2008-05-22 00:00:00+00:00,25.259618759155273,32.04999923706055,33.45000076293945,31.799999237060547,32.650001525878906,3580
2008-05-23 00:00:00+00:00,24.471487045288086,31.049999237060547,32.20000076293945,30.75,31.25,1064
2008-05-26 00:00:00+00:00,23.840978622436523,30.25,30.75,30.25,30.299999237060547,1313
2008-05-27 00:00:00+00:00,23.446916580200195,29.75,30.350000381469727,29.299999237060547,30.149999618530273,1993
2008-05-28 00:00:00+00:00,22.698190689086914,28.799999237060547,31.149999618530273,28.299999237060547,31.149999618530273,355
2008-05-29 00:00:00+00:00,24.3532657623291,30.899999618530273,30.950000762939453,29.049999237060547,29.5,721
2008-05-30 00:00:00+00:00,23.565134048461914,29.899999618530273,31.25,29.25,29.25,397
2008-06-02 00:00:00+00:00,23.171072006225586,29.399999618530273,31.850000381469727,29.399999618530273,29.549999237060547,1534
2008-06-03 00:00:00+00:00,22.658781051635742,28.75,30.149999618530273,28.200000762939453,30.149999618530273,2065
2008-06-04 00:00:00+00:00,21.870649337768555,27.75,29.350000381469727,27.049999237060547,28.200000762939453,2918
2008-06-05 00:00:00+00:00,21.594804763793945,27.399999618530273,28.149999618530273,26.5,27.899999618530273,2848
2008-06-06 00:00:00+00:00,22.30412483215332,28.299999237060547,28.5,27.200000762939453,27.299999237060547,2239
2008-06-09 00:00:00+00:00,21.003707885742188,26.649999618530273,27.25,26.450000762939453,27.25,888
2008-06-10 00:00:00+00:00,21.791837692260742,27.649999618530273,28.700000762939453,26.350000381469727,26.350000381469727,4348
2008-06-11 00:00:00+00:00,23.9197940826416,30.350000381469727,31.600000381469727,27.450000762939453,27.450000762939453,15262
2008-06-12 00:00:00+00:00,23.210474014282227,29.450000762939453,30.299999237060547,28.799999237060547,29.0,6491
2008-06-13 00:00:00+00:00,24.116825103759766,30.600000381469727,30.799999237060547,29.299999237060547,29.299999237060547,3190
2008-06-16 00:00:00+00:00,23.959197998046875,30.399999618530273,31.600000381469727,29.0,30.299999237060547,7177
2008-06-17 00:00:00+00:00,25.73249626159668,32.650001525878906,36.5,29.899999618530273,29.899999618530273,44824
2008-06-18 00:00:00+00:00,25.41724395751953,32.25,35.349998474121094,32.0,33.45000076293945,12824
2008-06-19 00:00:00+00:00,24.629108428955078,31.25,32.5,30.600000381469727,31.299999237060547,3979
2008-06-20 00:00:00+00:00,24.432079315185547,31.0,31.75,29.700000762939453,31.5,17821
2008-06-23 00:00:00+00:00,22.698190689086914,28.799999237060547,29.899999618530273,27.850000381469727,27.850000381469727,2593
2008-06-24 00:00:00+00:00,21.27954864501953,27.0,28.850000381469727,26.700000762939453,27.5,6578
2008-06-25 00:00:00+00:00,22.06768035888672,28.0,29.299999237060547,26.049999237060547,29.299999237060547,4393
2008-06-26 00:00:00+00:00,22.30412483215332,28.299999237060547,28.799999237060547,27.549999237060547,27.549999237060547,492
2008-06-27 00:00:00+00:00,21.27954864501953,27.0,27.399999618530273,26.600000381469727,27.100000381469727,3606
2008-06-30 00:00:00+00:00,20.530826568603516,26.049999237060547,29.5,25.5,29.5,4127
2008-07-01 00:00:00+00:00,19.388038635253906,24.600000381469727,27.200000762939453,21.100000381469727,26.350000381469727,7248
2008-07-02 00:00:00+00:00,19.74269676208496,25.049999237060547,25.850000381469727,19.75,22.200000762939453,9613
2008-07-03 00:00:00+00:00,19.46685028076172,24.700000762939453,24.75,24.049999237060547,24.149999618530273,9105
2008-07-04 00:00:00+00:00,19.545663833618164,24.799999237060547,24.799999237060547,24.0,24.149999618530273,509
2008-07-07 00:00:00+00:00,20.570232391357422,26.100000381469727,26.5,24.5,24.5,1655
2008-07-08 00:00:00+00:00,20.45201301574707,25.950000762939453,26.799999237060547,25.399999618530273,26.799999237060547,2200
2008-07-09 00:00:00+00:00,21.318958282470703,27.049999237060547,28.149999618530273,26.200000762939453,28.100000381469727,1684
2008-07-10 00:00:00+00:00,20.88548469543457,26.5,26.5,25.899999618530273,26.399999618530273,352
2008-07-11 00:00:00+00:00,20.45201301574707,25.950000762939453,26.950000762939453,25.0,25.0,2505
2008-07-14 00:00:00+00:00,20.097354888916016,25.5,26.600000381469727,25.0,25.450000762939453,4574
2008-07-15 00:00:00+00:00,19.66388511657715,24.950000762939453,25.399999618530273,24.5,25.399999618530273,852
2008-07-16 00:00:00+00:00,20.176170349121094,25.600000381469727,26.399999618530273,23.649999618530273,23.649999618530273,286
2008-07-17 00:00:00+00:00,19.90032386779785,25.25,27.5,24.799999237060547,26.450000762939453,849
2008-07-18 00:00:00+00:00,19.348628997802734,24.549999237060547,25.899999618530273,24.5,25.899999618530273,1434
2008-07-21 00:00:00+00:00,19.46685028076172,24.700000762939453,25.149999618530273,24.049999237060547,25.0,3101
2008-07-22 00:00:00+00:00,19.782102584838867,25.100000381469727,25.100000381469727,24.100000381469727,24.350000381469727,1850
2008-07-23 00:00:00+00:00,20.806671142578125,26.399999618530273,26.799999237060547,25.0,25.0,4427
2008-07-24 00:00:00+00:00,20.018543243408203,25.399999618530273,26.950000762939453,25.25,26.049999237060547,3042
2008-07-25 00:00:00+00:00,19.979135513305664,25.350000381469727,25.899999618530273,24.75,25.399999618530273,2858
2008-07-28 00:00:00+00:00,20.570232391357422,26.100000381469727,27.399999618530273,23.0,26.0,6035
2008-07-29 00:00:00+00:00,20.68845558166504,26.25,26.899999618530273,25.25,25.350000381469727,2400
2008-07-30 00:00:00+00:00,21.082517623901367,26.75,27.0,25.5,25.5,3825
2008-07-31 00:00:00+00:00,20.649049758911133,26.200000762939453,27.649999618530273,25.850000381469727,26.049999237060547,3053
2008-08-01 00:00:00+00:00,20.88548469543457,26.5,27.700000762939453,25.5,27.700000762939453,3700
2008-08-04 00:00:00+00:00,21.043113708496094,26.700000762939453,27.950000762939453,26.049999237060547,26.350000381469727,4222
2008-08-05 00:00:00+00:00,21.358360290527344,27.100000381469727,27.950000762939453,27.0,27.0,2218
2008-08-06 00:00:00+00:00,22.57996940612793,28.649999618530273,29.950000762939453,28.200000762939453,29.950000762939453,4157
2008-08-07 00:00:00+00:00,22.658781051635742,28.75,29.350000381469727,28.200000762939453,28.700000762939453,3590
2008-08-08 00:00:00+00:00,22.658781051635742,28.75,29.100000381469727,27.799999237060547,28.75,1797
2008-08-11 00:00:00+00:00,22.698190689086914,28.799999237060547,28.850000381469727,28.100000381469727,28.100000381469727,1300
2008-08-12 00:00:00+00:00,22.107086181640625,28.049999237060547,28.049999237060547,27.5,27.5,2340
2008-08-13 00:00:00+00:00,21.949464797973633,27.850000381469727,28.700000762939453,24.549999237060547,24.600000381469727,1900
2008-08-14 00:00:00+00:00,20.92489242553711,26.549999237060547,27.0,26.299999237060547,27.0,1100
2008-08-18 00:00:00+00:00,21.870649337768555,27.75,27.799999237060547,26.299999237060547,26.350000381469727,2632
2008-08-19 00:00:00+00:00,21.870649337768555,27.75,27.799999237060547,26.799999237060547,27.0,582
2008-08-20 00:00:00+00:00,22.107086181640625,28.049999237060547,28.5,27.049999237060547,27.100000381469727,3104
2008-08-21 00:00:00+00:00,21.63421058654785,27.450000762939453,29.399999618530273,27.100000381469727,29.399999618530273,1939
2008-08-22 00:00:00+00:00,21.63421058654785,27.450000762939453,27.450000762939453,26.5,27.149999618530273,1284
2008-08-25 00:00:00+00:00,20.96430015563965,26.600000381469727,27.450000762939453,26.5,27.450000762939453,1425
2008-08-26 00:00:00+00:00,21.437179565429688,27.200000762939453,27.200000762939453,26.75,26.75,22
2008-08-27 00:00:00+00:00,21.318958282470703,27.049999237060547,27.850000381469727,27.049999237060547,27.049999237060547,127
2008-08-28 00:00:00+00:00,21.752431869506836,27.600000381469727,27.799999237060547,26.649999618530273,26.649999618530273,742
2008-08-29 00:00:00+00:00,21.988874435424805,27.899999618530273,27.899999618530273,27.149999618530273,27.200000762939453,160
2008-09-01 00:00:00+00:00,21.082517623901367,26.75,26.75,26.25,26.25,1000
2008-09-02 00:00:00+00:00,21.594804763793945,27.399999618530273,29.200000762939453,26.299999237060547,26.450000762939453,896
2008-09-04 00:00:00+00:00,21.594804763793945,27.399999618530273,27.600000381469727,26.75,27.5,1163
2008-09-05 00:00:00+00:00,21.437179565429688,27.200000762939453,27.899999618530273,26.350000381469727,27.399999618530273,1782
2008-09-08 00:00:00+00:00,21.240144729614258,26.950000762939453,27.799999237060547,26.700000762939453,27.600000381469727,3726
2008-09-09 00:00:00+00:00,22.87714958190918,27.950000762939453,29.200000762939453,26.75,26.75,4475
2008-09-10 00:00:00+00:00,22.590679168701172,27.600000381469727,28.850000381469727,27.100000381469727,28.850000381469727,1233
2008-09-11 00:00:00+00:00,21.935871124267578,26.799999237060547,27.450000762939453,26.200000762939453,27.0,2972
2008-09-12 00:00:00+00:00,21.240144729614258,25.950000762939453,27.0,25.700000762939453,26.5,6024
2008-09-15 00:00:00+00:00,20.176088333129883,24.649999618530273,25.149999618530273,24.049999237060547,25.149999618530273,5954
2008-09-16 00:00:00+00:00,20.257946014404297,24.75,24.799999237060547,22.600000381469727,22.600000381469727,2247
2008-09-17 00:00:00+00:00,20.176088333129883,24.649999618530273,25.549999237060547,24.100000381469727,24.100000381469727,719
2008-09-18 00:00:00+00:00,20.830896377563477,25.450000762939453,25.549999237060547,22.850000381469727,22.850000381469727,825
2008-09-19 00:00:00+00:00,19.80776596069336,24.200000762939453,25.600000381469727,23.75,25.600000381469727,1530
2008-09-22 00:00:00+00:00,20.8718204498291,25.5,25.75,24.600000381469727,24.600000381469727,1812
2008-09-23 00:00:00+00:00,20.994592666625977,25.649999618530273,25.649999618530273,24.0,24.0,436
2008-09-24 00:00:00+00:00,21.07644271850586,25.75,27.850000381469727,25.200000762939453,26.0,2169
2008-09-25 00:00:00+00:00,20.585342407226562,25.149999618530273,25.950000762939453,23.399999618530273,23.399999618530273,1461
2008-09-26 00:00:00+00:00,19.80776596069336,24.200000762939453,25.5,24.200000762939453,25.5,987
2008-09-29 00:00:00+00:00,19.071115493774414,23.299999237060547,26.450000762939453,23.200000762939453,26.200000762939453,563
2008-09-30 00:00:00+00:00,19.15296173095703,23.399999618530273,23.75,21.25,23.299999237060547,1823
2008-10-01 00:00:00+00:00,19.889616012573242,24.299999237060547,24.899999618530273,22.299999237060547,22.350000381469727,703
2008-10-03 00:00:00+00:00,19.316661834716797,23.600000381469727,24.350000381469727,23.149999618530273,23.25,729
2008-10-06 00:00:00+00:00,18.170764923095703,22.200000762939453,23.0,21.950000762939453,22.25,1856
2008-10-07 00:00:00+00:00,16.533754348754883,20.200000762939453,23.899999618530273,20.200000762939453,22.299999237060547,4702
2008-10-08 00:00:00+00:00,14.610273361206055,17.850000381469727,20.149999618530273,17.5,19.0,2895
2008-10-10 00:00:00+00:00,14.814900398254395,18.100000381469727,18.350000381469727,16.100000381469727,16.899999618530273,2722
2008-10-13 00:00:00+00:00,15.510625839233398,18.950000762939453,18.950000762939453,17.700000762939453,17.700000762939453,884
2008-10-14 00:00:00+00:00,15.224151611328125,18.600000381469727,20.299999237060547,18.549999237060547,18.549999237060547,2823
2008-10-15 00:00:00+00:00,14.733048439025879,18.0,18.950000762939453,17.799999237060547,18.149999618530273,787
2008-10-16 00:00:00+00:00,14.0782470703125,17.200000762939453,17.200000762939453,16.75,17.0,281
2008-10-17 00:00:00+00:00,15.306001663208008,18.700000762939453,20.25,17.899999618530273,17.899999618530273,2794
2008-10-20 00:00:00+00:00,15.101377487182617,18.450000762939453,19.350000381469727,18.0,19.0,1452
2008-10-21 00:00:00+00:00,16.288206100463867,19.899999618530273,19.899999618530273,19.0,19.0,730
2008-10-22 00:00:00+00:00,15.551552772521973,19.0,19.0,18.100000381469727,18.100000381469727,4
2008-10-23 00:00:00+00:00,15.224151611328125,18.600000381469727,19.0,17.399999618530273,18.950000762939453,325
2008-10-24 00:00:00+00:00,13.546219825744629,16.549999237060547,18.25,16.049999237060547,18.25,1654
2008-10-27 00:00:00+00:00,12.359391212463379,15.100000381469727,19.899999618530273,15.050000190734863,17.0,3410
2008-10-29 00:00:00+00:00,13.382519721984863,16.350000381469727,18.0,16.149999618530273,17.299999237060547,143
2008-10-31 00:00:00+00:00,13.136968612670898,16.049999237060547,16.5,15.149999618530273,16.5,5915
2008-11-03 00:00:00+00:00,14.733048439025879,18.0,18.950000762939453,16.899999618530273,16.899999618530273,1792
2008-11-04 00:00:00+00:00,15.428778648376465,18.850000381469727,18.850000381469727,18.700000762939453,18.700000762939453,48
2008-11-05 00:00:00+00:00,14.119174003601074,17.25,19.0,17.200000762939453,18.899999618530273,4104
2008-11-06 00:00:00+00:00,13.9963960647583,17.100000381469727,17.25,16.450000762939453,16.450000762939453,2000
2008-11-07 00:00:00+00:00,14.0782470703125,17.200000762939453,17.5,16.600000381469727,17.5,1222
2008-11-10 00:00:00+00:00,14.323797225952148,17.5,18.100000381469727,17.049999237060547,17.600000381469727,357
2008-11-11 00:00:00+00:00,13.955472946166992,17.049999237060547,18.0,17.049999237060547,17.5,1911
2008-11-12 00:00:00+00:00,13.914546012878418,17.0,18.899999618530273,15.949999809265137,17.5,1072
2008-11-14 00:00:00+00:00,13.750844955444336,16.799999237060547,17.049999237060547,16.75,17.049999237060547,351
2008-11-17 00:00:00+00:00,12.932342529296875,15.800000190734863,17.0,15.75,17.0,712
2008-11-18 00:00:00+00:00,12.76864242553711,15.600000381469727,16.450000762939453,15.5,16.25,1252
2008-11-19 00:00:00+00:00,13.300668716430664,16.25,16.25,16.25,16.25,120
2008-11-20 00:00:00+00:00,12.523091316223145,15.300000190734863,16.0,14.850000381469727,16.0,1807
2008-11-21 00:00:00+00:00,11.991064071655273,14.649999618530273,15.600000381469727,14.100000381469727,15.0,2007
2008-11-24 00:00:00+00:00,11.868289947509766,14.5,15.350000381469727,14.100000381469727,15.0,605
2008-11-25 00:00:00+00:00,11.991064071655273,14.649999618530273,15.850000381469727,14.449999809265137,15.199999809265137,761
2008-11-26 00:00:00+00:00,11.991064071655273,14.649999618530273,15.550000190734863,14.5,15.0,302
2008-11-27 00:00:00+00:00,11.991064071655273,14.649999618530273,14.649999618530273,14.649999618530273,14.649999618530273,0
2008-11-28 00:00:00+00:00,12.400315284729004,15.149999618530273,15.899999618530273,14.199999809265137,15.899999618530273,1090
2008-12-01 00:00:00+00:00,12.277542114257812,15.0,15.0,14.5,14.5,100
2008-12-02 00:00:00+00:00,12.441241264343262,15.199999809265137,16.200000762939453,14.649999618530273,14.649999618530273,638
2008-12-03 00:00:00+00:00,12.809569358825684,15.649999618530273,15.699999809265137,15.0,15.0,440
2008-12-04 00:00:00+00:00,12.973267555236816,15.850000381469727,15.899999618530273,15.25,15.850000381469727,300
2008-12-05 00:00:00+00:00,12.76864242553711,15.600000381469727,16.299999237060547,15.5,16.0,1419
2008-12-08 00:00:00+00:00,13.096043586730957,16.0,16.5,16.0,16.5,500
2008-12-10 00:00:00+00:00,12.523091316223145,15.300000190734863,16.149999618530273,14.899999618530273,15.5,297
2008-12-11 00:00:00+00:00,13.096043586730957,16.0,16.0,15.25,16.0,132
2008-12-12 00:00:00+00:00,12.604941368103027,15.399999618530273,16.700000762939453,15.300000190734863,16.700000762939453,105
2008-12-15 00:00:00+00:00,13.423445701599121,16.399999618530273,17.0,15.600000381469727,15.649999618530273,250
2008-12-16 00:00:00+00:00,13.914546012878418,17.0,17.0,17.0,17.0,750
2008-12-17 00:00:00+00:00,13.341592788696289,16.299999237060547,17.5,16.0,16.0,44
2008-12-18 00:00:00+00:00,13.423445701599121,16.399999618530273,16.399999618530273,15.199999809265137,15.199999809265137,1034
2008-12-19 00:00:00+00:00,13.177894592285156,16.100000381469727,16.450000762939453,16.0,16.0,1009
2008-12-22 00:00:00+00:00,13.136968612670898,16.049999237060547,16.200000762939453,16.0,16.200000762939453,1200
2008-12-23 00:00:00+00:00,13.136968612670898,16.049999237060547,17.0,16.0,16.0,650
2008-12-24 00:00:00+00:00,12.686792373657227,15.5,16.149999618530273,15.5,16.149999618530273,150
2008-12-26 00:00:00+00:00,12.686792373657227,15.5,17.850000381469727,15.350000381469727,17.850000381469727,145
2008-12-29 00:00:00+00:00,12.686792373657227,15.5,15.5,15.5,15.5,0
2008-12-30 00:00:00+00:00,12.932342529296875,15.800000190734863,15.899999618530273,14.0,14.0,1421
2008-12-31 00:00:00+00:00,13.136968612670898,16.049999237060547,17.700000762939453,16.049999237060547,17.700000762939453,31
2009-01-02 00:00:00+00:00,15.183225631713867,18.549999237060547,20.350000381469727,18.450000762939453,20.350000381469727,4100
2009-01-05 00:00:00+00:00,14.733048439025879,18.0,19.0,18.0,19.0,635
2009-01-06 00:00:00+00:00,14.77397346496582,18.049999237060547,20.5,17.25,17.25,594
2009-01-07 00:00:00+00:00,15.387849807739258,18.799999237060547,19.0,18.0,19.0,751
2009-01-09 00:00:00+00:00,13.423445701599121,16.399999618530273,17.200000762939453,16.25,16.25,1300
2009-01-12 00:00:00+00:00,13.177894592285156,16.100000381469727,17.75,16.100000381469727,16.149999618530273,276
2009-01-13 00:00:00+00:00,13.382519721984863,16.350000381469727,16.350000381469727,16.350000381469727,16.350000381469727,35
2009-01-14 00:00:00+00:00,13.423445701599121,16.399999618530273,17.0,16.399999618530273,17.0,1000
2009-01-15 00:00:00+00:00,14.119174003601074,17.25,17.5,15.5,15.550000190734863,395
2009-01-16 00:00:00+00:00,13.914546012878418,17.0,17.0,17.0,17.0,5
2009-01-19 00:00:00+00:00,13.914546012878418,17.0,17.0,17.0,17.0,0
2009-01-20 00:00:00+00:00,13.709921836853027,16.75,16.75,16.75,16.75,5
2009-01-21 00:00:00+00:00,13.014193534851074,15.899999618530273,16.5,15.550000190734863,16.0,1570
2009-01-22 00:00:00+00:00,13.055119514465332,15.949999809265137,16.899999618530273,15.949999809265137,16.899999618530273,70
2009-01-23 00:00:00+00:00,13.055119514465332,15.949999809265137,16.899999618530273,15.949999809265137,16.899999618530273,0
2009-01-27 00:00:00+00:00,12.645867347717285,15.449999809265137,16.600000381469727,15.350000381469727,15.350000381469727,126
2009-01-28 00:00:00+00:00,13.096043586730957,16.0,16.100000381469727,15.5,15.5,5440
2009-01-29 00:00:00+00:00,12.523091316223145,15.300000190734863,15.300000190734863,15.300000190734863,15.300000190734863,450
2009-01-30 00:00:00+00:00,12.809569358825684,15.649999618530273,16.5,15.350000381469727,15.350000381469727,815
2009-02-02 00:00:00+00:00,12.686792373657227,15.5,15.5,15.5,15.5,50
2009-02-03 00:00:00+00:00,12.277542114257812,15.0,15.300000190734863,15.0,15.300000190734863,700
2009-02-04 00:00:00+00:00,12.441241264343262,15.199999809265137,16.0,15.0,15.5,984
2009-02-05 00:00:00+00:00,12.564016342163086,15.350000381469727,15.5,15.050000190734863,15.050000190734863,2776
2009-02-06 00:00:00+00:00,12.400315284729004,15.149999618530273,15.300000190734863,15.149999618530273,15.149999618530273,1324
2009-02-09 00:00:00+00:00,12.400315284729004,15.149999618530273,15.149999618530273,15.149999618530273,15.149999618530273,0
2009-02-10 00:00:00+00:00,13.055119514465332,15.949999809265137,15.949999809265137,15.949999809265137,15.949999809265137,1
2009-02-11 00:00:00+00:00,13.505293846130371,16.5,16.5,16.5,16.5,1
2009-02-12 00:00:00+00:00,13.423445701599121,16.399999618530273,16.399999618530273,16.399999618530273,16.399999618530273,40
2009-02-13 00:00:00+00:00,13.668996810913086,16.700000762939453,16.799999237060547,16.0,16.0,2154
2009-02-16 00:00:00+00:00,13.423445701599121,16.399999618530273,17.899999618530273,16.399999618530273,17.899999618530273,731
2009-02-17 00:00:00+00:00,13.300668716430664,16.25,16.850000381469727,16.0,16.850000381469727,701
2009-02-18 00:00:00+00:00,12.932342529296875,15.800000190734863,16.200000762939453,15.800000190734863,16.200000762939453,1109
2009-02-19 00:00:00+00:00,13.505293846130371,16.5,16.5,15.75,15.800000190734863,844
2009-02-20 00:00:00+00:00,12.400315284729004,15.149999618530273,16.149999618530273,15.100000381469727,16.0,3441
2009-02-24 00:00:00+00:00,12.400315284729004,15.149999618530273,15.149999618530273,15.149999618530273,15.149999618530273,0
2009-02-25 00:00:00+00:00,12.400315284729004,15.149999618530273,15.149999618530273,15.149999618530273,15.149999618530273,0
2009-02-26 00:00:00+00:00,12.76864242553711,15.600000381469727,15.600000381469727,15.149999618530273,15.149999618530273,1036
2009-02-27 00:00:00+00:00,12.277542114257812,15.0,15.949999809265137,14.850000381469727,15.0,730
2009-03-02 00:00:00+00:00,12.604941368103027,15.399999618530273,15.399999618530273,15.0,15.0,315
2009-03-03 00:00:00+00:00,11.622737884521484,14.199999809265137,14.199999809265137,14.199999809265137,14.199999809265137,200
2009-03-04 00:00:00+00:00,11.581812858581543,14.149999618530273,15.100000381469727,14.100000381469727,15.100000381469727,1002
2009-03-05 00:00:00+00:00,11.254411697387695,13.75,15.800000190734863,13.550000190734863,13.550000190734863,1326
2009-03-06 00:00:00+00:00,11.213486671447754,13.699999809265137,13.75,13.399999618530273,13.399999618530273,154
2009-03-09 00:00:00+00:00,11.418112754821777,13.949999809265137,13.949999809265137,13.5,13.5,60
2009-03-12 00:00:00+00:00,11.459036827087402,14.0,15.0,13.149999618530273,15.0,165
2009-03-13 00:00:00+00:00,11.459036827087402,14.0,14.0,14.0,14.0,0
2009-03-16 00:00:00+00:00,12.031990051269531,14.699999809265137,14.800000190734863,14.149999618530273,14.149999618530273,69
2009-03-17 00:00:00+00:00,12.072916984558105,14.75,16.100000381469727,14.75,16.100000381469727,310
2009-03-18 00:00:00+00:00,12.072916984558105,14.75,14.75,14.75,14.75,0
2009-03-19 00:00:00+00:00,12.072916984558105,14.75,14.75,14.75,14.75,0
2009-03-20 00:00:00+00:00,11.663663864135742,14.25,14.350000381469727,14.25,14.350000381469727,222
2009-03-23 00:00:00+00:00,12.604941368103027,15.399999618530273,15.399999618530273,14.699999809265137,14.699999809265137,356
2009-03-24 00:00:00+00:00,12.277542114257812,15.0,15.25,14.550000190734863,14.550000190734863,900
2009-03-25 00:00:00+00:00,11.704590797424316,14.300000190734863,14.800000190734863,13.5,14.0,625
2009-03-26 00:00:00+00:00,12.031990051269531,14.699999809265137,15.649999618530273,14.5,14.5,6350
2009-03-27 00:00:00+00:00,12.400315284729004,15.149999618530273,15.149999618530273,14.25,15.149999618530273,566
2009-03-30 00:00:00+00:00,12.400315284729004,15.149999618530273,15.149999618530273,15.149999618530273,15.149999618530273,0
2009-03-31 00:00:00+00:00,12.76864242553711,15.600000381469727,15.600000381469727,15.600000381469727,15.600000381469727,102
2009-04-01 00:00:00+00:00,12.76864242553711,15.600000381469727,15.600000381469727,15.600000381469727,15.600000381469727,0
2009-04-02 00:00:00+00:00,12.850492477416992,15.699999809265137,16.649999618530273,15.350000381469727,16.0,3320
2009-04-06 00:00:00+00:00,13.709921836853027,16.75,16.75,15.449999809265137,16.0,955
2009-04-08 00:00:00+00:00,13.587145805358887,16.600000381469727,17.0,15.649999618530273,16.200000762939453,3584
2009-04-09 00:00:00+00:00,13.914546012878418,17.0,17.0,16.5,16.5,2300
2009-04-13 00:00:00+00:00,14.69212532043457,17.950000762939453,19.0,16.350000381469727,16.899999618530273,21162
2009-04-15 00:00:00+00:00,15.428778648376465,18.850000381469727,19.5,18.100000381469727,18.200000762939453,5033
2009-04-16 00:00:00+00:00,13.832694053649902,16.899999618530273,19.649999618530273,16.700000762939453,18.0,3127
2009-04-17 00:00:00+00:00,14.323797225952148,17.5,17.649999618530273,16.149999618530273,17.100000381469727,8231
2009-04-20 00:00:00+00:00,14.69212532043457,17.950000762939453,18.0,17.049999237060547,18.0,850
2009-04-21 00:00:00+00:00,14.855822563171387,18.149999618530273,18.649999618530273,16.700000762939453,17.399999618530273,4775
2009-04-22 00:00:00+00:00,13.873620986938477,16.950000762939453,18.850000381469727,16.700000762939453,18.850000381469727,2580
2009-04-23 00:00:00+00:00,14.119174003601074,17.25,17.25,16.899999618530273,16.950000762939453,270
2009-04-24 00:00:00+00:00,13.914546012878418,17.0,17.25,17.0,17.25,1235
2009-04-27 00:00:00+00:00,13.955472946166992,17.049999237060547,18.399999618530273,16.149999618530273,16.25,1778
2009-04-28 00:00:00+00:00,13.914546012878418,17.0,18.0,16.700000762939453,18.0,2439
2009-04-29 00:00:00+00:00,13.505293846130371,16.5,17.0,16.350000381469727,17.0,1698
2009-04-30 00:00:00+00:00,13.505293846130371,16.5,16.5,16.5,16.5,0
2009-05-04 00:00:00+00:00,14.119174003601074,17.25,17.850000381469727,16.649999618530273,17.299999237060547,10950
2009-05-05 00:00:00+00:00,13.79177188873291,16.850000381469727,16.850000381469727,16.649999618530273,16.649999618530273,193
2009-05-06 00:00:00+00:00,13.9963960647583,17.100000381469727,17.950000762939453,16.299999237060547,16.299999237060547,1730
2009-05-07 00:00:00+00:00,13.832694053649902,16.899999618530273,17.75,16.75,16.799999237060547,585
2009-05-08 00:00:00+00:00,13.914546012878418,17.0,19.350000381469727,17.0,19.350000381469727,726
2009-05-11 00:00:00+00:00,13.955472946166992,17.049999237060547,17.350000381469727,17.0,17.0,800
2009-05-12 00:00:00+00:00,13.914546012878418,17.0,17.0,17.0,17.0,450
2009-05-13 00:00:00+00:00,13.914546012878418,17.0,17.399999618530273,16.799999237060547,17.399999618530273,700
2009-05-14 00:00:00+00:00,14.282873153686523,17.450000762939453,17.899999618530273,17.350000381469727,17.899999618530273,528
2009-05-15 00:00:00+00:00,14.56934642791748,17.799999237060547,17.799999237060547,17.200000762939453,17.450000762939453,682
2009-05-18 00:00:00+00:00,14.56934642791748,17.799999237060547,17.799999237060547,17.799999237060547,17.799999237060547,0
2009-05-19 00:00:00+00:00,14.733048439025879,18.0,19.0,17.549999237060547,17.799999237060547,2959
2009-05-20 00:00:00+00:00,16.902080535888672,20.649999618530273,20.799999237060547,18.0,18.0,6426
2009-05-21 00:00:00+00:00,18.375385284423828,22.450000762939453,24.0,20.450000762939453,22.899999618530273,12938
2009-05-22 00:00:00+00:00,18.49816131591797,22.600000381469727,23.700000762939453,20.149999618530273,22.5,6278
2009-05-25 00:00:00+00:00,20.953670501708984,25.600000381469727,26.700000762939453,23.5,23.850000381469727,10954
2009-05-26 00:00:00+00:00,19.193891525268555,23.450000762939453,26.0,23.399999618530273,25.5,11402
2009-05-27 00:00:00+00:00,20.421642303466797,24.950000762939453,25.549999237060547,24.049999237060547,24.950000762939453,13824
2009-05-28 00:00:00+00:00,20.012393951416016,24.450000762939453,24.75,24.100000381469727,24.5,8504
2009-05-29 00:00:00+00:00,20.012393951416016,24.450000762939453,25.0,24.350000381469727,25.0,5744
2009-06-01 00:00:00+00:00,21.772172927856445,26.600000381469727,26.899999618530273,24.399999618530273,24.399999618530273,20053
2009-06-02 00:00:00+00:00,21.608470916748047,26.399999618530273,28.950000762939453,26.0,28.549999237060547,14962
2009-06-03 00:00:00+00:00,20.8718204498291,25.5,26.899999618530273,25.350000381469727,26.899999618530273,8601
2009-06-04 00:00:00+00:00,21.117368698120117,25.799999237060547,26.350000381469727,25.700000762939453,26.0,6326
2009-06-05 00:00:00+00:00,20.74904441833496,25.350000381469727,26.450000762939453,25.049999237060547,26.0,4147
2009-06-08 00:00:00+00:00,20.217018127441406,24.700000762939453,26.649999618530273,24.049999237060547,26.649999618530273,9445
2009-06-09 00:00:00+00:00,19.848691940307617,24.25,25.799999237060547,22.299999237060547,24.049999237060547,27349
2009-06-10 00:00:00+00:00,19.644065856933594,24.0,25.75,24.0,25.75,4000
2009-06-11 00:00:00+00:00,19.316661834716797,23.600000381469727,25.0,22.75,22.75,2800
2009-06-12 00:00:00+00:00,18.12983512878418,22.149999618530273,25.149999618530273,22.0,25.0,4538
2009-06-15 00:00:00+00:00,17.679656982421875,21.600000381469727,22.600000381469727,21.5,22.600000381469727,2100
2009-06-16 00:00:00+00:00,18.170764923095703,22.200000762939453,22.399999618530273,21.200000762939453,21.399999618530273,1069
2009-06-17 00:00:00+00:00,17.229482650756836,21.049999237060547,22.200000762939453,20.75,21.700000762939453,3107
2009-06-18 00:00:00+00:00,16.983930587768555,20.75,21.25,20.0,20.75,6334
2009-06-19 00:00:00+00:00,18.661861419677734,22.799999237060547,22.850000381469727,21.25,22.0,9819
2009-06-22 00:00:00+00:00,18.9892635345459,23.200000762939453,24.0,23.100000381469727,23.700000762939453,5403
2009-06-23 00:00:00+00:00,19.112041473388672,23.350000381469727,23.5,23.0,23.200000762939453,1700
2009-06-24 00:00:00+00:00,18.866485595703125,23.049999237060547,23.850000381469727,22.149999618530273,22.149999618530273,3226
2009-06-25 00:00:00+00:00,18.9892635345459,23.200000762939453,23.75,22.149999618530273,22.149999618530273,3359
2009-06-26 00:00:00+00:00,18.702787399291992,22.850000381469727,23.450000762939453,22.200000762939453,22.25,1051
2009-06-29 00:00:00+00:00,19.15296173095703,23.399999618530273,24.5,21.700000762939453,24.5,5122
2009-06-30 00:00:00+00:00,18.416309356689453,22.5,23.100000381469727,22.399999618530273,23.0,1800
2009-07-01 00:00:00+00:00,18.416309356689453,22.5,23.299999237060547,22.049999237060547,23.299999237060547,1000
2009-07-02 00:00:00+00:00,17.802431106567383,21.75,22.200000762939453,21.5,22.100000381469727,2293
2009-07-03 00:00:00+00:00,17.147634506225586,20.950000762939453,21.700000762939453,20.600000381469727,21.399999618530273,1482
2009-07-06 00:00:00+00:00,17.31133460998535,21.149999618530273,21.75,21.0,21.75,3919
2009-07-07 00:00:00+00:00,17.10671043395996,20.899999618530273,24.0,20.0,21.75,5328
2009-07-08 00:00:00+00:00,16.12450408935547,19.700000762939453,20.700000762939453,19.200000762939453,20.25,5467
2009-07-09 00:00:00+00:00,15.75617504119873,19.25,20.149999618530273,19.0,19.25,2738
2009-07-10 00:00:00+00:00,15.387849807739258,18.799999237060547,19.75,18.350000381469727,18.350000381469727,2893
2009-07-13 00:00:00+00:00,14.77397346496582,18.049999237060547,18.5,17.049999237060547,17.049999237060547,954
2009-07-14 00:00:00+00:00,15.878949165344238,19.399999618530273,20.25,17.0,18.25,1300
2009-07-15 00:00:00+00:00,16.20635414123535,19.799999237060547,21.75,18.350000381469727,18.350000381469727,12874
2009-07-16 00:00:00+00:00,15.592473030090332,19.049999237060547,19.950000762939453,19.0,19.549999237060547,2908
2009-07-17 00:00:00+00:00,15.510625839233398,18.950000762939453,19.700000762939453,18.25,18.25,6100
2009-07-20 00:00:00+00:00,16.042654037475586,19.600000381469727,20.75,19.5,19.75,1800
2009-07-21 00:00:00+00:00,16.042654037475586,19.600000381469727,20.600000381469727,18.200000762939453,19.25,4095
2009-07-22 00:00:00+00:00,15.510625839233398,18.950000762939453,19.75,18.600000381469727,19.75,815
2009-07-23 00:00:00+00:00,15.674325942993164,19.149999618530273,19.399999618530273,18.75,18.75,1600
2009-07-24 00:00:00+00:00,15.878949165344238,19.399999618530273,20.0,18.850000381469727,18.850000381469727,2900
2009-07-27 00:00:00+00:00,17.475032806396484,21.350000381469727,21.75,19.0,19.0,22300
2009-07-28 00:00:00+00:00,17.843358993530273,21.799999237060547,22.149999618530273,21.200000762939453,21.200000762939453,5447
2009-07-29 00:00:00+00:00,17.475032806396484,21.350000381469727,22.0,20.549999237060547,21.899999618530273,1000
2009-07-30 00:00:00+00:00,17.31133460998535,21.149999618530273,21.149999618530273,19.799999237060547,20.950000762939453,1200
2009-07-31 00:00:00+00:00,16.697458267211914,20.399999618530273,21.100000381469727,20.399999618530273,21.100000381469727,2400
2009-08-03 00:00:00+00:00,16.20635414123535,19.799999237060547,21.5,19.700000762939453,20.75,2531
2009-08-04 00:00:00+00:00,17.597806930541992,21.5,23.399999618530273,18.0,21.0,20939
2009-08-05 00:00:00+00:00,17.966136932373047,21.950000762939453,23.549999237060547,20.549999237060547,21.5,5626
2009-08-06 00:00:00+00:00,17.229482650756836,21.049999237060547,23.0,20.799999237060547,23.0,3188
2009-08-07 00:00:00+00:00,17.597806930541992,21.5,21.899999618530273,20.25,20.25,5209
2009-08-10 00:00:00+00:00,16.820232391357422,20.549999237060547,21.700000762939453,20.5,20.549999237060547,2000
2009-08-11 00:00:00+00:00,16.861154556274414,20.600000381469727,21.25,20.0,20.25,1400
2009-08-12 00:00:00+00:00,16.615604400634766,20.299999237060547,20.950000762939453,19.5,19.5,1541
2009-08-13 00:00:00+00:00,17.475032806396484,21.350000381469727,21.899999618530273,20.75,20.75,4264
2009-08-14 00:00:00+00:00,20.994592666625977,25.649999618530273,25.649999618530273,20.950000762939453,22.0,190400
2009-08-17 00:00:00+00:00,22.836225509643555,27.899999618530273,30.5,25.100000381469727,26.0,314374
2009-08-18 00:00:00+00:00,24.718782424926758,30.200000762939453,31.850000381469727,27.899999618530273,27.899999618530273,263073
2009-08-19 00:00:00+00:00,23.368247985839844,28.549999237060547,30.899999618530273,27.75,30.899999618530273,80749
2009-08-20 00:00:00+00:00,21.485698699951172,26.25,28.549999237060547,25.799999237060547,28.549999237060547,38741
2009-08-21 00:00:00+00:00,20.462566375732422,25.0,26.25,24.950000762939453,25.299999237060547,9908
2009-08-24 00:00:00+00:00,20.789968490600586,25.399999618530273,25.950000762939453,24.100000381469727,25.0,8300
2009-08-25 00:00:00+00:00,19.971467971801758,24.399999618530273,25.950000762939453,23.600000381469727,24.799999237060547,11192
2009-08-26 00:00:00+00:00,20.994592666625977,25.649999618530273,25.649999618530273,24.649999618530273,25.0,3700
2009-08-27 00:00:00+00:00,21.19921875,25.899999618530273,26.950000762939453,24.5,24.850000381469727,3000
2009-08-28 00:00:00+00:00,20.8718204498291,25.5,25.950000762939453,25.200000762939453,25.200000762939453,3500
2009-08-31 00:00:00+00:00,20.789968490600586,25.399999618530273,26.450000762939453,25.0,26.450000762939453,7582
2009-09-01 00:00:00+00:00,20.053316116333008,24.5,25.799999237060547,24.200000762939453,24.200000762939453,17600
2009-09-02 00:00:00+00:00,19.80776596069336,24.200000762939453,25.75,24.149999618530273,25.75,3300
2009-09-03 00:00:00+00:00,19.644065856933594,24.0,25.0,23.25,24.200000762939453,6835
2009-09-04 00:00:00+00:00,20.053316116333008,24.5,25.0,24.100000381469727,24.100000381469727,2600
2009-09-07 00:00:00+00:00,19.72591781616211,24.100000381469727,25.5,24.0,25.5,10500
2009-09-08 00:00:00+00:00,20.257946014404297,24.75,25.299999237060547,23.350000381469727,23.350000381469727,9400
2009-09-09 00:00:00+00:00,20.176088333129883,24.649999618530273,25.0,24.399999618530273,25.0,6300
2009-09-10 00:00:00+00:00,20.094240188598633,24.549999237060547,25.450000762939453,24.549999237060547,24.649999618530273,6400
2009-09-11 00:00:00+00:00,20.462566375732422,25.0,25.0,24.350000381469727,24.600000381469727,2400
2009-09-14 00:00:00+00:00,20.176088333129883,24.649999618530273,25.25,23.5,24.25,2600
2009-09-15 00:00:00+00:00,20.66719627380371,25.25,25.25,24.350000381469727,24.350000381469727,6800
2009-09-16 00:00:00+00:00,20.298866271972656,24.799999237060547,25.200000762939453,24.549999237060547,25.0,7204
2009-09-17 00:00:00+00:00,21.142898559570312,25.049999237060547,25.25,24.600000381469727,25.0,10370
2009-09-18 00:00:00+00:00,21.05849266052246,24.950000762939453,25.049999237060547,24.25,24.299999237060547,991
2009-09-22 00:00:00+00:00,20.76308250427246,24.600000381469727,26.0,24.350000381469727,24.350000381469727,5200
2009-09-23 00:00:00+00:00,21.01629066467285,24.899999618530273,25.5,24.5,25.5,3388
2009-09-24 00:00:00+00:00,21.269500732421875,25.200000762939453,25.200000762939453,24.5,24.5,5500
2009-09-25 00:00:00+00:00,21.818119049072266,25.850000381469727,26.25,24.5,25.0,3300
2009-09-29 00:00:00+00:00,22.113527297973633,26.200000762939453,26.700000762939453,25.399999618530273,26.700000762939453,6975
2009-09-30 00:00:00+00:00,22.029125213623047,26.100000381469727,26.649999618530273,25.100000381469727,26.649999618530273,5218
2009-10-01 00:00:00+00:00,21.69151496887207,25.700000762939453,26.0,25.5,25.5,1600
2009-10-05 00:00:00+00:00,21.522706985473633,25.5,26.0,24.450000762939453,25.25,400
2009-10-06 00:00:00+00:00,21.353900909423828,25.299999237060547,26.700000762939453,24.299999237060547,26.700000762939453,2800
2009-10-07 00:00:00+00:00,21.43830680847168,25.399999618530273,26.25,25.0,25.0,9000
2009-10-08 00:00:00+00:00,21.902523040771484,25.950000762939453,25.950000762939453,25.299999237060547,25.299999237060547,1200
2009-10-09 00:00:00+00:00,21.607112884521484,25.600000381469727,25.600000381469727,25.299999237060547,25.299999237060547,425
2009-10-12 00:00:00+00:00,21.100692749023438,25.0,25.899999618530273,24.5,25.899999618530273,2010
2009-10-13 00:00:00+00:00,21.100692749023438,25.0,25.0,25.0,25.0,0
2009-10-14 00:00:00+00:00,21.353900909423828,25.299999237060547,25.299999237060547,24.350000381469727,24.700000762939453,3200
2009-10-15 00:00:00+00:00,21.142898559570312,25.049999237060547,25.950000762939453,25.0,25.299999237060547,10745
2009-10-16 00:00:00+00:00,21.01629066467285,24.899999618530273,25.0,24.799999237060547,24.799999237060547,2200
2009-10-20 00:00:00+00:00,20.847484588623047,24.700000762939453,25.25,24.600000381469727,25.25,1025
2009-10-21 00:00:00+00:00,20.552074432373047,24.350000381469727,24.899999618530273,24.299999237060547,24.350000381469727,3312
2009-10-22 00:00:00+00:00,20.678680419921875,24.5,24.5,23.950000762939453,23.950000762939453,586
2009-10-23 00:00:00+00:00,20.298866271972656,24.049999237060547,25.049999237060547,23.799999237060547,23.799999237060547,5400
2009-10-26 00:00:00+00:00,20.678680419921875,24.5,25.0,24.5,24.549999237060547,5700
2009-10-27 00:00:00+00:00,20.678680419921875,24.5,25.049999237060547,23.299999237060547,24.5,12000
2009-10-28 00:00:00+00:00,21.01629066467285,24.899999618530273,25.149999618530273,24.450000762939453,25.149999618530273,12891
2009-10-29 00:00:00+00:00,20.25666618347168,24.0,24.200000762939453,23.75,24.200000762939453,2200
2009-10-30 00:00:00+00:00,20.678680419921875,24.5,25.0,24.5,24.5,4100
2009-11-03 00:00:00+00:00,19.87685203552246,23.549999237060547,23.75,23.299999237060547,23.549999237060547,3571
2009-11-04 00:00:00+00:00,20.425474166870117,24.200000762939453,24.200000762939453,23.5,23.5,750
2009-11-05 00:00:00+00:00,21.227298736572266,25.149999618530273,25.149999618530273,24.25,24.25,9300
2009-11-06 00:00:00+00:00,21.311702728271484,25.25,25.25,24.549999237060547,24.899999618530273,5200
2009-11-09 00:00:00+00:00,21.01629066467285,24.899999618530273,25.600000381469727,24.200000762939453,24.200000762939453,5500
2009-11-10 00:00:00+00:00,21.522706985473633,25.5,26.0,24.899999618530273,25.450000762939453,4705
2009-11-11 00:00:00+00:00,20.76308250427246,24.600000381469727,25.5,24.600000381469727,25.0,885
2009-11-12 00:00:00+00:00,21.818119049072266,25.850000381469727,25.850000381469727,23.600000381469727,24.299999237060547,10500
2009-11-13 00:00:00+00:00,22.830951690673828,27.049999237060547,27.149999618530273,25.0,25.149999618530273,11226
2009-11-16 00:00:00+00:00,22.873151779174805,27.100000381469727,27.5,26.5,27.0,2939
2009-11-17 00:00:00+00:00,22.61994171142578,26.799999237060547,27.450000762939453,26.0,27.450000762939453,9972
2009-11-18 00:00:00+00:00,21.69151496887207,25.700000762939453,26.0,25.700000762939453,25.75,9000
2009-11-19 00:00:00+00:00,21.733715057373047,25.75,26.700000762939453,25.25,26.0,900
2009-11-20 00:00:00+00:00,22.15572738647461,26.25,27.049999237060547,25.100000381469727,25.100000381469727,11600
2009-11-23 00:00:00+00:00,23.25296401977539,27.549999237060547,27.600000381469727,26.0,26.0,11215
2009-11-24 00:00:00+00:00,22.282333374023438,26.399999618530273,28.0,26.350000381469727,28.0,1362
2009-11-25 00:00:00+00:00,21.944721221923828,26.0,26.75,25.799999237060547,26.5,2800
2009-11-26 00:00:00+00:00,21.860315322875977,25.899999618530273,25.899999618530273,25.799999237060547,25.799999237060547,1700
2009-11-27 00:00:00+00:00,21.522706985473633,25.5,25.700000762939453,24.799999237060547,25.5,3296
2009-11-30 00:00:00+00:00,21.100692749023438,25.0,26.049999237060547,25.0,26.0,772
2009-12-01 00:00:00+00:00,22.15572738647461,26.25,26.25,24.0,25.0,3700
2009-12-02 00:00:00+00:00,22.61994171142578,26.799999237060547,27.299999237060547,25.25,25.25,11819
2009-12-03 00:00:00+00:00,22.240135192871094,26.350000381469727,27.0,26.350000381469727,27.0,1300
2009-12-04 00:00:00+00:00,22.74654769897461,26.950000762939453,27.649999618530273,26.5,26.5,8176
2009-12-07 00:00:00+00:00,23.041955947875977,27.299999237060547,28.149999618530273,26.700000762939453,28.149999618530273,7900
2009-12-08 00:00:00+00:00,23.295167922973633,27.600000381469727,27.850000381469727,26.600000381469727,26.600000381469727,4875
2009-12-09 00:00:00+00:00,22.957557678222656,27.200000762939453,28.0,27.200000762939453,27.649999618530273,5600
2009-12-10 00:00:00+00:00,22.830951690673828,27.049999237060547,27.649999618530273,27.0,27.049999237060547,4075
2009-12-11 00:00:00+00:00,22.957557678222656,27.200000762939453,27.75,26.700000762939453,27.100000381469727,1785
2009-12-14 00:00:00+00:00,22.74654769897461,26.950000762939453,27.149999618530273,26.450000762939453,27.0,3500
2009-12-15 00:00:00+00:00,22.113527297973633,26.200000762939453,27.0,26.149999618530273,27.0,2738
2009-12-16 00:00:00+00:00,22.366735458374023,26.5,26.5,26.149999618530273,26.25,1300
2009-12-17 00:00:00+00:00,22.451141357421875,26.600000381469727,27.75,26.049999237060547,26.850000381469727,2822
2009-12-18 00:00:00+00:00,22.113527297973633,26.200000762939453,26.799999237060547,26.0,26.799999237060547,1300
2009-12-21 00:00:00+00:00,22.15572738647461,26.25,27.5,26.100000381469727,26.5,6314
2009-12-22 00:00:00+00:00,22.74654769897461,26.950000762939453,27.100000381469727,26.049999237060547,26.75,4936
2009-12-23 00:00:00+00:00,22.78875160217285,27.0,27.0,26.350000381469727,26.350000381469727,1400
2009-12-24 00:00:00+00:00,22.78875160217285,27.0,27.149999618530273,26.350000381469727,26.350000381469727,3452
2009-12-29 00:00:00+00:00,22.408937454223633,26.549999237060547,27.399999618530273,26.299999237060547,27.25,5686
2009-12-30 00:00:00+00:00,22.61994171142578,26.799999237060547,27.200000762939453,26.799999237060547,26.850000381469727,3300
2009-12-31 00:00:00+00:00,22.830951690673828,27.049999237060547,27.399999618530273,26.600000381469727,26.799999237060547,2636
2010-01-04 00:00:00+00:00,22.53554344177246,26.700000762939453,27.25,26.700000762939453,27.25,1300
2010-01-05 00:00:00+00:00,23.463972091674805,27.799999237060547,28.049999237060547,27.049999237060547,27.25,17200
2010-01-06 00:00:00+00:00,23.548376083374023,27.899999618530273,28.600000381469727,27.25,27.25,4770
2010-01-07 00:00:00+00:00,23.632776260375977,28.0,28.299999237060547,27.549999237060547,27.899999618530273,6400
2010-01-08 00:00:00+00:00,23.37957000732422,27.700000762939453,28.5,27.649999618530273,28.399999618530273,4652
2010-01-11 00:00:00+00:00,24.561208724975586,29.100000381469727,30.5,27.700000762939453,28.450000762939453,49311
2010-01-12 00:00:00+00:00,25.74284553527832,30.5,32.0,29.350000381469727,29.350000381469727,48802
2010-01-13 00:00:00+00:00,25.658445358276367,30.399999618530273,31.200000762939453,30.299999237060547,30.5,5322
2010-01-14 00:00:00+00:00,28.232730865478516,33.45000076293945,33.45000076293945,30.700000762939453,30.700000762939453,33000
2010-01-15 00:00:00+00:00,27.051088333129883,32.04999923706055,35.79999923706055,31.5,33.5,14586
2010-01-18 00:00:00+00:00,26.207063674926758,31.049999237060547,31.700000762939453,30.799999237060547,30.799999237060547,2650
2010-01-19 00:00:00+00:00,25.74284553527832,30.5,31.649999618530273,30.049999237060547,31.0,5800
2010-01-20 00:00:00+00:00,26.29146385192871,31.149999618530273,32.5,29.299999237060547,30.149999618530273,21477
2010-01-21 00:00:00+00:00,25.489639282226562,30.200000762939453,32.0,29.399999618530273,32.0,8303
2010-01-22 00:00:00+00:00,24.13919448852539,28.600000381469727,29.450000762939453,28.0,28.25,7694
2010-01-25 00:00:00+00:00,24.434602737426758,28.950000762939453,29.5,28.0,28.0,1314
2010-01-27 00:00:00+00:00,22.74654769897461,26.950000762939453,28.450000762939453,26.950000762939453,27.700000762939453,1400
2010-01-28 00:00:00+00:00,22.78875160217285,27.0,27.5,27.0,27.0,6200
2010-01-29 00:00:00+00:00,23.37957000732422,27.700000762939453,28.350000381469727,25.399999618530273,25.399999618530273,3107
2010-02-01 00:00:00+00:00,23.421772003173828,27.75,28.5,25.450000762939453,27.149999618530273,3700
2010-02-02 00:00:00+00:00,22.957557678222656,27.200000762939453,28.799999237060547,26.75,28.0,4327
2010-02-03 00:00:00+00:00,22.113527297973633,26.200000762939453,28.700000762939453,26.100000381469727,26.100000381469727,6528
2010-02-04 00:00:00+00:00,21.522706985473633,25.5,27.450000762939453,25.5,26.0,7000
2010-02-05 00:00:00+00:00,21.775917053222656,25.799999237060547,26.399999618530273,25.399999618530273,25.75,3931
2010-02-08 00:00:00+00:00,22.029125213623047,26.100000381469727,27.200000762939453,26.0,26.0,2024
2010-02-09 00:00:00+00:00,21.775917053222656,25.799999237060547,27.0,25.799999237060547,26.0,1175
2010-02-10 00:00:00+00:00,21.944721221923828,26.0,27.899999618530273,25.399999618530273,26.0,4927
2010-02-11 00:00:00+00:00,21.607112884521484,25.600000381469727,26.899999618530273,25.5,25.700000762939453,6084
2010-02-15 00:00:00+00:00,21.396102905273438,25.350000381469727,26.5,25.149999618530273,25.149999618530273,1401
2010-02-16 00:00:00+00:00,21.902523040771484,25.950000762939453,26.399999618530273,25.600000381469727,25.600000381469727,2683
2010-02-17 00:00:00+00:00,21.64931297302246,25.649999618530273,26.5,25.649999618530273,26.5,1551
2010-02-18 00:00:00+00:00,21.522706985473633,25.5,25.5,25.5,25.5,100
2010-02-19 00:00:00+00:00,21.01629066467285,24.899999618530273,25.5,24.899999618530273,25.5,2434
2010-02-22 00:00:00+00:00,20.720882415771484,24.549999237060547,25.0,24.200000762939453,24.200000762939453,1333
2010-02-23 00:00:00+00:00,20.931888580322266,24.799999237060547,25.25,23.75,23.75,335
2010-02-24 00:00:00+00:00,21.01629066467285,24.899999618530273,25.200000762939453,24.299999237060547,25.0,2617
2010-02-25 00:00:00+00:00,21.05849266052246,24.950000762939453,24.950000762939453,24.100000381469727,24.25,1154
2010-02-26 00:00:00+00:00,21.269500732421875,25.200000762939453,25.25,23.75,23.899999618530273,1865
2010-03-02 00:00:00+00:00,21.733715057373047,25.75,26.200000762939453,24.399999618530273,24.399999618530273,1641
2010-03-03 00:00:00+00:00,21.944721221923828,26.0,26.299999237060547,25.0,25.0,1957
2010-03-04 00:00:00+00:00,21.43830680847168,25.399999618530273,26.450000762939453,25.399999618530273,25.75,2385
2010-03-05 00:00:00+00:00,21.944721221923828,26.0,26.5,25.299999237060547,26.5,1446
2010-03-08 00:00:00+00:00,21.818119049072266,25.850000381469727,26.299999237060547,25.600000381469727,25.600000381469727,3161
2010-03-09 00:00:00+00:00,21.480510711669922,25.450000762939453,26.0,25.399999618530273,26.0,1302
2010-03-10 00:00:00+00:00,21.227298736572266,25.149999618530273,26.0,24.450000762939453,24.450000762939453,3946
2010-03-11 00:00:00+00:00,21.818119049072266,25.850000381469727,26.75,25.0,25.0,10503
2010-03-12 00:00:00+00:00,20.974088668823242,24.850000381469727,25.700000762939453,24.549999237060547,25.149999618530273,6043
2010-03-15 00:00:00+00:00,20.25666618347168,24.0,24.649999618530273,24.0,24.149999618530273,2916
2010-03-16 00:00:00+00:00,21.142898559570312,25.049999237060547,25.5,23.200000762939453,23.200000762939453,3828
2010-03-17 00:00:00+00:00,21.100692749023438,25.0,25.75,24.600000381469727,24.600000381469727,2464
2010-03-18 00:00:00+00:00,21.396102905273438,25.350000381469727,28.399999618530273,25.100000381469727,28.399999618530273,2610
2010-03-19 00:00:00+00:00,21.18509864807129,25.100000381469727,25.700000762939453,24.600000381469727,24.850000381469727,6509
2010-03-22 00:00:00+00:00,21.43830680847168,25.399999618530273,26.25,25.0,25.25,1359
2010-03-23 00:00:00+00:00,25.74284553527832,30.5,30.5,25.200000762939453,25.950000762939453,184811
2010-03-25 00:00:00+00:00,29.498769760131836,34.95000076293945,36.150001525878906,32.0,34.5,722796
2010-03-26 00:00:00+00:00,27.219898223876953,32.25,35.5,31.600000381469727,34.5,233142
2010-03-29 00:00:00+00:00,25.44743537902832,30.149999618530273,32.29999923706055,29.649999618530273,32.29999923706055,38725
2010-03-30 00:00:00+00:00,23.84378433227539,28.25,30.0,27.600000381469727,30.0,46876
2010-03-31 00:00:00+00:00,23.33736801147461,27.649999618530273,28.399999618530273,27.100000381469727,27.200000762939453,28876
2010-04-01 00:00:00+00:00,23.674976348876953,28.049999237060547,28.600000381469727,26.399999618530273,26.399999618530273,14737
2010-04-05 00:00:00+00:00,23.632776260375977,28.0,28.700000762939453,26.75,26.799999237060547,8227
2010-04-06 00:00:00+00:00,23.674976348876953,28.049999237060547,28.200000762939453,27.5,27.5,5927
2010-04-07 00:00:00+00:00,24.13919448852539,28.600000381469727,28.850000381469727,28.0,28.0,9262
2010-04-08 00:00:00+00:00,23.717178344726562,28.100000381469727,29.0,28.049999237060547,28.899999618530273,6264
2010-04-09 00:00:00+00:00,24.054792404174805,28.5,29.0,27.950000762939453,28.149999618530273,5634
2010-04-12 00:00:00+00:00,24.181398391723633,28.649999618530273,29.5,28.149999618530273,29.5,4958
2010-04-13 00:00:00+00:00,23.463972091674805,27.799999237060547,28.75,27.700000762939453,28.299999237060547,2944
2010-04-15 00:00:00+00:00,23.463972091674805,27.799999237060547,28.600000381469727,27.600000381469727,28.600000381469727,3210
2010-04-16 00:00:00+00:00,23.590576171875,27.950000762939453,28.600000381469727,27.200000762939453,27.200000762939453,1103
2010-04-19 00:00:00+00:00,23.126359939575195,27.399999618530273,28.950000762939453,27.0,28.950000762939453,1841
2010-04-20 00:00:00+00:00,23.421772003173828,27.75,28.399999618530273,27.350000381469727,28.0,3292
2010-04-21 00:00:00+00:00,23.590576171875,27.950000762939453,28.0,27.0,27.0,3202
2010-04-22 00:00:00+00:00,23.759382247924805,28.149999618530273,28.149999618530273,27.25,27.25,2108
2010-04-23 00:00:00+00:00,24.265798568725586,28.75,29.0,27.649999618530273,28.0,6415
2010-04-26 00:00:00+00:00,25.194231033325195,29.850000381469727,29.899999618530273,28.299999237060547,28.299999237060547,7317
2010-04-27 00:00:00+00:00,25.152027130126953,29.799999237060547,30.399999618530273,29.100000381469727,29.100000381469727,1671
2010-04-28 00:00:00+00:00,24.265798568725586,28.75,29.899999618530273,28.700000762939453,29.0,2380
2010-04-29 00:00:00+00:00,25.405237197875977,30.100000381469727,30.200000762939453,28.549999237060547,28.549999237060547,4312
2010-04-30 00:00:00+00:00,25.27863121032715,29.950000762939453,30.850000381469727,29.399999618530273,30.5,1970
2010-05-03 00:00:00+00:00,25.067630767822266,29.700000762939453,29.700000762939453,29.700000762939453,29.700000762939453,35
2010-05-04 00:00:00+00:00,24.94101905822754,29.549999237060547,29.899999618530273,29.549999237060547,29.899999618530273,8253
2010-05-05 00:00:00+00:00,24.09699249267578,28.549999237060547,29.0,28.450000762939453,28.799999237060547,4753
2010-05-06 00:00:00+00:00,24.054792404174805,28.5,28.649999618530273,28.200000762939453,28.25,970
2010-05-07 00:00:00+00:00,23.421772003173828,27.75,29.299999237060547,27.100000381469727,27.100000381469727,3801
2010-05-10 00:00:00+00:00,23.80158233642578,28.200000762939453,28.799999237060547,27.600000381469727,27.700000762939453,3122
2010-05-11 00:00:00+00:00,23.590576171875,27.950000762939453,28.0,27.399999618530273,27.799999237060547,327
2010-05-12 00:00:00+00:00,23.970388412475586,28.399999618530273,29.0,28.399999618530273,28.5,560
2010-05-13 00:00:00+00:00,22.78875160217285,27.0,28.299999237060547,27.0,28.299999237060547,3259
2010-05-14 00:00:00+00:00,22.873151779174805,27.100000381469727,27.850000381469727,27.0,27.149999618530273,730
2010-05-17 00:00:00+00:00,22.408937454223633,26.549999237060547,27.200000762939453,26.450000762939453,26.799999237060547,1167
2010-05-18 00:00:00+00:00,22.78875160217285,27.0,27.899999618530273,26.600000381469727,26.600000381469727,920
2010-05-19 00:00:00+00:00,22.53554344177246,26.700000762939453,27.649999618530273,26.600000381469727,27.0,925
2010-05-20 00:00:00+00:00,22.830951690673828,27.049999237060547,27.850000381469727,26.399999618530273,27.700000762939453,2910
2010-05-21 00:00:00+00:00,22.74654769897461,26.950000762939453,26.950000762939453,26.149999618530273,26.200000762939453,862
2010-05-24 00:00:00+00:00,22.704345703125,26.899999618530273,26.899999618530273,26.899999618530273,26.899999618530273,500
2010-05-25 00:00:00+00:00,21.944721221923828,26.0,27.149999618530273,26.0,27.149999618530273,595
2010-05-26 00:00:00+00:00,21.227298736572266,25.149999618530273,26.75,25.149999618530273,25.75,303
2010-05-27 00:00:00+00:00,21.733715057373047,25.75,26.0,24.75,24.75,550
2010-05-28 00:00:00+00:00,21.522706985473633,25.5,27.049999237060547,25.399999618530273,27.049999237060547,4975
2010-05-31 00:00:00+00:00,22.366735458374023,26.5,26.5,25.549999237060547,25.549999237060547,975
2010-06-01 00:00:00+00:00,21.986923217773438,26.049999237060547,26.149999618530273,26.0,26.149999618530273,450
2010-06-02 00:00:00+00:00,21.818119049072266,25.850000381469727,26.5,25.799999237060547,26.450000762939453,2500
2010-06-03 00:00:00+00:00,21.733715057373047,25.75,26.049999237060547,25.299999237060547,25.299999237060547,1492
2010-06-04 00:00:00+00:00,22.113527297973633,26.200000762939453,26.200000762939453,25.850000381469727,25.850000381469727,497
2010-06-07 00:00:00+00:00,22.029125213623047,26.100000381469727,26.100000381469727,26.0,26.0,504
2010-06-08 00:00:00+00:00,21.69151496887207,25.700000762939453,26.25,25.700000762939453,26.100000381469727,2331
2010-06-09 00:00:00+00:00,21.69151496887207,25.700000762939453,26.399999618530273,25.649999618530273,26.399999618530273,930
2010-06-10 00:00:00+00:00,21.311702728271484,25.25,25.75,25.149999618530273,25.75,3101
2010-06-11 00:00:00+00:00,21.69151496887207,25.700000762939453,26.549999237060547,25.700000762939453,26.549999237060547,310
2010-06-14 00:00:00+00:00,21.944721221923828,26.0,26.450000762939453,25.149999618530273,25.700000762939453,1670
2010-06-15 00:00:00+00:00,21.944721221923828,26.0,26.5,25.299999237060547,25.299999237060547,1793
2010-06-16 00:00:00+00:00,21.860315322875977,25.899999618530273,26.0,25.100000381469727,25.600000381469727,2930
2010-06-17 00:00:00+00:00,22.240135192871094,26.350000381469727,26.600000381469727,26.0,26.450000762939453,1900
2010-06-18 00:00:00+00:00,22.282333374023438,26.399999618530273,26.649999618530273,26.350000381469727,26.350000381469727,1025
2010-06-21 00:00:00+00:00,22.957557678222656,27.200000762939453,27.399999618530273,26.350000381469727,26.350000381469727,5091
2010-06-22 00:00:00+00:00,22.78875160217285,27.0,27.5,27.0,27.049999237060547,950
2010-06-23 00:00:00+00:00,23.421772003173828,27.75,28.0,27.0,27.0,2653
2010-06-24 00:00:00+00:00,23.80158233642578,28.200000762939453,29.0,26.75,28.399999618530273,6565
2010-06-25 00:00:00+00:00,23.84378433227539,28.25,28.299999237060547,28.0,28.049999237060547,645
2010-06-28 00:00:00+00:00,24.434602737426758,28.950000762939453,29.200000762939453,28.049999237060547,28.049999237060547,3160
2010-06-29 00:00:00+00:00,24.645610809326172,29.200000762939453,29.200000762939453,28.149999618530273,28.549999237060547,5485
2010-06-30 00:00:00+00:00,24.13919448852539,28.600000381469727,29.799999237060547,28.0,28.049999237060547,4882
2010-07-01 00:00:00+00:00,24.603408813476562,29.149999618530273,29.299999237060547,28.100000381469727,28.100000381469727,1824
2010-07-02 00:00:00+00:00,24.51900863647461,29.049999237060547,30.0,28.700000762939453,29.799999237060547,4584
2010-07-05 00:00:00+00:00,24.434602737426758,28.950000762939453,30.0,28.649999618530273,29.850000381469727,3870
2010-07-06 00:00:00+00:00,24.68781089782715,29.25,29.450000762939453,28.799999237060547,29.450000762939453,792
2010-07-07 00:00:00+00:00,26.122661590576172,30.950000762939453,31.950000762939453,29.25,29.350000381469727,21907
2010-07-08 00:00:00+00:00,25.99605369567871,30.799999237060547,32.79999923706055,30.100000381469727,32.79999923706055,16232
2010-07-09 00:00:00+00:00,25.44743537902832,30.149999618530273,31.049999237060547,29.350000381469727,31.049999237060547,9971
2010-07-12 00:00:00+00:00,25.700647354125977,30.450000762939453,30.75,29.950000762939453,30.75,4222
2010-07-13 00:00:00+00:00,25.27863121032715,29.950000762939453,30.0,29.399999618530273,29.950000762939453,1656
2010-07-14 00:00:00+00:00,25.953853607177734,30.75,32.900001525878906,29.399999618530273,29.399999618530273,38779
2010-07-15 00:00:00+00:00,25.99605369567871,30.799999237060547,31.5,30.600000381469727,31.0,9059
2010-07-16 00:00:00+00:00,26.03825569152832,30.850000381469727,31.850000381469727,30.700000762939453,31.549999237060547,2962
2010-07-19 00:00:00+00:00,25.616243362426758,30.350000381469727,32.75,30.0,32.75,1528
2010-07-20 00:00:00+00:00,26.16486167907715,31.0,32.400001525878906,30.399999618530273,30.950000762939453,4510
2010-07-21 00:00:00+00:00,26.207063674926758,31.049999237060547,32.0,30.899999618530273,31.049999237060547,6636
2010-07-22 00:00:00+00:00,26.460269927978516,31.350000381469727,31.700000762939453,30.450000762939453,30.450000762939453,1141
2010-07-23 00:00:00+00:00,26.629074096679688,31.549999237060547,31.899999618530273,30.850000381469727,31.700000762939453,5174
2010-07-26 00:00:00+00:00,25.236431121826172,29.899999618530273,31.5,28.700000762939453,31.5,6077
2010-07-27 00:00:00+00:00,25.658445358276367,30.399999618530273,30.399999618530273,30.100000381469727,30.200000762939453,1656
2010-07-28 00:00:00+00:00,24.898820877075195,29.5,30.399999618530273,29.5,30.399999618530273,1292
2010-07-29 00:00:00+00:00,24.645610809326172,29.200000762939453,29.600000381469727,29.200000762939453,29.600000381469727,400
2010-07-30 00:00:00+00:00,24.39240264892578,28.899999618530273,29.450000762939453,28.799999237060547,29.0,2851
2010-08-02 00:00:00+00:00,24.898820877075195,29.5,30.100000381469727,29.5,29.899999618530273,1356
2010-08-03 00:00:00+00:00,24.814416885375977,29.399999618530273,29.899999618530273,29.399999618530273,29.899999618530273,607
2010-08-04 00:00:00+00:00,24.603408813476562,29.149999618530273,29.600000381469727,29.149999618530273,29.600000381469727,936
2010-08-05 00:00:00+00:00,25.067630767822266,29.700000762939453,30.0,29.0,29.049999237060547,2087
2010-08-06 00:00:00+00:00,25.025423049926758,29.649999618530273,30.5,29.200000762939453,29.899999618530273,2151
2010-08-09 00:00:00+00:00,24.856618881225586,29.450000762939453,30.0,29.200000762939453,29.299999237060547,1026
2010-08-10 00:00:00+00:00,24.054792404174805,28.5,29.5,28.149999618530273,29.049999237060547,4800
2010-08-11 00:00:00+00:00,23.759382247924805,28.149999618530273,29.0,27.75,28.0,7848
2010-08-12 00:00:00+00:00,23.928186416625977,28.350000381469727,28.600000381469727,28.100000381469727,28.100000381469727,1742
2010-08-13 00:00:00+00:00,24.09699249267578,28.549999237060547,28.950000762939453,28.0,28.950000762939453,4991
2010-08-16 00:00:00+00:00,23.674976348876953,28.049999237060547,28.850000381469727,28.049999237060547,28.5,824
2010-08-17 00:00:00+00:00,24.265798568725586,28.75,29.0,28.049999237060547,28.5,2901
2010-08-18 00:00:00+00:00,24.223596572875977,28.700000762939453,29.25,28.149999618530273,28.600000381469727,3468
2010-08-19 00:00:00+00:00,25.194231033325195,29.850000381469727,30.700000762939453,28.899999618530273,29.100000381469727,10448
2010-08-20 00:00:00+00:00,25.44743537902832,30.149999618530273,30.799999237060547,29.0,29.5,6416
2010-08-23 00:00:00+00:00,25.827251434326172,30.600000381469727,30.799999237060547,29.5,29.5,2896
2010-08-24 00:00:00+00:00,25.067630767822266,29.700000762939453,31.0,29.149999618530273,31.0,7340
2010-08-25 00:00:00+00:00,24.814416885375977,29.399999618530273,29.799999237060547,29.149999618530273,29.149999618530273,545
2010-08-26 00:00:00+00:00,25.236431121826172,29.899999618530273,30.0,28.649999618530273,30.0,2555
2010-08-27 00:00:00+00:00,25.067630767822266,29.700000762939453,31.200000762939453,29.299999237060547,30.850000381469727,7808
2010-08-30 00:00:00+00:00,25.236431121826172,29.899999618530273,30.200000762939453,29.299999237060547,29.299999237060547,3048
2010-08-31 00:00:00+00:00,24.94101905822754,29.549999237060547,30.799999237060547,28.850000381469727,28.899999618530273,3233
2010-09-01 00:00:00+00:00,24.68781089782715,29.25,29.950000762939453,29.149999618530273,29.950000762939453,1982
2010-09-02 00:00:00+00:00,24.561208724975586,29.100000381469727,29.899999618530273,29.0,29.850000381469727,2669
2010-09-03 00:00:00+00:00,24.645610809326172,29.200000762939453,29.700000762939453,29.0,29.25,3086
2010-09-06 00:00:00+00:00,24.39240264892578,28.899999618530273,29.5,28.799999237060547,29.399999618530273,2504
2010-09-07 00:00:00+00:00,25.152027130126953,29.799999237060547,29.799999237060547,29.200000762939453,29.200000762939453,1010
2010-09-08 00:00:00+00:00,24.51900863647461,29.049999237060547,30.700000762939453,28.700000762939453,30.700000762939453,4628
2010-09-09 00:00:00+00:00,25.109827041625977,29.75,29.899999618530273,29.100000381469727,29.200000762939453,5660
2010-09-13 00:00:00+00:00,28.443737030029297,33.70000076293945,34.79999923706055,29.350000381469727,29.350000381469727,56223
2010-09-14 00:00:00+00:00,26.544673919677734,31.450000762939453,34.0,30.299999237060547,34.0,40663
2010-09-15 00:00:00+00:00,25.86945152282715,30.649999618530273,32.0,30.350000381469727,31.950000762939453,6226
2010-09-16 00:00:00+00:00,25.194231033325195,29.850000381469727,30.25,29.75,30.149999618530273,11129
2010-09-17 00:00:00+00:00,30.258399963378906,35.849998474121094,35.849998474121094,29.850000381469727,29.850000381469727,214494
2010-09-20 00:00:00+00:00,27.810714721679688,32.95000076293945,36.95000076293945,32.5,36.20000076293945,131159
2010-09-21 00:00:00+00:00,26.8400821685791,31.799999237060547,33.650001525878906,31.649999618530273,32.5,30667
2010-09-22 00:00:00+00:00,26.671279907226562,31.600000381469727,32.95000076293945,31.049999237060547,32.04999923706055,33608
2010-09-23 00:00:00+00:00,26.671279907226562,31.600000381469727,32.5,29.200000762939453,32.5,17738
2010-09-24 00:00:00+00:00,27.26209831237793,32.29999923706055,34.25,31.25,31.549999237060547,45193
2010-09-27 00:00:00+00:00,26.502470016479492,31.399999618530273,33.099998474121094,31.0,31.899999618530273,11024
2010-09-28 00:00:00+00:00,26.41806983947754,31.299999237060547,31.950000762939453,30.0,31.299999237060547,10214
2010-09-29 00:00:00+00:00,25.74284553527832,30.5,31.75,30.25,31.100000381469727,8643
2010-09-30 00:00:00+00:00,25.700647354125977,30.450000762939453,32.29999923706055,30.200000762939453,31.0,14159
2010-10-01 00:00:00+00:00,26.16486167907715,31.0,31.5,30.799999237060547,31.0,4055
2010-10-04 00:00:00+00:00,26.08045768737793,30.899999618530273,31.5,30.5,30.5,3013
2010-10-05 00:00:00+00:00,26.16486167907715,31.0,31.350000381469727,30.549999237060547,31.0,2523
2010-10-06 00:00:00+00:00,26.16486167907715,31.0,31.200000762939453,30.350000381469727,30.549999237060547,13210
2010-10-07 00:00:00+00:00,26.375869750976562,31.25,31.899999618530273,30.25,30.5,23701
2010-10-08 00:00:00+00:00,27.641908645629883,32.75,34.900001525878906,32.5,33.45000076293945,170354
2010-10-11 00:00:00+00:00,27.346500396728516,32.400001525878906,33.0,31.5,33.0,24683
2010-10-12 00:00:00+00:00,26.713478088378906,31.649999618530273,32.900001525878906,31.299999237060547,32.79999923706055,15986
2010-10-13 00:00:00+00:00,26.75568199157715,31.700000762939453,32.25,31.399999618530273,31.850000381469727,13587
2010-10-14 00:00:00+00:00,30.131793975830078,35.70000076293945,36.79999923706055,30.25,31.549999237060547,136313
2010-10-15 00:00:00+00:00,31.693241119384766,37.54999923706055,40.25,35.25,35.650001525878906,714708
2010-10-18 00:00:00+00:00,30.511606216430664,36.150001525878906,37.25,34.599998474121094,37.099998474121094,63745
2010-10-19 00:00:00+00:00,29.751976013183594,35.25,37.5,35.0,37.25,23093
2010-10-20 00:00:00+00:00,28.359333038330078,33.599998474121094,35.0,33.29999923706055,34.95000076293945,23174
2010-10-21 00:00:00+00:00,28.485937118530273,33.75,34.900001525878906,32.650001525878906,32.650001525878906,36786
2010-10-22 00:00:00+00:00,29.034557342529297,34.400001525878906,35.79999923706055,33.599998474121094,33.599998474121094,28324
2010-10-25 00:00:00+00:00,28.739145278930664,34.04999923706055,35.900001525878906,33.70000076293945,35.900001525878906,12941
2010-10-26 00:00:00+00:00,28.90795135498047,34.25,34.849998474121094,33.75,33.75,9270
2010-10-27 00:00:00+00:00,29.11896324157715,34.5,35.849998474121094,33.0,33.04999923706055,25832
2010-10-28 00:00:00+00:00,29.79418182373047,35.29999923706055,36.0,34.599998474121094,35.0,15171
2010-10-29 00:00:00+00:00,28.52813720703125,33.79999923706055,35.29999923706055,33.04999923706055,35.29999923706055,4880
2010-11-01 00:00:00+00:00,34.056522369384766,40.349998474121094,40.599998474121094,35.54999923706055,35.54999923706055,950564
2010-11-02 00:00:00+00:00,36.33539581298828,43.04999923706055,46.79999923706055,41.5,42.0,2437601
2010-11-03 00:00:00+00:00,33.381290435791016,39.54999923706055,43.29999923706055,38.599998474121094,43.29999923706055,260768
2010-11-04 00:00:00+00:00,32.2840576171875,38.25,40.150001525878906,37.04999923706055,37.400001525878906,86789
2010-11-08 00:00:00+00:00,33.1702880859375,39.29999923706055,43.0,38.25,42.900001525878906,52463
2010-11-09 00:00:00+00:00,33.001487731933594,39.099998474121094,40.45000076293945,38.04999923706055,39.400001525878906,46884
2010-11-10 00:00:00+00:00,32.706077575683594,38.75,39.70000076293945,38.5,39.099998474121094,34080
2010-11-11 00:00:00+00:00,32.74827575683594,38.79999923706055,39.650001525878906,38.5,39.650001525878906,28499
2010-11-12 00:00:00+00:00,32.663875579833984,38.70000076293945,42.75,38.099998474121094,40.54999923706055,142579
2010-11-15 00:00:00+00:00,31.48223876953125,37.29999923706055,38.79999923706055,37.0,38.150001525878906,54445
2010-11-16 00:00:00+00:00,29.79418182373047,35.29999923706055,37.95000076293945,34.79999923706055,37.5,25305
2010-11-18 00:00:00+00:00,29.034557342529297,34.400001525878906,36.0,34.0,34.75,32415
2010-11-19 00:00:00+00:00,29.24556541442871,34.650001525878906,35.650001525878906,34.5,35.599998474121094,12832
2010-11-22 00:00:00+00:00,29.16115951538086,34.54999923706055,35.79999923706055,34.0,35.099998474121094,11358
2010-11-23 00:00:00+00:00,27.515304565429688,32.599998474121094,34.400001525878906,31.600000381469727,34.04999923706055,17002
2010-11-24 00:00:00+00:00,28.190526962280273,33.400001525878906,36.400001525878906,32.0,32.0,35512
2010-11-25 00:00:00+00:00,27.55750846862793,32.650001525878906,34.0,32.04999923706055,34.0,8142
2010-11-26 00:00:00+00:00,26.797882080078125,31.75,32.45000076293945,29.600000381469727,31.899999618530273,18822
2010-11-29 00:00:00+00:00,26.207063674926758,31.049999237060547,32.75,29.149999618530273,29.149999618530273,6951
2010-11-30 00:00:00+00:00,25.616243362426758,30.350000381469727,31.5,30.149999618530273,30.450000762939453,26824
2010-12-01 00:00:00+00:00,27.26209831237793,32.29999923706055,32.79999923706055,30.75,31.0,31708
2010-12-02 00:00:00+00:00,28.106124877929688,33.29999923706055,34.599998474121094,32.0,34.599998474121094,19903
2010-12-03 00:00:00+00:00,26.96668815612793,31.950000762939453,33.45000076293945,31.5,32.20000076293945,12261
2010-12-06 00:00:00+00:00,26.207063674926758,31.049999237060547,33.099998474121094,30.549999237060547,33.099998474121094,9031
2010-12-07 00:00:00+00:00,25.489639282226562,30.200000762939453,30.850000381469727,30.0,30.600000381469727,5756
2010-12-08 00:00:00+00:00,25.067630767822266,29.700000762939453,30.0,29.200000762939453,29.850000381469727,10682
2010-12-09 00:00:00+00:00,23.421772003173828,27.75,30.100000381469727,27.149999618530273,29.299999237060547,10063
2010-12-10 00:00:00+00:00,23.84378433227539,28.25,30.0,26.25,27.0,11088
2010-12-13 00:00:00+00:00,24.434602737426758,28.950000762939453,29.700000762939453,28.0,28.25,3546
2010-12-14 00:00:00+00:00,25.489639282226562,30.200000762939453,30.5,29.200000762939453,29.200000762939453,8165
2010-12-15 00:00:00+00:00,24.898820877075195,29.5,30.450000762939453,29.200000762939453,29.200000762939453,5243
2010-12-16 00:00:00+00:00,24.13919448852539,28.600000381469727,32.0,28.25,31.600000381469727,4632
2010-12-20 00:00:00+00:00,24.856618881225586,29.450000762939453,29.799999237060547,26.600000381469727,26.600000381469727,4864
2010-12-21 00:00:00+00:00,25.067630767822266,29.700000762939453,30.299999237060547,29.399999618530273,30.299999237060547,4991
2010-12-22 00:00:00+00:00,24.94101905822754,29.549999237060547,30.0,29.200000762939453,29.649999618530273,4615
2010-12-23 00:00:00+00:00,24.730012893676758,29.299999237060547,30.149999618530273,29.149999618530273,29.950000762939453,2005
2010-12-24 00:00:00+00:00,24.476808547973633,29.0,29.5,28.5,28.5,4748
2010-12-27 00:00:00+00:00,24.561208724975586,29.100000381469727,30.5,29.0,30.299999237060547,2747
2010-12-28 00:00:00+00:00,24.730012893676758,29.299999237060547,29.5,28.75,28.75,6004
2010-12-29 00:00:00+00:00,24.51900863647461,29.049999237060547,29.700000762939453,28.850000381469727,29.200000762939453,4625
2010-12-30 00:00:00+00:00,24.476808547973633,29.0,29.700000762939453,28.600000381469727,28.600000381469727,3122
2010-12-31 00:00:00+00:00,24.603408813476562,29.149999618530273,30.100000381469727,28.899999618530273,29.450000762939453,10285
2011-01-03 00:00:00+00:00,25.91165542602539,30.700000762939453,31.5,29.5,29.5,12872
2011-01-04 00:00:00+00:00,25.700647354125977,30.450000762939453,31.25,30.100000381469727,30.200000762939453,10293
2011-01-05 00:00:00+00:00,24.94101905822754,29.549999237060547,30.700000762939453,29.5,30.399999618530273,5220
2011-01-06 00:00:00+00:00,25.194231033325195,29.850000381469727,30.0,29.049999237060547,29.5,3786
2011-01-07 00:00:00+00:00,28.52813720703125,33.79999923706055,35.400001525878906,28.5,29.100000381469727,123952
2011-01-10 00:00:00+00:00,33.71890640258789,39.95000076293945,40.5,34.150001525878906,36.5,2055822
2011-01-11 00:00:00+00:00,29.92078399658203,35.45000076293945,45.20000076293945,33.20000076293945,41.099998474121094,6160909
2011-01-12 00:00:00+00:00,28.6125431060791,33.900001525878906,36.20000076293945,33.20000076293945,36.20000076293945,297709
2011-01-13 00:00:00+00:00,29.07676124572754,34.45000076293945,35.75,33.349998474121094,33.900001525878906,186807
2011-01-14 00:00:00+00:00,29.3299617767334,34.75,35.75,34.20000076293945,35.400001525878906,118704
2011-01-17 00:00:00+00:00,27.937320709228516,33.099998474121094,34.5,32.650001525878906,34.04999923706055,59940
2011-01-18 00:00:00+00:00,26.29146385192871,31.149999618530273,33.70000076293945,29.5,33.25,107849
2011-01-19 00:00:00+00:00,25.827251434326172,30.600000381469727,32.150001525878906,30.299999237060547,30.850000381469727,26726
2011-01-20 00:00:00+00:00,25.74284553527832,30.5,30.899999618530273,29.5,29.549999237060547,26998
2011-01-21 00:00:00+00:00,25.363037109375,30.049999237060547,31.5,29.600000381469727,29.600000381469727,11090
2011-01-24 00:00:00+00:00,24.645610809326172,29.200000762939453,30.5,29.100000381469727,29.799999237060547,8182
2011-01-25 00:00:00+00:00,24.39240264892578,28.899999618530273,29.600000381469727,28.649999618530273,29.100000381469727,9350
2011-01-27 00:00:00+00:00,23.674976348876953,28.049999237060547,29.950000762939453,28.0,28.549999237060547,4307
2011-01-28 00:00:00+00:00,23.548376083374023,27.899999618530273,28.299999237060547,26.850000381469727,27.700000762939453,15789
2011-01-31 00:00:00+00:00,22.957557678222656,27.200000762939453,27.350000381469727,26.5,26.700000762939453,8646
2011-02-01 00:00:00+00:00,22.53554344177246,26.700000762939453,27.850000381469727,26.149999618530273,26.5,4578
2011-02-02 00:00:00+00:00,22.830951690673828,27.049999237060547,27.799999237060547,26.0,26.0,3676
2011-02-03 00:00:00+00:00,23.25296401977539,27.549999237060547,27.799999237060547,27.0,27.5,5210
2011-02-04 00:00:00+00:00,23.041955947875977,27.299999237060547,28.950000762939453,27.049999237060547,28.950000762939453,4711
2011-02-07 00:00:00+00:00,22.408937454223633,26.549999237060547,27.5,26.200000762939453,27.0,1812
2011-02-08 00:00:00+00:00,21.986923217773438,26.049999237060547,27.25,25.799999237060547,26.5,3133
2011-02-09 00:00:00+00:00,20.931888580322266,24.799999237060547,25.700000762939453,24.75,25.200000762939453,2844
2011-02-10 00:00:00+00:00,20.847484588623047,24.700000762939453,24.950000762939453,23.600000381469727,23.600000381469727,5099
2011-02-11 00:00:00+00:00,20.931888580322266,24.799999237060547,25.700000762939453,24.0,24.0,2345
2011-02-14 00:00:00+00:00,21.902523040771484,25.950000762939453,26.049999237060547,24.600000381469727,24.600000381469727,1916
2011-02-15 00:00:00+00:00,22.74654769897461,26.950000762939453,27.25,25.75,26.0,4372
2011-02-16 00:00:00+00:00,22.408937454223633,26.549999237060547,26.850000381469727,26.0,26.0,813
2011-02-17 00:00:00+00:00,22.113527297973633,26.200000762939453,27.350000381469727,25.799999237060547,27.350000381469727,1773
2011-02-18 00:00:00+00:00,21.269500732421875,25.200000762939453,26.200000762939453,25.200000762939453,25.450000762939453,3013
2011-02-21 00:00:00+00:00,22.366735458374023,26.5,26.5,24.899999618530273,24.899999618530273,1184
2011-02-22 00:00:00+00:00,21.269500732421875,25.200000762939453,27.850000381469727,25.200000762939453,27.850000381469727,2289
2011-02-23 00:00:00+00:00,21.100692749023438,25.0,26.100000381469727,24.0,24.0,1995
2011-02-24 00:00:00+00:00,20.214466094970703,23.950000762939453,25.450000762939453,23.850000381469727,24.0,1158
2011-02-25 00:00:00+00:00,20.974088668823242,24.850000381469727,25.149999618530273,23.0,23.0,1844
2011-02-28 00:00:00+00:00,20.76308250427246,24.600000381469727,25.0,23.950000762939453,24.0,3312
2011-03-01 00:00:00+00:00,21.100692749023438,25.0,25.299999237060547,24.0,24.0,2301
2011-03-03 00:00:00+00:00,20.552074432373047,24.350000381469727,25.899999618530273,24.100000381469727,25.899999618530273,2061
2011-03-04 00:00:00+00:00,21.100692749023438,25.0,25.0,23.899999618530273,23.899999618530273,1304
2011-03-07 00:00:00+00:00,21.522706985473633,25.5,25.5,24.799999237060547,25.149999618530273,2085
2011-03-08 00:00:00+00:00,20.720882415771484,24.549999237060547,25.200000762939453,24.299999237060547,24.299999237060547,3603
2011-03-09 00:00:00+00:00,21.860315322875977,25.899999618530273,26.350000381469727,24.5,25.0,8738
2011-03-10 00:00:00+00:00,22.071325302124023,26.149999618530273,26.450000762939453,25.899999618530273,25.899999618530273,2484
2011-03-11 00:00:00+00:00,21.396102905273438,25.350000381469727,25.950000762939453,25.0,25.0,1492
2011-03-14 00:00:00+00:00,21.775917053222656,25.799999237060547,25.899999618530273,25.0,25.0,1982
2011-03-15 00:00:00+00:00,21.311702728271484,25.25,25.649999618530273,24.0,24.5,2740
2011-03-16 00:00:00+00:00,21.902523040771484,25.950000762939453,26.350000381469727,24.200000762939453,24.200000762939453,1130
2011-03-17 00:00:00+00:00,21.18509864807129,25.100000381469727,25.899999618530273,25.100000381469727,25.450000762939453,1000
2011-03-18 00:00:00+00:00,20.76308250427246,24.600000381469727,25.600000381469727,24.0,25.100000381469727,4641
2011-03-21 00:00:00+00:00,20.931888580322266,24.799999237060547,25.25,24.25,24.399999618530273,4117
2011-03-22 00:00:00+00:00,20.425474166870117,24.200000762939453,25.5,24.0,24.5,6461
2011-03-23 00:00:00+00:00,20.383270263671875,24.149999618530273,24.600000381469727,24.0,24.200000762939453,1754
2011-03-24 00:00:00+00:00,19.87685203552246,23.549999237060547,24.5,23.299999237060547,24.149999618530273,7938
2011-03-25 00:00:00+00:00,20.298866271972656,24.049999237060547,24.600000381469727,23.200000762939453,23.200000762939453,13518
2011-03-28 00:00:00+00:00,19.96125602722168,23.649999618530273,24.549999237060547,23.049999237060547,24.299999237060547,4632
2011-03-29 00:00:00+00:00,19.58144760131836,23.200000762939453,24.0,23.049999237060547,24.0,3801
2011-03-30 00:00:00+00:00,20.298866271972656,24.049999237060547,24.25,23.450000762939453,24.25,2544
2011-03-31 00:00:00+00:00,19.497041702270508,23.100000381469727,24.25,23.0,24.25,2800
2011-04-01 00:00:00+00:00,20.25666618347168,24.0,24.200000762939453,22.799999237060547,22.799999237060547,8589
2011-04-04 00:00:00+00:00,22.282333374023438,26.399999618530273,26.399999618530273,24.799999237060547,24.850000381469727,12208
2011-04-05 00:00:00+00:00,24.51900863647461,29.049999237060547,29.049999237060547,26.0,26.5,19359
2011-04-06 00:00:00+00:00,26.16486167907715,31.0,31.950000762939453,30.0,30.5,22657
2011-04-07 00:00:00+00:00,25.363037109375,30.049999237060547,31.700000762939453,29.950000762939453,31.5,11480
2011-04-08 00:00:00+00:00,24.265798568725586,28.75,31.350000381469727,28.649999618530273,31.350000381469727,2847
2011-04-11 00:00:00+00:00,23.590576171875,27.950000762939453,29.0,27.649999618530273,28.75,4353
2011-04-13 00:00:00+00:00,23.421772003173828,27.75,27.75,27.649999618530273,27.649999618530273,853
2011-04-15 00:00:00+00:00,23.632776260375977,28.0,28.450000762939453,27.100000381469727,27.100000381469727,655
2011-04-18 00:00:00+00:00,23.84378433227539,28.25,28.5,27.549999237060547,28.399999618530273,2153
2011-04-19 00:00:00+00:00,22.830951690673828,27.049999237060547,28.0,26.899999618530273,27.0,3980
2011-04-20 00:00:00+00:00,22.74654769897461,26.950000762939453,28.0,26.549999237060547,26.600000381469727,2948
2011-04-21 00:00:00+00:00,22.704345703125,26.899999618530273,28.0,26.549999237060547,26.549999237060547,2750
2011-04-25 00:00:00+00:00,22.999759674072266,27.25,27.399999618530273,26.149999618530273,26.149999618530273,2950
2011-04-26 00:00:00+00:00,22.999759674072266,27.25,28.350000381469727,26.600000381469727,27.5,2484
2011-04-27 00:00:00+00:00,22.61994171142578,26.799999237060547,26.899999618530273,26.700000762939453,26.700000762939453,1428
2011-04-28 00:00:00+00:00,22.91535186767578,27.149999618530273,27.649999618530273,26.0,26.049999237060547,5426
2011-04-29 00:00:00+00:00,22.662145614624023,26.850000381469727,27.950000762939453,26.5,26.5,1435
2011-05-02 00:00:00+00:00,22.662145614624023,26.850000381469727,27.0,26.299999237060547,26.600000381469727,8047
2011-05-03 00:00:00+00:00,22.32453727722168,26.450000762939453,26.600000381469727,26.299999237060547,26.299999237060547,675
2011-05-04 00:00:00+00:00,22.071325302124023,26.149999618530273,26.149999618530273,26.049999237060547,26.100000381469727,221
2011-05-05 00:00:00+00:00,22.071325302124023,26.149999618530273,26.700000762939453,25.75,26.5,3195
2011-05-06 00:00:00+00:00,22.15572738647461,26.25,26.299999237060547,25.600000381469727,25.600000381469727,982
2011-05-09 00:00:00+00:00,22.071325302124023,26.149999618530273,26.200000762939453,25.600000381469727,25.600000381469727,1486
2011-05-10 00:00:00+00:00,22.19792938232422,26.299999237060547,26.899999618530273,26.0,26.0,28
2011-05-11 00:00:00+00:00,22.029125213623047,26.100000381469727,26.649999618530273,25.649999618530273,26.049999237060547,1963
2011-05-12 00:00:00+00:00,21.56490707397461,25.549999237060547,27.100000381469727,25.25,26.049999237060547,870
2011-05-13 00:00:00+00:00,21.64931297302246,25.649999618530273,26.799999237060547,25.649999618530273,26.0,1690
2011-05-16 00:00:00+00:00,23.84378433227539,28.25,28.25,27.149999618530273,27.299999237060547,13961
2011-05-17 00:00:00+00:00,26.249267578125,31.100000381469727,31.100000381469727,29.399999618530273,29.399999618530273,27029
2011-05-18 00:00:00+00:00,27.051088333129883,32.04999923706055,33.400001525878906,30.200000762939453,33.0,60361
2011-05-19 00:00:00+00:00,25.99605369567871,30.799999237060547,32.349998474121094,30.299999237060547,31.899999618530273,9784
2011-05-20 00:00:00+00:00,25.067630767822266,29.700000762939453,30.299999237060547,29.549999237060547,29.700000762939453,5330
2011-05-23 00:00:00+00:00,24.265798568725586,28.75,29.899999618530273,28.549999237060547,29.100000381469727,3566
2011-05-24 00:00:00+00:00,24.054792404174805,28.5,29.0,28.049999237060547,28.350000381469727,3734
2011-05-25 00:00:00+00:00,23.928186416625977,28.350000381469727,29.0,28.0,28.149999618530273,2780
2011-05-26 00:00:00+00:00,22.830951690673828,27.049999237060547,28.75,26.5,27.299999237060547,20405
2011-05-27 00:00:00+00:00,23.25296401977539,27.549999237060547,27.700000762939453,26.850000381469727,26.850000381469727,3505
2011-05-30 00:00:00+00:00,24.603408813476562,29.149999618530273,29.450000762939453,27.399999618530273,28.950000762939453,1543
2011-05-31 00:00:00+00:00,26.882286071777344,31.850000381469727,32.099998474121094,29.0,29.0,23347
2011-06-01 00:00:00+00:00,26.713478088378906,31.649999618530273,32.45000076293945,31.299999237060547,32.20000076293945,5890
2011-06-02 00:00:00+00:00,25.86945152282715,30.649999618530273,31.75,30.649999618530273,31.75,987
2011-06-03 00:00:00+00:00,25.616243362426758,30.350000381469727,31.149999618530273,29.25,29.25,2697
2011-06-06 00:00:00+00:00,25.616243362426758,30.350000381469727,30.600000381469727,29.700000762939453,30.049999237060547,1156
2011-06-07 00:00:00+00:00,25.067630767822266,29.700000762939453,30.5,29.5,30.5,448
2011-06-08 00:00:00+00:00,24.983219146728516,29.600000381469727,30.0,29.299999237060547,29.700000762939453,4223
2011-06-09 00:00:00+00:00,24.94101905822754,29.549999237060547,30.399999618530273,29.549999237060547,30.049999237060547,1217
2011-06-10 00:00:00+00:00,24.308000564575195,28.799999237060547,29.799999237060547,28.299999237060547,29.799999237060547,2274
2011-06-13 00:00:00+00:00,24.51900863647461,29.049999237060547,29.450000762939453,28.049999237060547,29.399999618530273,5003
2011-06-14 00:00:00+00:00,24.645610809326172,29.200000762939453,29.5,28.75,29.049999237060547,657
2011-06-15 00:00:00+00:00,24.814416885375977,29.399999618530273,29.700000762939453,29.100000381469727,29.399999618530273,2323
2011-06-16 00:00:00+00:00,24.730012893676758,29.299999237060547,29.5,28.149999618530273,29.049999237060547,3215
2011-06-17 00:00:00+00:00,23.295167922973633,27.600000381469727,29.100000381469727,27.5,29.100000381469727,6677
2011-06-20 00:00:00+00:00,22.957557678222656,27.200000762939453,27.700000762939453,26.0,27.5,7373
2011-06-21 00:00:00+00:00,22.32453727722168,26.450000762939453,27.0,26.100000381469727,26.100000381469727,1924
2011-06-22 00:00:00+00:00,22.49334144592285,26.649999618530273,26.950000762939453,25.700000762939453,26.950000762939453,4710
2011-06-23 00:00:00+00:00,22.49334144592285,26.649999618530273,26.649999618530273,26.049999237060547,26.049999237060547,257
2011-06-24 00:00:00+00:00,22.61994171142578,26.799999237060547,27.0,25.0,25.600000381469727,1566
2011-06-27 00:00:00+00:00,23.041955947875977,27.299999237060547,27.299999237060547,26.5,26.5,3327
2011-06-28 00:00:00+00:00,22.53554344177246,26.700000762939453,27.299999237060547,26.700000762939453,27.299999237060547,1131
2011-06-29 00:00:00+00:00,22.830951690673828,27.049999237060547,27.399999618530273,26.200000762939453,26.25,1773
2011-06-30 00:00:00+00:00,23.126359939575195,27.399999618530273,28.299999237060547,26.200000762939453,27.700000762939453,7057
2011-07-01 00:00:00+00:00,23.590576171875,27.950000762939453,28.5,27.299999237060547,27.299999237060547,1285
2011-07-04 00:00:00+00:00,23.548376083374023,27.899999618530273,29.399999618530273,27.700000762939453,28.0,1032
2011-07-05 00:00:00+00:00,23.295167922973633,27.600000381469727,27.850000381469727,27.200000762939453,27.799999237060547,1834
2011-07-06 00:00:00+00:00,23.463972091674805,27.799999237060547,27.850000381469727,27.299999237060547,27.299999237060547,800
2011-07-07 00:00:00+00:00,24.223596572875977,28.700000762939453,28.75,27.950000762939453,28.200000762939453,4073
2011-07-08 00:00:00+00:00,23.548376083374023,27.899999618530273,29.700000762939453,27.0,27.5,1808
2011-07-11 00:00:00+00:00,23.25296401977539,27.549999237060547,27.950000762939453,27.299999237060547,27.850000381469727,694
2011-07-12 00:00:00+00:00,23.80158233642578,28.200000762939453,28.399999618530273,26.049999237060547,26.450000762939453,1754
2011-07-13 00:00:00+00:00,23.33736801147461,27.649999618530273,27.75,27.600000381469727,27.75,200
2011-07-14 00:00:00+00:00,23.759382247924805,28.149999618530273,28.649999618530273,28.100000381469727,28.149999618530273,4855
2011-07-15 00:00:00+00:00,23.674976348876953,28.049999237060547,29.0,27.5,28.799999237060547,7101
2011-07-18 00:00:00+00:00,23.885984420776367,28.299999237060547,28.799999237060547,26.799999237060547,26.799999237060547,1419
2011-07-19 00:00:00+00:00,23.759382247924805,28.149999618530273,28.450000762939453,27.899999618530273,28.350000381469727,1360
2011-07-20 00:00:00+00:00,24.94101905822754,29.549999237060547,31.5,28.100000381469727,28.100000381469727,23262
2011-07-21 00:00:00+00:00,25.194231033325195,29.850000381469727,30.25,28.100000381469727,28.149999618530273,7064
2011-07-22 00:00:00+00:00,24.561208724975586,29.100000381469727,29.600000381469727,28.049999237060547,28.75,2596
2011-07-25 00:00:00+00:00,24.012592315673828,28.450000762939453,29.049999237060547,28.200000762939453,28.5,14061
2011-07-26 00:00:00+00:00,24.223596572875977,28.700000762939453,28.950000762939453,27.649999618530273,27.649999618530273,3623
2011-07-27 00:00:00+00:00,23.632776260375977,28.0,28.700000762939453,27.899999618530273,27.899999618530273,1079
2011-07-28 00:00:00+00:00,23.421772003173828,27.75,28.25,27.5,27.700000762939453,975
2011-07-29 00:00:00+00:00,23.33736801147461,27.649999618530273,28.049999237060547,27.299999237060547,28.049999237060547,2224
2011-08-01 00:00:00+00:00,22.662145614624023,26.850000381469727,27.950000762939453,26.399999618530273,27.950000762939453,8201
2011-08-02 00:00:00+00:00,22.451141357421875,26.600000381469727,27.0,26.549999237060547,26.549999237060547,524
2011-08-03 00:00:00+00:00,22.029125213623047,26.100000381469727,26.549999237060547,25.950000762939453,26.25,4845
2011-08-04 00:00:00+00:00,23.168561935424805,27.450000762939453,30.600000381469727,26.700000762939453,26.700000762939453,45353
2011-08-05 00:00:00+00:00,22.91535186767578,27.149999618530273,27.600000381469727,25.799999237060547,26.25,7707
2011-08-08 00:00:00+00:00,21.227298736572266,25.149999618530273,26.850000381469727,24.649999618530273,26.0,6803
2011-08-09 00:00:00+00:00,21.227298736572266,25.149999618530273,25.549999237060547,24.299999237060547,24.299999237060547,2753
2011-08-10 00:00:00+00:00,22.366735458374023,26.5,26.850000381469727,25.25,25.399999618530273,3600
2011-08-11 00:00:00+00:00,21.986923217773438,26.049999237060547,26.399999618530273,25.5,25.549999237060547,670
2011-08-12 00:00:00+00:00,20.50987434387207,24.299999237060547,26.5,24.299999237060547,25.25,6843
2011-08-16 00:00:00+00:00,20.88968849182129,24.75,25.0,24.299999237060547,24.649999618530273,3100
2011-08-17 00:00:00+00:00,20.130064010620117,23.850000381469727,24.899999618530273,23.5,24.299999237060547,3294
2011-08-18 00:00:00+00:00,20.130064010620117,23.850000381469727,23.850000381469727,23.299999237060547,23.450000762939453,648
2011-08-19 00:00:00+00:00,19.58144760131836,23.200000762939453,23.799999237060547,23.0,23.399999618530273,4299
2011-08-22 00:00:00+00:00,19.497041702270508,23.100000381469727,23.200000762939453,20.299999237060547,22.649999618530273,2490
2011-08-23 00:00:00+00:00,19.075029373168945,22.600000381469727,24.5,22.5,24.450000762939453,4298
2011-08-24 00:00:00+00:00,18.906219482421875,22.399999618530273,23.200000762939453,22.0,22.950000762939453,5609
2011-08-25 00:00:00+00:00,18.695215225219727,22.149999618530273,22.399999618530273,21.049999237060547,22.149999618530273,2982
2011-08-26 00:00:00+00:00,18.73741912841797,22.200000762939453,22.75,21.799999237060547,22.700000762939453,1789
2011-08-29 00:00:00+00:00,18.990625381469727,22.5,22.75,22.25,22.649999618530273,1928
2011-08-30 00:00:00+00:00,19.11722755432129,22.649999618530273,23.0,22.5,22.899999618530273,2353
2011-09-02 00:00:00+00:00,19.11722755432129,22.649999618530273,23.200000762939453,22.149999618530273,22.600000381469727,5550
2011-09-05 00:00:00+00:00,19.075029373168945,22.600000381469727,22.600000381469727,22.200000762939453,22.200000762939453,1100
2011-09-06 00:00:00+00:00,19.075029373168945,22.600000381469727,23.5,22.0,23.5,5476
2011-09-07 00:00:00+00:00,20.383270263671875,24.149999618530273,24.399999618530273,22.950000762939453,22.950000762939453,4038
2011-09-08 00:00:00+00:00,21.227298736572266,25.149999618530273,25.25,23.5,23.5,5087
2011-09-09 00:00:00+00:00,20.0456600189209,23.75,24.700000762939453,23.700000762939453,24.700000762939453,3609
2011-09-12 00:00:00+00:00,19.412639617919922,23.0,23.700000762939453,22.25,23.0,537
2011-09-13 00:00:00+00:00,20.172264099121094,23.899999618530273,24.899999618530273,23.399999618530273,24.5,2447
2011-09-14 00:00:00+00:00,20.25666618347168,24.0,24.0,23.799999237060547,23.799999237060547,674
2011-09-15 00:00:00+00:00,20.467674255371094,24.25,24.25,23.5,23.5,1670
2011-09-16 00:00:00+00:00,20.25666618347168,24.0,24.0,23.5,23.5,100
2011-09-19 00:00:00+00:00,19.792449951171875,23.450000762939453,24.299999237060547,23.350000381469727,23.799999237060547,242
2011-09-20 00:00:00+00:00,19.62364959716797,23.25,24.200000762939453,23.25,24.200000762939453,1226
2011-09-21 00:00:00+00:00,20.467674255371094,24.25,24.5,24.0,24.0,762
2011-09-22 00:00:00+00:00,19.62364959716797,23.25,24.100000381469727,23.0,23.5,2155
2011-09-23 00:00:00+00:00,19.032827377319336,22.549999237060547,23.25,22.100000381469727,23.0,2519
2011-09-26 00:00:00+00:00,18.990625381469727,22.5,22.700000762939453,22.100000381469727,22.5,610
2011-09-27 00:00:00+00:00,18.906219482421875,22.399999618530273,22.700000762939453,22.100000381469727,22.25,4388
2011-09-28 00:00:00+00:00,18.357603073120117,21.75,22.200000762939453,21.75,22.100000381469727,433
2011-09-29 00:00:00+00:00,18.86402130126953,22.350000381469727,23.0,21.950000762939453,22.200000762939453,4991
2011-09-30 00:00:00+00:00,18.4420108795166,21.850000381469727,22.0,21.649999618530273,22.0,380
2011-10-03 00:00:00+00:00,17.766782760620117,21.049999237060547,21.75,20.549999237060547,21.25,2487
2011-10-04 00:00:00+00:00,17.21816635131836,20.399999618530273,21.25,20.200000762939453,20.200000762939453,3613
2011-10-05 00:00:00+00:00,17.471376419067383,20.700000762939453,20.700000762939453,20.299999237060547,20.5,1002
2011-10-07 00:00:00+00:00,18.019994735717773,21.350000381469727,21.450000762939453,20.5,20.5,554
2011-10-10 00:00:00+00:00,18.4420108795166,21.850000381469727,21.850000381469727,21.0,21.0,651
2011-10-11 00:00:00+00:00,18.273202896118164,21.649999618530273,22.549999237060547,21.5,21.5,1298
2011-10-12 00:00:00+00:00,18.019994735717773,21.350000381469727,21.350000381469727,21.350000381469727,21.350000381469727,120
2011-10-13 00:00:00+00:00,18.146596908569336,21.5,22.399999618530273,21.0,21.5,14052
2011-10-14 00:00:00+00:00,18.146596908569336,21.5,21.549999237060547,20.549999237060547,20.549999237060547,1081
2011-10-17 00:00:00+00:00,18.273202896118164,21.649999618530273,22.200000762939453,21.5,22.200000762939453,243
2011-10-18 00:00:00+00:00,17.893388748168945,21.200000762939453,21.399999618530273,21.0,21.399999618530273,854
2011-10-19 00:00:00+00:00,17.935588836669922,21.25,21.700000762939453,21.200000762939453,21.25,365
2011-10-20 00:00:00+00:00,17.724584579467773,21.0,21.700000762939453,21.0,21.0,473
2011-10-21 00:00:00+00:00,17.682384490966797,20.950000762939453,21.0,20.049999237060547,20.700000762939453,1413
2011-10-24 00:00:00+00:00,17.808984756469727,21.100000381469727,21.100000381469727,20.299999237060547,20.75,2300
2011-10-25 00:00:00+00:00,17.724584579467773,21.0,21.399999618530273,20.200000762939453,20.200000762939453,359
2011-10-28 00:00:00+00:00,18.73741912841797,22.200000762939453,22.350000381469727,20.600000381469727,20.600000381469727,3720
2011-10-31 00:00:00+00:00,18.906219482421875,22.399999618530273,22.549999237060547,21.850000381469727,22.5,156
2011-11-01 00:00:00+00:00,17.977792739868164,21.299999237060547,21.950000762939453,21.25,21.450000762939453,1746
2011-11-02 00:00:00+00:00,17.935588836669922,21.25,22.25,20.649999618530273,20.649999618530273,806
2011-11-03 00:00:00+00:00,18.104394912719727,21.450000762939453,22.0,21.25,21.75,1086
2011-11-04 00:00:00+00:00,18.31540298461914,21.700000762939453,22.450000762939453,21.5,21.899999618530273,6417
2011-11-08 00:00:00+00:00,18.695215225219727,22.149999618530273,22.299999237060547,21.25,21.350000381469727,2920
2011-11-09 00:00:00+00:00,18.948423385620117,22.450000762939453,23.0,22.299999237060547,22.700000762939453,4799
2011-11-11 00:00:00+00:00,17.808984756469727,21.100000381469727,21.799999237060547,20.549999237060547,21.600000381469727,2686
2011-11-14 00:00:00+00:00,17.21816635131836,20.399999618530273,21.0,19.5,21.0,6659
2011-11-15 00:00:00+00:00,15.614517211914062,18.5,20.399999618530273,17.899999618530273,20.399999618530273,7107
2011-11-16 00:00:00+00:00,15.867722511291504,18.799999237060547,18.799999237060547,17.350000381469727,17.350000381469727,1496
2011-11-17 00:00:00+00:00,15.57231330871582,18.450000762939453,19.299999237060547,18.100000381469727,19.299999237060547,532
2011-11-18 00:00:00+00:00,15.108097076416016,17.899999618530273,18.149999618530273,16.899999618530273,18.0,4637
2011-11-21 00:00:00+00:00,14.517278671264648,17.200000762939453,17.5,16.200000762939453,17.350000381469727,2784
2011-11-22 00:00:00+00:00,15.108097076416016,17.899999618530273,18.25,17.25,17.799999237060547,1764
2011-11-23 00:00:00+00:00,14.939290046691895,17.700000762939453,18.600000381469727,17.700000762939453,18.049999237060547,402
2011-11-24 00:00:00+00:00,15.150300979614258,17.950000762939453,18.149999618530273,17.600000381469727,18.0,1370
2011-11-25 00:00:00+00:00,15.95212459564209,18.899999618530273,18.899999618530273,18.399999618530273,18.5,1456
2011-11-28 00:00:00+00:00,15.403508186340332,18.25,19.950000762939453,18.25,19.0,1350
2011-11-29 00:00:00+00:00,15.614517211914062,18.5,19.450000762939453,18.399999618530273,18.950000762939453,5894
2011-11-30 00:00:00+00:00,16.247533798217773,19.25,19.450000762939453,18.5,19.299999237060547,2182
2011-12-01 00:00:00+00:00,16.58514404296875,19.649999618530273,19.950000762939453,18.75,18.799999237060547,2475
2011-12-02 00:00:00+00:00,15.741119384765625,18.649999618530273,19.950000762939453,18.600000381469727,19.950000762939453,1439
2011-12-05 00:00:00+00:00,15.909924507141113,18.850000381469727,19.700000762939453,18.649999618530273,19.649999618530273,400
2011-12-07 00:00:00+00:00,16.6695499420166,19.75,19.799999237060547,18.549999237060547,18.549999237060547,2513
2011-12-08 00:00:00+00:00,16.75395393371582,19.850000381469727,19.950000762939453,19.0,19.0,902
2011-12-09 00:00:00+00:00,16.078725814819336,19.049999237060547,20.0,18.850000381469727,20.0,1442
2011-12-12 00:00:00+00:00,15.614517211914062,18.5,18.600000381469727,18.200000762939453,18.200000762939453,950
2011-12-13 00:00:00+00:00,15.403508186340332,18.25,18.899999618530273,18.0,18.0,651
2011-12-14 00:00:00+00:00,16.120927810668945,19.100000381469727,19.399999618530273,18.850000381469727,18.850000381469727,3134
2011-12-15 00:00:00+00:00,15.487909317016602,18.350000381469727,18.75,18.25,18.25,2899
2011-12-16 00:00:00+00:00,14.939290046691895,17.700000762939453,19.100000381469727,17.5,19.100000381469727,1201
2011-12-19 00:00:00+00:00,13.926458358764648,16.5,17.5,16.399999618530273,17.5,2545
2011-12-20 00:00:00+00:00,13.46224308013916,15.949999809265137,16.850000381469727,15.600000381469727,16.799999237060547,3594
2011-12-21 00:00:00+00:00,13.631049156188965,16.149999618530273,16.200000762939453,16.149999618530273,16.200000762939453,1302
2011-12-22 00:00:00+00:00,13.631049156188965,16.149999618530273,16.950000762939453,16.149999618530273,16.450000762939453,2570
2011-12-23 00:00:00+00:00,14.43287467956543,17.100000381469727,17.25,14.199999809265137,16.049999237060547,5352
2011-12-26 00:00:00+00:00,14.137466430664062,16.75,17.0,16.149999618530273,16.200000762939453,885
2011-12-27 00:00:00+00:00,13.757652282714844,16.299999237060547,17.25,16.25,17.049999237060547,3991
2011-12-28 00:00:00+00:00,13.926458358764648,16.5,16.899999618530273,16.100000381469727,16.850000381469727,411
2011-12-29 00:00:00+00:00,13.546645164489746,16.049999237060547,17.0,15.850000381469727,16.950000762939453,781
2011-12-30 00:00:00+00:00,13.588847160339355,16.100000381469727,16.899999618530273,15.0,16.100000381469727,2567
2012-01-02 00:00:00+00:00,13.42004108428955,15.899999618530273,16.100000381469727,15.699999809265137,16.100000381469727,805
2012-01-03 00:00:00+00:00,14.095263481140137,16.700000762939453,16.950000762939453,16.25,16.700000762939453,908
2012-01-04 00:00:00+00:00,14.264068603515625,16.899999618530273,16.950000762939453,16.25,16.700000762939453,1820
2012-01-05 00:00:00+00:00,13.968660354614258,16.549999237060547,17.450000762939453,16.549999237060547,17.450000762939453,558
2012-01-06 00:00:00+00:00,13.884258270263672,16.450000762939453,16.5,16.350000381469727,16.450000762939453,285
2012-01-09 00:00:00+00:00,14.348470687866211,17.0,17.0,16.950000762939453,16.950000762939453,25
2012-01-10 00:00:00+00:00,15.994325637817383,18.950000762939453,19.799999237060547,17.200000762939453,17.200000762939453,8194
2012-01-11 00:00:00+00:00,16.96495819091797,20.100000381469727,20.350000381469727,18.200000762939453,18.5,3340
2012-01-12 00:00:00+00:00,17.04936408996582,20.200000762939453,20.25,19.75,20.200000762939453,1616
2012-01-13 00:00:00+00:00,17.17596435546875,20.350000381469727,20.450000762939453,19.799999237060547,19.799999237060547,2140
2012-01-16 00:00:00+00:00,16.88055419921875,20.0,20.100000381469727,19.0,20.0,687
2012-01-17 00:00:00+00:00,16.500743865966797,19.549999237060547,21.899999618530273,19.049999237060547,21.899999618530273,3042
2012-01-18 00:00:00+00:00,16.331937789916992,19.350000381469727,19.5,19.200000762939453,19.25,1394
2012-01-19 00:00:00+00:00,16.838354110717773,19.950000762939453,20.0,19.25,19.899999618530273,331
2012-01-20 00:00:00+00:00,16.078725814819336,19.049999237060547,19.899999618530273,18.549999237060547,19.899999618530273,2253
2012-01-23 00:00:00+00:00,16.20533561706543,19.200000762939453,19.899999618530273,19.0,19.0,351
2012-01-24 00:00:00+00:00,16.796154022216797,19.899999618530273,19.950000762939453,18.850000381469727,19.899999618530273,3272
2012-01-25 00:00:00+00:00,16.247533798217773,19.25,19.5,19.200000762939453,19.5,1686
2012-01-27 00:00:00+00:00,17.04936408996582,20.200000762939453,20.649999618530273,18.25,19.200000762939453,13206
2012-01-30 00:00:00+00:00,16.58514404296875,19.649999618530273,20.450000762939453,19.200000762939453,20.200000762939453,12084
2012-01-31 00:00:00+00:00,19.87685203552246,23.549999237060547,23.549999237060547,19.399999618530273,19.950000762939453,148620
2012-02-01 00:00:00+00:00,19.032827377319336,22.549999237060547,25.0,22.100000381469727,24.25,52481
2012-02-02 00:00:00+00:00,20.130064010620117,23.850000381469727,24.450000762939453,22.350000381469727,22.350000381469727,11868
2012-02-03 00:00:00+00:00,19.58144760131836,23.200000762939453,24.399999618530273,22.950000762939453,23.899999618530273,10281
2012-02-06 00:00:00+00:00,18.610811233520508,22.049999237060547,23.450000762939453,18.600000381469727,21.049999237060547,22560
2012-02-07 00:00:00+00:00,18.653013229370117,22.100000381469727,22.950000762939453,21.549999237060547,22.950000762939453,4301
2012-02-08 00:00:00+00:00,18.73741912841797,22.200000762939453,22.75,21.450000762939453,22.0,4624
2012-02-09 00:00:00+00:00,18.4420108795166,21.850000381469727,22.600000381469727,21.5,22.049999237060547,2785
2012-02-10 00:00:00+00:00,18.357603073120117,21.75,22.350000381469727,21.25,21.5,12887
2012-02-13 00:00:00+00:00,18.568614959716797,22.0,22.5,21.0,21.549999237060547,1644
2012-02-14 00:00:00+00:00,18.568614959716797,22.0,22.399999618530273,21.049999237060547,22.399999618530273,6187
2012-02-15 00:00:00+00:00,18.4420108795166,21.850000381469727,22.649999618530273,21.75,21.799999237060547,7845
2012-02-16 00:00:00+00:00,18.231000900268555,21.600000381469727,22.399999618530273,21.600000381469727,22.399999618530273,1735
2012-02-17 00:00:00+00:00,18.273202896118164,21.649999618530273,22.700000762939453,20.5,22.25,11155
2012-02-21 00:00:00+00:00,18.31540298461914,21.700000762939453,22.850000381469727,21.649999618530273,22.850000381469727,1607
2012-02-22 00:00:00+00:00,18.019994735717773,21.350000381469727,22.450000762939453,21.200000762939453,21.200000762939453,3298
2012-02-23 00:00:00+00:00,17.935588836669922,21.25,21.450000762939453,20.399999618530273,21.0,6068
2012-02-24 00:00:00+00:00,17.724584579467773,21.0,22.0,20.549999237060547,22.0,1439
2012-02-27 00:00:00+00:00,17.386972427368164,20.600000381469727,20.75,20.100000381469727,20.5,788
2012-02-28 00:00:00+00:00,18.104394912719727,21.450000762939453,21.75,20.0,21.75,8507
2012-02-29 00:00:00+00:00,17.935588836669922,21.25,21.299999237060547,21.0,21.200000762939453,12735
2012-03-01 00:00:00+00:00,17.935588836669922,21.25,21.649999618530273,20.549999237060547,21.649999618530273,232
2012-03-02 00:00:00+00:00,17.471376419067383,20.700000762939453,21.299999237060547,20.600000381469727,21.25,451
2012-03-05 00:00:00+00:00,17.429170608520508,20.649999618530273,22.0,20.600000381469727,22.0,2109
2012-03-06 00:00:00+00:00,16.75395393371582,19.850000381469727,21.700000762939453,19.850000381469727,21.700000762939453,4063
2012-03-07 00:00:00+00:00,16.88055419921875,20.0,20.0,19.350000381469727,20.0,722
2012-03-09 00:00:00+00:00,16.88055419921875,20.0,20.950000762939453,19.5,20.950000762939453,3223
2012-03-12 00:00:00+00:00,17.17596435546875,20.350000381469727,21.5,20.200000762939453,20.899999618530273,5602
2012-03-13 00:00:00+00:00,17.21816635131836,20.399999618530273,21.5,20.399999618530273,21.5,2086
2012-03-14 00:00:00+00:00,17.2603702545166,20.450000762939453,20.5,19.700000762939453,19.799999237060547,474
2012-03-15 00:00:00+00:00,16.92275619506836,20.049999237060547,20.649999618530273,19.350000381469727,19.649999618530273,1188
2012-03-16 00:00:00+00:00,17.17596435546875,20.350000381469727,20.399999618530273,19.100000381469727,19.149999618530273,1653
2012-03-19 00:00:00+00:00,16.838354110717773,19.950000762939453,20.0,19.25,19.649999618530273,1676
2012-03-20 00:00:00+00:00,16.62734603881836,19.700000762939453,20.75,19.0,20.75,3248
2012-03-21 00:00:00+00:00,16.542943954467773,19.600000381469727,20.25,19.600000381469727,20.0,2730
2012-03-22 00:00:00+00:00,17.133760452270508,20.299999237060547,20.399999618530273,19.700000762939453,20.399999618530273,666
2012-03-23 00:00:00+00:00,16.838354110717773,19.950000762939453,20.450000762939453,19.049999237060547,19.149999618530273,407
2012-03-26 00:00:00+00:00,16.838354110717773,19.950000762939453,19.950000762939453,19.950000762939453,19.950000762939453,0
2012-03-27 00:00:00+00:00,15.741119384765625,18.649999618530273,20.850000381469727,17.600000381469727,20.850000381469727,1438
2012-03-28 00:00:00+00:00,15.57231330871582,18.450000762939453,18.5,18.049999237060547,18.200000762939453,2043
2012-03-29 00:00:00+00:00,15.361307144165039,18.200000762939453,18.799999237060547,18.149999618530273,18.649999618530273,562
2012-03-30 00:00:00+00:00,15.614517211914062,18.5,18.899999618530273,17.649999618530273,18.149999618530273,3955
2012-04-02 00:00:00+00:00,16.45854377746582,19.5,19.5,18.0,18.149999618530273,502
2012-04-03 00:00:00+00:00,17.21816635131836,20.399999618530273,20.850000381469727,19.850000381469727,20.850000381469727,6568
2012-04-04 00:00:00+00:00,17.302568435668945,20.5,20.5,19.850000381469727,19.850000381469727,453
2012-04-09 00:00:00+00:00,17.597978591918945,20.850000381469727,20.899999618530273,19.649999618530273,19.700000762939453,5320
2012-04-10 00:00:00+00:00,17.640180587768555,20.899999618530273,21.649999618530273,19.75,21.649999618530273,657
2012-04-11 00:00:00+00:00,17.682384490966797,20.950000762939453,21.25,19.75,19.75,1797
2012-04-12 00:00:00+00:00,17.429170608520508,20.649999618530273,21.399999618530273,19.75,19.75,3473
2012-04-13 00:00:00+00:00,17.724584579467773,21.0,21.25,20.299999237060547,21.25,284
2012-04-16 00:00:00+00:00,17.21816635131836,20.399999618530273,21.25,19.799999237060547,19.799999237060547,2992
2012-04-17 00:00:00+00:00,18.019994735717773,21.350000381469727,21.450000762939453,20.700000762939453,21.450000762939453,4767
2012-04-18 00:00:00+00:00,17.724584579467773,21.0,21.450000762939453,20.399999618530273,20.399999618530273,4351
2012-04-19 00:00:00+00:00,17.429170608520508,20.649999618530273,21.0,20.600000381469727,20.600000381469727,261
2012-04-20 00:00:00+00:00,17.21816635131836,20.399999618530273,20.399999618530273,20.299999237060547,20.399999618530273,185
2012-04-23 00:00:00+00:00,18.104394912719727,21.450000762939453,21.75,19.600000381469727,20.5,6595
2012-04-24 00:00:00+00:00,17.724584579467773,21.0,21.950000762939453,20.649999618530273,21.950000762939453,1468
2012-04-25 00:00:00+00:00,17.344772338867188,20.549999237060547,20.700000762939453,20.549999237060547,20.700000762939453,1521
2012-04-26 00:00:00+00:00,17.429170608520508,20.649999618530273,20.649999618530273,20.149999618530273,20.149999618530273,535
2012-04-27 00:00:00+00:00,16.838354110717773,19.950000762939453,20.399999618530273,19.549999237060547,20.149999618530273,2101
2012-04-30 00:00:00+00:00,16.542943954467773,19.600000381469727,20.5,19.600000381469727,19.700000762939453,1084
2012-05-02 00:00:00+00:00,16.75395393371582,19.850000381469727,21.5,19.600000381469727,21.5,7405
2012-05-03 00:00:00+00:00,17.04936408996582,20.200000762939453,20.399999618530273,19.600000381469727,19.600000381469727,334
2012-05-04 00:00:00+00:00,16.500743865966797,19.549999237060547,21.350000381469727,19.0,21.350000381469727,2592
2012-05-07 00:00:00+00:00,16.838354110717773,19.950000762939453,20.850000381469727,19.950000762939453,20.850000381469727,774
2012-05-08 00:00:00+00:00,16.416337966918945,19.450000762939453,21.0,19.25,21.0,8995
2012-05-09 00:00:00+00:00,16.20533561706543,19.200000762939453,19.700000762939453,19.0,19.0,1336
2012-05-10 00:00:00+00:00,16.796154022216797,19.899999618530273,19.950000762939453,18.5,18.5,1095
2012-05-11 00:00:00+00:00,16.45854377746582,19.5,20.0,19.25,19.950000762939453,1654
2012-05-14 00:00:00+00:00,15.614517211914062,18.5,19.25,18.5,19.25,1081
2012-05-15 00:00:00+00:00,16.120927810668945,19.100000381469727,19.950000762939453,18.700000762939453,19.950000762939453,2445
2012-05-16 00:00:00+00:00,16.036527633666992,19.0,19.0,18.25,18.25,752
2012-05-17 00:00:00+00:00,16.416337966918945,19.450000762939453,19.5,18.649999618530273,19.049999237060547,766
2012-05-18 00:00:00+00:00,15.909924507141113,18.850000381469727,18.850000381469727,17.700000762939453,18.5,555
2012-05-21 00:00:00+00:00,15.445708274841309,18.299999237060547,19.899999618530273,18.25,19.899999618530273,825
2012-05-22 00:00:00+00:00,15.487909317016602,18.350000381469727,19.049999237060547,18.200000762939453,19.049999237060547,260
2012-05-23 00:00:00+00:00,16.078725814819336,19.049999237060547,19.600000381469727,18.5,18.700000762939453,1550
2012-05-24 00:00:00+00:00,15.867722511291504,18.799999237060547,19.049999237060547,18.450000762939453,18.450000762939453,1520
2012-05-25 00:00:00+00:00,16.62734603881836,19.700000762939453,19.700000762939453,19.700000762939453,19.700000762939453,1
2012-05-28 00:00:00+00:00,16.88055419921875,20.0,20.850000381469727,19.5,19.950000762939453,3177
2012-05-29 00:00:00+00:00,16.542943954467773,19.600000381469727,20.649999618530273,19.299999237060547,20.299999237060547,149
2012-05-30 00:00:00+00:00,16.71175193786621,19.799999237060547,20.0,19.75,20.0,16
2012-05-31 00:00:00+00:00,16.289735794067383,19.299999237060547,19.350000381469727,18.899999618530273,19.0,1120
2012-06-01 00:00:00+00:00,15.95212459564209,18.899999618530273,19.649999618530273,18.899999618530273,18.950000762939453,895
2012-06-04 00:00:00+00:00,16.45854377746582,19.5,19.5,18.450000762939453,18.450000762939453,165
2012-06-05 00:00:00+00:00,15.698917388916016,18.600000381469727,18.649999618530273,18.600000381469727,18.649999618530273,61
2012-06-06 00:00:00+00:00,15.614517211914062,18.5,20.0,18.5,18.600000381469727,1897
2012-06-07 00:00:00+00:00,15.65671443939209,18.549999237060547,18.549999237060547,18.549999237060547,18.549999237060547,301
2012-06-08 00:00:00+00:00,15.57231330871582,18.450000762939453,19.0,18.399999618530273,18.399999618530273,429
2012-06-11 00:00:00+00:00,16.416337966918945,19.450000762939453,19.5,18.600000381469727,19.5,835
2012-06-12 00:00:00+00:00,15.95212459564209,18.899999618530273,19.149999618530273,18.600000381469727,19.0,1409
2012-06-13 00:00:00+00:00,16.036527633666992,19.0,19.0,18.5,18.5,1672
2012-06-14 00:00:00+00:00,15.57231330871582,18.450000762939453,18.5,18.399999618530273,18.5,821
2012-06-15 00:00:00+00:00,15.698917388916016,18.600000381469727,18.75,18.0,18.75,6569
2012-06-18 00:00:00+00:00,15.403508186340332,18.25,19.950000762939453,18.25,19.950000762939453,1508
2012-06-19 00:00:00+00:00,15.530109405517578,18.399999618530273,18.75,18.0,18.149999618530273,409
2012-06-20 00:00:00+00:00,15.530109405517578,18.399999618530273,18.399999618530273,18.299999237060547,18.299999237060547,151
2012-06-21 00:00:00+00:00,15.57231330871582,18.450000762939453,18.450000762939453,18.450000762939453,18.450000762939453,200
2012-06-22 00:00:00+00:00,16.247533798217773,19.25,19.5,18.049999237060547,18.5,4582
2012-06-25 00:00:00+00:00,15.867722511291504,18.799999237060547,19.649999618530273,18.399999618530273,19.0,946
2012-06-26 00:00:00+00:00,15.994325637817383,18.950000762939453,19.0,18.399999618530273,19.0,1012
2012-06-27 00:00:00+00:00,16.036527633666992,19.0,19.200000762939453,18.5,18.5,845
2012-06-28 00:00:00+00:00,16.120927810668945,19.100000381469727,19.700000762939453,19.100000381469727,19.100000381469727,1252
2012-06-29 00:00:00+00:00,15.909924507141113,18.850000381469727,19.5,18.799999237060547,19.100000381469727,918
2012-07-02 00:00:00+00:00,16.6695499420166,19.75,19.75,19.75,19.75,1100
2012-07-03 00:00:00+00:00,16.37413787841797,19.399999618530273,20.0,19.0,19.399999618530273,3081
2012-07-04 00:00:00+00:00,16.416337966918945,19.450000762939453,19.899999618530273,19.200000762939453,19.399999618530273,392
2012-07-05 00:00:00+00:00,17.935588836669922,21.25,22.700000762939453,19.100000381469727,19.100000381469727,7107
2012-07-06 00:00:00+00:00,17.386972427368164,20.600000381469727,22.450000762939453,20.5,21.350000381469727,4487
2012-07-09 00:00:00+00:00,17.682384490966797,20.950000762939453,21.399999618530273,20.399999618530273,20.700000762939453,3028
2012-07-10 00:00:00+00:00,16.96495819091797,20.100000381469727,20.950000762939453,19.850000381469727,20.5,3058
2012-07-11 00:00:00+00:00,16.838354110717773,19.950000762939453,20.549999237060547,19.899999618530273,20.100000381469727,1282
2012-07-12 00:00:00+00:00,16.20533561706543,19.200000762939453,19.950000762939453,19.100000381469727,19.899999618530273,2540
2012-07-13 00:00:00+00:00,16.75395393371582,19.850000381469727,20.0,19.25,19.25,1337
2012-07-16 00:00:00+00:00,16.20533561706543,19.200000762939453,20.350000381469727,18.700000762939453,20.350000381469727,1831
2012-07-17 00:00:00+00:00,16.500743865966797,19.549999237060547,19.549999237060547,18.700000762939453,19.200000762939453,1865
2012-07-18 00:00:00+00:00,15.741119384765625,18.649999618530273,19.399999618530273,18.5,19.399999618530273,256
2012-07-19 00:00:00+00:00,16.62734603881836,19.700000762939453,19.950000762939453,19.299999237060547,19.950000762939453,104
2012-07-20 00:00:00+00:00,16.500743865966797,19.549999237060547,19.549999237060547,18.600000381469727,19.5,2725
2012-07-23 00:00:00+00:00,16.036527633666992,19.0,19.649999618530273,18.299999237060547,19.0,1960
2012-07-24 00:00:00+00:00,16.036527633666992,19.0,19.0,19.0,19.0,0
2012-07-25 00:00:00+00:00,16.036527633666992,19.0,19.0,18.649999618530273,18.700000762939453,1022
2012-07-26 00:00:00+00:00,15.909924507141113,18.850000381469727,19.0,18.5,18.950000762939453,535
2012-07-27 00:00:00+00:00,15.614517211914062,18.5,19.350000381469727,18.25,19.0,972
2012-07-30 00:00:00+00:00,15.192499160766602,18.0,18.850000381469727,18.0,18.450000762939453,664
2012-07-31 00:00:00+00:00,15.57231330871582,18.450000762939453,18.450000762939453,18.149999618530273,18.200000762939453,1261
2012-08-01 00:00:00+00:00,16.120927810668945,19.100000381469727,19.649999618530273,18.5,18.5,1488
2012-08-02 00:00:00+00:00,16.163135528564453,19.149999618530273,19.450000762939453,18.899999618530273,18.899999618530273,62
2012-08-03 00:00:00+00:00,16.416337966918945,19.450000762939453,19.450000762939453,18.600000381469727,18.600000381469727,1110
2012-08-06 00:00:00+00:00,16.163135528564453,19.149999618530273,19.950000762939453,19.0,19.950000762939453,2674
2012-08-07 00:00:00+00:00,17.5557804107666,20.799999237060547,22.450000762939453,18.649999618530273,18.950000762939453,19905
2012-08-08 00:00:00+00:00,17.471376419067383,20.700000762939453,21.200000762939453,20.5,20.799999237060547,3091
2012-08-09 00:00:00+00:00,16.71175193786621,19.799999237060547,20.950000762939453,19.799999237060547,20.75,363
2012-08-10 00:00:00+00:00,16.838354110717773,19.950000762939453,20.700000762939453,19.600000381469727,19.600000381469727,5838
2012-08-13 00:00:00+00:00,15.95212459564209,18.899999618530273,20.100000381469727,18.25,20.100000381469727,13079
2012-08-14 00:00:00+00:00,15.909924507141113,18.850000381469727,18.850000381469727,18.450000762939453,18.600000381469727,1641
2012-08-16 00:00:00+00:00,16.58514404296875,19.649999618530273,19.899999618530273,18.549999237060547,18.549999237060547,6394
2012-08-17 00:00:00+00:00,16.542943954467773,19.600000381469727,20.700000762939453,19.5,20.700000762939453,5405
2012-08-21 00:00:00+00:00,16.331937789916992,19.350000381469727,19.850000381469727,18.950000762939453,19.0,1525
2012-08-22 00:00:00+00:00,16.71175193786621,19.799999237060547,20.700000762939453,19.100000381469727,19.100000381469727,1598
2012-08-23 00:00:00+00:00,16.796154022216797,19.899999618530273,20.0,19.0,19.549999237060547,1212
2012-08-24 00:00:00+00:00,16.542943954467773,19.600000381469727,19.649999618530273,19.25,19.5,517
2012-08-27 00:00:00+00:00,16.71175193786621,19.799999237060547,19.799999237060547,19.799999237060547,19.799999237060547,161
2012-08-28 00:00:00+00:00,16.036527633666992,19.0,20.0,19.0,19.799999237060547,686
2012-08-29 00:00:00+00:00,15.909924507141113,18.850000381469727,18.899999618530273,18.850000381469727,18.899999618530273,4
2012-08-30 00:00:00+00:00,15.95212459564209,18.899999618530273,18.899999618530273,18.899999618530273,18.899999618530273,232
2012-08-31 00:00:00+00:00,16.88055419921875,20.0,20.200000762939453,19.75,19.899999618530273,3401
2012-09-03 00:00:00+00:00,17.513574600219727,20.75,21.0,19.5,19.5,5183
2012-09-04 00:00:00+00:00,16.542943954467773,19.600000381469727,20.5,19.5,20.5,902
2012-09-05 00:00:00+00:00,16.500743865966797,19.549999237060547,19.549999237060547,19.049999237060547,19.049999237060547,576
2012-09-06 00:00:00+00:00,16.078725814819336,19.049999237060547,20.25,19.0,19.399999618530273,1158
2012-09-07 00:00:00+00:00,16.838354110717773,19.950000762939453,20.600000381469727,19.649999618530273,19.649999618530273,251
2012-09-10 00:00:00+00:00,17.724584579467773,21.0,21.0,20.0,20.950000762939453,2224
2012-09-11 00:00:00+00:00,18.779619216918945,22.25,23.399999618530273,21.0,21.0,24115
2012-09-12 00:00:00+00:00,20.214466094970703,23.950000762939453,25.25,22.799999237060547,22.799999237060547,24442
2012-09-13 00:00:00+00:00,19.24382972717285,22.799999237060547,24.399999618530273,22.5,24.399999618530273,13986
2012-09-14 00:00:00+00:00,18.906219482421875,22.399999618530273,22.950000762939453,22.0,22.5,4929
2012-09-17 00:00:00+00:00,19.412639617919922,23.0,23.700000762939453,22.549999237060547,22.549999237060547,28932
2012-09-18 00:00:00+00:00,18.653013229370117,22.100000381469727,24.0,22.0,23.0,3230
2012-09-20 00:00:00+00:00,17.977792739868164,21.299999237060547,22.0,21.100000381469727,22.0,3938
2012-09-21 00:00:00+00:00,17.808984756469727,21.100000381469727,22.75,20.899999618530273,22.75,3769
2012-09-24 00:00:00+00:00,17.808984756469727,21.100000381469727,22.0,19.649999618530273,22.0,8627
2012-09-25 00:00:00+00:00,18.019994735717773,21.350000381469727,21.700000762939453,21.100000381469727,21.100000381469727,1340
2012-09-26 00:00:00+00:00,17.640180587768555,20.899999618530273,21.5,20.850000381469727,21.5,4201
2012-09-27 00:00:00+00:00,17.724584579467773,21.0,21.0,20.950000762939453,20.950000762939453,802
2012-09-28 00:00:00+00:00,17.640180587768555,20.899999618530273,21.5,20.5,20.5,2515
2012-10-01 00:00:00+00:00,17.513574600219727,20.75,20.799999237060547,20.75,20.799999237060547,350
2012-10-03 00:00:00+00:00,18.019994735717773,21.350000381469727,22.5,20.75,22.5,1999
2012-10-04 00:00:00+00:00,17.893388748168945,21.200000762939453,21.700000762939453,20.850000381469727,21.100000381469727,3888
2012-10-05 00:00:00+00:00,17.766782760620117,21.049999237060547,24.0,20.850000381469727,24.0,2345
2012-10-08 00:00:00+00:00,17.5557804107666,20.799999237060547,21.549999237060547,20.799999237060547,20.799999237060547,1883
2012-10-09 00:00:00+00:00,17.682384490966797,20.950000762939453,21.100000381469727,20.850000381469727,20.899999618530273,2272
2012-10-10 00:00:00+00:00,17.5557804107666,20.799999237060547,21.399999618530273,19.799999237060547,21.399999618530273,2904
2012-10-11 00:00:00+00:00,17.808984756469727,21.100000381469727,21.350000381469727,20.200000762939453,20.399999618530273,3235
2012-10-12 00:00:00+00:00,17.5557804107666,20.799999237060547,20.850000381469727,20.600000381469727,20.649999618530273,2298
2012-10-15 00:00:00+00:00,17.640180587768555,20.899999618530273,21.850000381469727,20.899999618530273,21.850000381469727,1629
2012-10-16 00:00:00+00:00,17.893388748168945,21.200000762939453,21.700000762939453,20.799999237060547,21.0,3565
2012-10-17 00:00:00+00:00,17.597978591918945,20.850000381469727,21.700000762939453,20.799999237060547,21.0,1983
2012-10-18 00:00:00+00:00,18.273202896118164,21.649999618530273,21.899999618530273,20.5,20.549999237060547,1753
2012-10-19 00:00:00+00:00,18.146596908569336,21.5,22.049999237060547,21.100000381469727,21.5,4340
2012-10-22 00:00:00+00:00,17.935588836669922,21.25,21.700000762939453,21.200000762939453,21.5,1293
2012-10-23 00:00:00+00:00,18.484207153320312,21.899999618530273,22.5,21.200000762939453,21.899999618530273,5358
2012-10-25 00:00:00+00:00,19.075029373168945,22.600000381469727,22.600000381469727,21.5,21.5,3228
2012-10-29 00:00:00+00:00,18.18879508972168,21.549999237060547,22.049999237060547,21.549999237060547,22.049999237060547,250
2012-10-30 00:00:00+00:00,18.273202896118164,21.649999618530273,21.649999618530273,21.350000381469727,21.5,306
2012-10-31 00:00:00+00:00,17.640180587768555,20.899999618530273,21.399999618530273,20.850000381469727,21.399999618530273,1003
2012-11-01 00:00:00+00:00,17.640180587768555,20.899999618530273,20.899999618530273,20.899999618530273,20.899999618530273,0
2012-11-02 00:00:00+00:00,17.724584579467773,21.0,22.299999237060547,20.850000381469727,22.299999237060547,5510
2012-11-05 00:00:00+00:00,18.821815490722656,22.299999237060547,22.75,21.25,21.899999618530273,3138
2012-11-06 00:00:00+00:00,18.273202896118164,21.649999618530273,22.299999237060547,21.5,22.0,891
2012-11-07 00:00:00+00:00,18.18879508972168,21.549999237060547,21.649999618530273,21.5,21.649999618530273,252
2012-11-08 00:00:00+00:00,18.484207153320312,21.899999618530273,22.200000762939453,21.0,21.649999618530273,5319
2012-11-09 00:00:00+00:00,18.484207153320312,21.899999618530273,22.299999237060547,21.25,21.899999618530273,3321
2012-11-12 00:00:00+00:00,18.4420108795166,21.850000381469727,22.5,21.700000762939453,22.0,1026
2012-11-15 00:00:00+00:00,18.31540298461914,21.700000762939453,22.649999618530273,21.100000381469727,22.649999618530273,4544
2012-11-16 00:00:00+00:00,20.003456115722656,23.700000762939453,25.649999618530273,21.75,25.649999618530273,30176
2012-11-19 00:00:00+00:00,19.032827377319336,22.549999237060547,24.0,22.149999618530273,23.700000762939453,3748
2012-11-20 00:00:00+00:00,18.906219482421875,22.399999618530273,22.75,22.200000762939453,22.399999618530273,8156
2012-11-21 00:00:00+00:00,19.53924560546875,23.149999618530273,23.399999618530273,21.649999618530273,22.799999237060547,3135
2012-11-22 00:00:00+00:00,19.15943145751953,22.700000762939453,23.899999618530273,22.5,23.799999237060547,10463
2012-11-23 00:00:00+00:00,18.821815490722656,22.299999237060547,22.799999237060547,22.100000381469727,22.799999237060547,1610
2012-11-26 00:00:00+00:00,19.201631546020508,22.75,23.600000381469727,22.200000762939453,22.200000762939453,4700
2012-11-27 00:00:00+00:00,20.003456115722656,23.700000762939453,24.5,23.0,23.100000381469727,3626
2012-11-29 00:00:00+00:00,22.282333374023438,26.399999618530273,27.950000762939453,23.0,23.5,46356
2012-11-30 00:00:00+00:00,21.56490707397461,25.549999237060547,27.950000762939453,25.100000381469727,27.950000762939453,17934
2012-12-03 00:00:00+00:00,21.64931297302246,25.649999618530273,26.0,25.049999237060547,25.549999237060547,7393
2012-12-04 00:00:00+00:00,21.775917053222656,25.799999237060547,26.5,25.649999618530273,25.649999618530273,5908
2012-12-05 00:00:00+00:00,21.775917053222656,25.799999237060547,27.299999237060547,25.600000381469727,26.899999618530273,11781
2012-12-06 00:00:00+00:00,21.944721221923828,26.0,26.600000381469727,25.5,25.549999237060547,5366
2012-12-07 00:00:00+00:00,21.01629066467285,24.899999618530273,26.549999237060547,24.0,25.399999618530273,18251
2012-12-10 00:00:00+00:00,22.53554344177246,26.700000762939453,27.0,24.899999618530273,24.899999618530273,14574
2012-12-11 00:00:00+00:00,22.19792938232422,26.299999237060547,27.5,26.25,26.649999618530273,11453
2012-12-12 00:00:00+00:00,21.944721221923828,26.0,26.5,25.5,26.399999618530273,2326
2012-12-13 00:00:00+00:00,21.775917053222656,25.799999237060547,26.950000762939453,25.200000762939453,26.950000762939453,7985
2012-12-14 00:00:00+00:00,22.029125213623047,26.100000381469727,26.100000381469727,25.200000762939453,25.600000381469727,4175
2012-12-17 00:00:00+00:00,22.071325302124023,26.149999618530273,26.5,25.600000381469727,26.100000381469727,8628
2012-12-18 00:00:00+00:00,23.08415985107422,27.350000381469727,28.350000381469727,26.0,26.049999237060547,26148
2012-12-19 00:00:00+00:00,22.366735458374023,26.5,26.899999618530273,26.100000381469727,26.899999618530273,3151
2012-12-20 00:00:00+00:00,21.522706985473633,25.5,26.399999618530273,25.450000762939453,26.200000762939453,8610
2012-12-21 00:00:00+00:00,21.311702728271484,25.25,25.850000381469727,25.0,25.399999618530273,1029
2012-12-24 00:00:00+00:00,21.43830680847168,25.399999618530273,26.399999618530273,25.100000381469727,25.149999618530273,8437
2012-12-26 00:00:00+00:00,21.18509864807129,25.100000381469727,26.299999237060547,24.5,25.950000762939453,3896
2012-12-27 00:00:00+00:00,21.311702728271484,25.25,25.950000762939453,25.100000381469727,25.899999618530273,16065
2012-12-28 00:00:00+00:00,21.05849266052246,24.950000762939453,25.450000762939453,24.5,25.0,2884
2012-12-31 00:00:00+00:00,20.80528450012207,24.649999618530273,25.799999237060547,24.049999237060547,24.799999237060547,2977
2013-01-01 00:00:00+00:00,20.974088668823242,24.850000381469727,25.5,24.75,25.5,593
2013-01-02 00:00:00+00:00,21.100692749023438,25.0,25.450000762939453,24.350000381469727,24.850000381469727,1833
2013-01-03 00:00:00+00:00,21.522706985473633,25.5,25.5,24.350000381469727,24.799999237060547,2320
2013-01-04 00:00:00+00:00,20.720882415771484,24.549999237060547,27.649999618530273,24.350000381469727,25.5,5160
2013-01-07 00:00:00+00:00,20.76308250427246,24.600000381469727,25.399999618530273,24.0,25.049999237060547,5875
2013-01-08 00:00:00+00:00,20.678680419921875,24.5,24.600000381469727,23.850000381469727,24.600000381469727,6119
2013-01-09 00:00:00+00:00,20.594282150268555,24.399999618530273,24.850000381469727,24.25,24.850000381469727,3207
2013-01-10 00:00:00+00:00,20.467674255371094,24.25,24.649999618530273,24.0,24.200000762939453,5920
2013-01-11 00:00:00+00:00,20.678680419921875,24.5,24.5,23.549999237060547,24.0,1104
2013-01-14 00:00:00+00:00,20.25666618347168,24.0,24.75,23.25,24.0,6677
2013-01-15 00:00:00+00:00,20.425474166870117,24.200000762939453,24.399999618530273,24.0,24.100000381469727,3540
2013-01-16 00:00:00+00:00,20.3410701751709,24.100000381469727,24.450000762939453,24.100000381469727,24.100000381469727,363
2013-01-17 00:00:00+00:00,21.01629066467285,24.899999618530273,25.0,24.299999237060547,24.450000762939453,2382
2013-01-18 00:00:00+00:00,20.552074432373047,24.350000381469727,24.850000381469727,24.100000381469727,24.700000762939453,2598
2013-01-21 00:00:00+00:00,20.172264099121094,23.899999618530273,24.75,23.799999237060547,24.0,2508
2013-01-22 00:00:00+00:00,20.63648223876953,24.450000762939453,24.799999237060547,23.25,23.700000762939453,3042
2013-01-23 00:00:00+00:00,19.919055938720703,23.600000381469727,24.450000762939453,23.600000381469727,24.450000762939453,1532
2013-01-24 00:00:00+00:00,19.032827377319336,22.549999237060547,23.5,22.5,23.5,3801
2013-01-25 00:00:00+00:00,19.28603744506836,22.850000381469727,23.25,22.850000381469727,23.0,3753
2013-01-28 00:00:00+00:00,19.328237533569336,22.899999618530273,23.100000381469727,21.600000381469727,22.899999618530273,1672
2013-01-29 00:00:00+00:00,19.032827377319336,22.549999237060547,22.649999618530273,22.5,22.649999618530273,2715
2013-01-30 00:00:00+00:00,18.948423385620117,22.450000762939453,22.899999618530273,22.399999618530273,22.899999618530273,520
2013-01-31 00:00:00+00:00,19.328237533569336,22.899999618530273,23.549999237060547,21.25,22.399999618530273,1233
2013-02-01 00:00:00+00:00,18.948423385620117,22.450000762939453,23.399999618530273,22.100000381469727,23.399999618530273,1334
2013-02-04 00:00:00+00:00,18.821815490722656,22.299999237060547,22.299999237060547,22.299999237060547,22.299999237060547,203
2013-02-05 00:00:00+00:00,19.412639617919922,23.0,23.350000381469727,22.049999237060547,22.049999237060547,269
2013-02-06 00:00:00+00:00,18.526411056518555,21.950000762939453,22.950000762939453,21.700000762939453,22.899999618530273,2695
2013-02-07 00:00:00+00:00,18.146596908569336,21.5,22.0,21.049999237060547,22.0,615
2013-02-08 00:00:00+00:00,18.399805068969727,21.799999237060547,21.799999237060547,21.399999618530273,21.450000762939453,338
2013-02-11 00:00:00+00:00,18.399805068969727,21.799999237060547,22.25,21.549999237060547,22.25,951
2013-02-12 00:00:00+00:00,18.146596908569336,21.5,22.049999237060547,21.5,22.049999237060547,422
2013-02-13 00:00:00+00:00,18.526411056518555,21.950000762939453,25.799999237060547,21.5,22.600000381469727,3023
2013-02-14 00:00:00+00:00,17.85118865966797,21.149999618530273,22.0,20.350000381469727,21.799999237060547,927
2013-02-15 00:00:00+00:00,17.5557804107666,20.799999237060547,21.399999618530273,19.549999237060547,21.0,9159
2013-02-18 00:00:00+00:00,16.62734603881836,19.700000762939453,20.5,19.350000381469727,20.5,6753
2013-02-19 00:00:00+00:00,17.09156036376953,20.25,20.25,19.5,19.5,243
2013-02-20 00:00:00+00:00,16.88055419921875,20.0,20.5,19.649999618530273,20.0,682
2013-02-21 00:00:00+00:00,17.007158279418945,20.149999618530273,22.799999237060547,19.799999237060547,22.75,1880
2013-02-22 00:00:00+00:00,16.96495819091797,20.100000381469727,20.5,19.5,19.75,1914
2013-02-25 00:00:00+00:00,16.58514404296875,19.649999618530273,19.75,19.200000762939453,19.75,1603
2013-02-26 00:00:00+00:00,16.120927810668945,19.100000381469727,20.5,18.049999237060547,19.649999618530273,832
2013-02-27 00:00:00+00:00,16.88055419921875,20.0,20.0,19.299999237060547,19.350000381469727,941
2013-02-28 00:00:00+00:00,16.88055419921875,20.0,20.899999618530273,19.049999237060547,20.899999618530273,282
2013-03-01 00:00:00+00:00,16.120927810668945,19.100000381469727,20.0,19.100000381469727,20.0,475
2013-03-04 00:00:00+00:00,16.120927810668945,19.100000381469727,19.100000381469727,19.100000381469727,19.100000381469727,0
2013-03-05 00:00:00+00:00,16.88055419921875,20.0,20.700000762939453,19.75,20.450000762939453,6972
2013-03-06 00:00:00+00:00,16.88055419921875,20.0,20.0,20.0,20.0,2050
2013-03-07 00:00:00+00:00,16.88055419921875,20.0,20.0,20.0,20.0,2000
2013-03-08 00:00:00+00:00,17.344772338867188,20.549999237060547,20.950000762939453,20.549999237060547,20.899999618530273,330
2013-03-11 00:00:00+00:00,17.09156036376953,20.25,20.25,20.200000762939453,20.200000762939453,869
2013-03-12 00:00:00+00:00,16.92275619506836,20.049999237060547,21.25,19.200000762939453,20.549999237060547,4906
2013-03-13 00:00:00+00:00,15.909924507141113,18.850000381469727,19.799999237060547,18.75,19.799999237060547,11461
2013-03-14 00:00:00+00:00,16.289735794067383,19.299999237060547,19.600000381469727,19.200000762939453,19.200000762939453,155
2013-03-15 00:00:00+00:00,16.45854377746582,19.5,20.200000762939453,18.299999237060547,18.850000381469727,395
2013-03-18 00:00:00+00:00,16.036527633666992,19.0,19.450000762939453,18.649999618530273,19.0,2197
2013-03-19 00:00:00+00:00,15.825520515441895,18.75,19.649999618530273,18.299999237060547,18.899999618530273,5385
2013-03-20 00:00:00+00:00,15.698917388916016,18.600000381469727,19.149999618530273,18.600000381469727,19.0,1756
2013-03-21 00:00:00+00:00,16.078725814819336,19.049999237060547,19.399999618530273,18.0,18.0,603
2013-03-22 00:00:00+00:00,15.57231330871582,18.450000762939453,18.549999237060547,18.100000381469727,18.549999237060547,1542
2013-03-25 00:00:00+00:00,14.728285789489746,17.450000762939453,18.700000762939453,17.450000762939453,18.450000762939453,6576
2013-03-26 00:00:00+00:00,14.728285789489746,17.450000762939453,17.5,17.149999618530273,17.149999618530273,212
2013-03-28 00:00:00+00:00,14.559481620788574,17.25,18.950000762939453,17.049999237060547,17.049999237060547,155
2013-04-01 00:00:00+00:00,15.192499160766602,18.0,18.049999237060547,17.049999237060547,17.049999237060547,4102
2013-04-02 00:00:00+00:00,16.20533561706543,19.200000762939453,19.200000762939453,18.0,18.0,259
2013-04-03 00:00:00+00:00,15.530109405517578,18.399999618530273,19.149999618530273,18.299999237060547,18.450000762939453,4021
2013-04-04 00:00:00+00:00,15.530109405517578,18.399999618530273,19.399999618530273,18.399999618530273,18.899999618530273,1433
2013-04-05 00:00:00+00:00,14.854891777038574,17.600000381469727,19.350000381469727,16.399999618530273,18.5,4425
2013-04-08 00:00:00+00:00,14.854891777038574,17.600000381469727,17.600000381469727,17.600000381469727,17.600000381469727,0
2013-04-09 00:00:00+00:00,14.854891777038574,17.600000381469727,17.600000381469727,17.600000381469727,17.600000381469727,0
2013-04-10 00:00:00+00:00,14.854891777038574,17.600000381469727,17.600000381469727,17.600000381469727,17.600000381469727,0
2013-04-11 00:00:00+00:00,14.854891777038574,17.600000381469727,17.600000381469727,17.600000381469727,17.600000381469727,0
2013-04-12 00:00:00+00:00,13.504444122314453,16.0,16.0,15.050000190734863,16.0,1350
2013-04-15 00:00:00+00:00,14.43287467956543,17.100000381469727,17.100000381469727,17.100000381469727,17.100000381469727,25
2013-04-16 00:00:00+00:00,14.43287467956543,17.100000381469727,17.100000381469727,17.100000381469727,17.100000381469727,0
2013-04-17 00:00:00+00:00,14.43287467956543,17.100000381469727,17.100000381469727,17.100000381469727,17.100000381469727,0
2013-04-18 00:00:00+00:00,13.504444122314453,16.0,16.0,16.0,16.0,100
2013-04-22 00:00:00+00:00,13.504444122314453,16.0,16.0,16.0,16.0,0
2013-04-23 00:00:00+00:00,13.504444122314453,16.0,16.0,16.0,16.0,100
2013-04-25 00:00:00+00:00,13.504444122314453,16.0,16.0,16.0,16.0,0
2013-04-26 00:00:00+00:00,13.504444122314453,16.0,16.0,16.0,16.0,0
2013-04-29 00:00:00+00:00,13.504444122314453,16.0,16.0,16.0,16.0,0
2013-04-30 00:00:00+00:00,13.504444122314453,16.0,16.0,16.0,16.0,0
2013-05-02 00:00:00+00:00,13.884258270263672,16.450000762939453,16.450000762939453,16.149999618530273,16.450000762939453,30
2013-05-03 00:00:00+00:00,14.179666519165039,16.799999237060547,16.799999237060547,16.799999237060547,16.799999237060547,1000
2013-05-06 00:00:00+00:00,14.348470687866211,17.0,17.0,17.0,17.0,1000
2013-05-07 00:00:00+00:00,14.348470687866211,17.0,17.0,17.0,17.0,0
2013-05-08 00:00:00+00:00,15.192499160766602,18.0,18.0,17.450000762939453,18.0,1000
2013-05-09 00:00:00+00:00,15.192499160766602,18.0,18.0,18.0,18.0,0
2013-05-10 00:00:00+00:00,15.192499160766602,18.0,18.0,18.0,18.0,0
2013-05-13 00:00:00+00:00,15.192499160766602,18.0,18.0,18.0,18.0,0
2013-05-14 00:00:00+00:00,15.487909317016602,18.350000381469727,18.350000381469727,18.350000381469727,18.350000381469727,1
2013-05-15 00:00:00+00:00,15.234699249267578,18.049999237060547,18.049999237060547,18.0,18.049999237060547,501
2013-05-16 00:00:00+00:00,15.234699249267578,18.049999237060547,18.549999237060547,18.049999237060547,18.049999237060547,201
2013-05-17 00:00:00+00:00,12.407208442687988,14.699999809265137,20.950000762939453,14.699999809265137,14.699999809265137,504
2013-05-20 00:00:00+00:00,14.854891777038574,17.600000381469727,17.600000381469727,17.549999237060547,17.600000381469727,1818
2013-05-21 00:00:00+00:00,14.854891777038574,17.600000381469727,17.600000381469727,17.600000381469727,17.600000381469727,0
2013-05-22 00:00:00+00:00,14.770486831665039,17.5,21.0,17.5,17.5,9
2013-05-23 00:00:00+00:00,14.390673637390137,17.049999237060547,17.649999618530273,17.049999237060547,17.049999237060547,110
2013-05-24 00:00:00+00:00,14.390673637390137,17.049999237060547,17.049999237060547,17.049999237060547,17.049999237060547,0
2013-05-27 00:00:00+00:00,14.348470687866211,17.0,17.100000381469727,16.75,17.0,265
2013-05-28 00:00:00+00:00,14.348470687866211,17.0,17.0,17.0,17.0,0
2013-05-29 00:00:00+00:00,14.770486831665039,17.5,17.5,17.0,17.5,331
2013-05-30 00:00:00+00:00,14.770486831665039,17.5,17.5,17.5,17.5,0
2013-05-31 00:00:00+00:00,14.770486831665039,17.5,17.5,17.5,17.5,0
2013-06-03 00:00:00+00:00,14.770486831665039,17.5,17.5,17.5,17.5,0
2013-06-04 00:00:00+00:00,13.16683292388916,15.600000381469727,15.600000381469727,15.600000381469727,15.600000381469727,50
2013-06-05 00:00:00+00:00,13.16683292388916,15.600000381469727,15.600000381469727,15.600000381469727,15.600000381469727,0
2013-06-06 00:00:00+00:00,13.16683292388916,15.600000381469727,15.600000381469727,15.600000381469727,15.600000381469727,0
2013-06-07 00:00:00+00:00,13.926458358764648,16.5,16.5,16.5,18.700000762939453,150
2013-06-10 00:00:00+00:00,13.926458358764648,16.5,16.5,16.5,16.5,0
2013-06-11 00:00:00+00:00,12.87142276763916,15.25,15.25,15.25,15.25,1
2013-06-12 00:00:00+00:00,12.87142276763916,15.25,15.25,15.25,15.25,0
2013-06-13 00:00:00+00:00,12.87142276763916,15.25,15.25,15.25,15.25,0
2013-06-14 00:00:00+00:00,12.87142276763916,15.25,15.25,15.25,15.25,0
2013-06-17 00:00:00+00:00,12.87142276763916,15.25,15.25,15.25,15.25,0
2013-06-18 00:00:00+00:00,12.87142276763916,15.25,15.25,15.25,15.25,0
2013-06-19 00:00:00+00:00,12.87142276763916,15.25,15.25,15.25,15.25,0
2013-06-20 00:00:00+00:00,12.87142276763916,15.25,15.25,15.25,15.25,0
2013-06-21 00:00:00+00:00,10.972360610961914,13.0,15.850000381469727,13.0,13.0,23
2013-06-24 00:00:00+00:00,13.16683292388916,15.600000381469727,15.600000381469727,15.600000381469727,15.600000381469727,400
2013-06-25 00:00:00+00:00,13.16683292388916,15.600000381469727,15.600000381469727,15.600000381469727,15.600000381469727,0
2013-06-26 00:00:00+00:00,13.504444122314453,16.0,16.0,15.050000190734863,16.0,102
2013-06-27 00:00:00+00:00,11.056763648986816,13.100000381469727,13.100000381469727,13.100000381469727,13.100000381469727,1
2013-06-28 00:00:00+00:00,11.056763648986816,13.100000381469727,13.100000381469727,13.100000381469727,13.100000381469727,0
2013-07-01 00:00:00+00:00,13.1246337890625,15.550000190734863,15.550000190734863,15.550000190734863,15.550000190734863,375
2013-07-02 00:00:00+00:00,13.1246337890625,15.550000190734863,15.550000190734863,15.550000190734863,15.550000190734863,0
2013-07-03 00:00:00+00:00,13.1246337890625,15.550000190734863,15.550000190734863,15.550000190734863,15.550000190734863,0
2013-07-04 00:00:00+00:00,13.1246337890625,15.550000190734863,15.550000190734863,15.550000190734863,15.550000190734863,0
2013-07-05 00:00:00+00:00,13.1246337890625,15.550000190734863,15.550000190734863,15.550000190734863,15.550000190734863,0
2013-07-08 00:00:00+00:00,13.673250198364258,16.200000762939453,16.200000762939453,16.200000762939453,16.200000762939453,201
2013-07-09 00:00:00+00:00,13.293437004089355,15.75,16.0,15.75,15.75,101
2013-07-10 00:00:00+00:00,13.293437004089355,15.75,15.75,15.75,15.75,0
2013-07-11 00:00:00+00:00,13.715452194213867,16.25,16.25,16.25,16.25,277
2013-07-12 00:00:00+00:00,13.715452194213867,16.25,16.25,16.25,16.25,0
2013-07-15 00:00:00+00:00,13.504444122314453,16.0,16.0,16.0,16.0,100
2013-07-16 00:00:00+00:00,13.504444122314453,16.0,16.0,16.0,16.0,0
2013-07-17 00:00:00+00:00,13.504444122314453,16.0,16.0,16.0,16.0,0
2013-07-18 00:00:00+00:00,13.1246337890625,15.550000190734863,15.550000190734863,15.550000190734863,16.299999237060547,49
2013-07-19 00:00:00+00:00,13.757652282714844,16.299999237060547,16.299999237060547,16.299999237060547,16.299999237060547,5100
2013-07-22 00:00:00+00:00,13.757652282714844,16.299999237060547,16.299999237060547,16.299999237060547,16.299999237060547,0
2013-07-23 00:00:00+00:00,13.757652282714844,16.299999237060547,16.299999237060547,16.299999237060547,16.299999237060547,455
2013-07-24 00:00:00+00:00,14.264068603515625,16.899999618530273,16.899999618530273,16.600000381469727,16.899999618530273,2993
2013-07-25 00:00:00+00:00,13.926458358764648,16.5,16.549999237060547,16.5,16.5,1459
2013-07-26 00:00:00+00:00,13.799853324890137,16.350000381469727,16.350000381469727,15.800000190734863,16.350000381469727,99
2013-07-29 00:00:00+00:00,13.799853324890137,16.350000381469727,16.350000381469727,16.350000381469727,16.350000381469727,0
2013-07-30 00:00:00+00:00,13.799853324890137,16.350000381469727,16.350000381469727,16.350000381469727,16.350000381469727,0
2013-07-31 00:00:00+00:00,13.504444122314453,16.0,16.0,16.0,16.0,36
2013-08-01 00:00:00+00:00,13.504444122314453,16.0,16.0,16.0,16.0,0
2013-08-02 00:00:00+00:00,13.504444122314453,16.0,16.399999618530273,15.5,16.0,1454
2013-08-05 00:00:00+00:00,13.504444122314453,16.0,16.299999237060547,16.0,16.0,1244
2013-08-06 00:00:00+00:00,12.829222679138184,15.199999809265137,15.649999618530273,15.199999809265137,15.199999809265137,1680
2013-08-07 00:00:00+00:00,12.913625717163086,15.300000190734863,15.550000190734863,15.300000190734863,15.300000190734863,1029
2013-08-08 00:00:00+00:00,12.913625717163086,15.300000190734863,15.300000190734863,15.300000190734863,15.300000190734863,0
2013-08-12 00:00:00+00:00,12.913625717163086,15.300000190734863,15.300000190734863,15.300000190734863,15.300000190734863,0
2013-08-13 00:00:00+00:00,12.913625717163086,15.300000190734863,15.300000190734863,15.300000190734863,15.300000190734863,0
2013-08-14 00:00:00+00:00,12.913625717163086,15.300000190734863,15.300000190734863,15.300000190734863,15.300000190734863,0
2013-08-16 00:00:00+00:00,12.913625717163086,15.300000190734863,15.300000190734863,15.300000190734863,15.300000190734863,0
2013-08-19 00:00:00+00:00,12.913625717163086,15.300000190734863,15.300000190734863,15.300000190734863,15.300000190734863,0
2013-08-20 00:00:00+00:00,12.913625717163086,15.300000190734863,15.300000190734863,15.300000190734863,15.300000190734863,0
2013-08-21 00:00:00+00:00,13.082430839538574,15.5,15.5,15.5,15.5,1006
2013-08-22 00:00:00+00:00,12.491609573364258,14.800000190734863,14.800000190734863,14.75,14.800000190734863,420
2013-08-23 00:00:00+00:00,12.660416603088379,15.0,15.0,14.5,15.0,650
2013-08-26 00:00:00+00:00,12.78702163696289,15.149999618530273,15.149999618530273,14.850000381469727,15.149999618530273,1578
2013-08-27 00:00:00+00:00,13.42004108428955,15.899999618530273,15.899999618530273,15.899999618530273,15.899999618530273,13
2013-08-28 00:00:00+00:00,14.053062438964844,16.649999618530273,16.649999618530273,16.649999618530273,16.649999618530273,5
2013-08-29 00:00:00+00:00,13.377840995788574,15.850000381469727,15.850000381469727,15.850000381469727,15.850000381469727,201
2013-08-30 00:00:00+00:00,13.377840995788574,15.850000381469727,15.850000381469727,15.850000381469727,15.850000381469727,0
2013-09-02 00:00:00+00:00,13.082430839538574,15.5,15.5,15.5,15.5,1000
2013-09-03 00:00:00+00:00,12.533815383911133,14.850000381469727,15.449999809265137,14.850000381469727,14.850000381469727,1600
2013-09-04 00:00:00+00:00,12.322805404663086,14.600000381469727,15.149999618530273,14.199999809265137,15.149999618530273,629
2013-09-05 00:00:00+00:00,12.913625717163086,15.300000190734863,15.300000190734863,15.0,15.300000190734863,399
2013-09-06 00:00:00+00:00,13.16683292388916,15.600000381469727,15.600000381469727,15.600000381469727,15.600000381469727,810
2013-09-10 00:00:00+00:00,13.1246337890625,15.550000190734863,15.550000190734863,15.550000190734863,15.550000190734863,300
2013-09-11 00:00:00+00:00,13.251235008239746,15.699999809265137,15.699999809265137,15.699999809265137,15.699999809265137,500
2013-09-12 00:00:00+00:00,13.91601276397705,15.699999809265137,15.699999809265137,15.699999809265137,15.699999809265137,0
2013-09-13 00:00:00+00:00,14.53647232055664,16.399999618530273,16.399999618530273,16.399999618530273,16.399999618530273,1690
2013-09-16 00:00:00+00:00,15.068297386169434,17.0,17.200000762939453,16.700000762939453,17.0,1401
2013-09-17 00:00:00+00:00,14.62510871887207,16.5,16.649999618530273,16.5,16.5,1740
2013-09-18 00:00:00+00:00,14.580791473388672,16.450000762939453,16.450000762939453,16.0,16.450000762939453,1732
2013-09-19 00:00:00+00:00,14.31488037109375,16.149999618530273,16.149999618530273,15.649999618530273,16.149999618530273,201
2013-09-20 00:00:00+00:00,14.181924819946289,16.0,16.0,16.0,16.0,40
2013-09-23 00:00:00+00:00,13.561466217041016,15.300000190734863,15.699999809265137,15.300000190734863,15.300000190734863,300
2013-09-24 00:00:00+00:00,14.226243019104004,16.049999237060547,16.049999237060547,16.049999237060547,16.049999237060547,30
2013-09-25 00:00:00+00:00,13.517147064208984,15.25,15.25,15.25,15.25,32
2013-09-26 00:00:00+00:00,13.517147064208984,15.25,15.25,15.25,15.25,0
2013-09-27 00:00:00+00:00,13.738740921020508,15.5,15.550000190734863,15.5,14.5,499
2013-09-30 00:00:00+00:00,13.738740921020508,15.5,15.5,15.5,15.5,0
2013-10-01 00:00:00+00:00,13.738740921020508,15.5,15.5,15.5,15.5,0
2013-10-03 00:00:00+00:00,13.738740921020508,15.5,15.5,15.5,15.5,100
2013-10-04 00:00:00+00:00,13.960330963134766,15.75,15.75,15.75,15.75,30
2013-10-07 00:00:00+00:00,14.181924819946289,16.0,16.5,16.0,16.0,10
2013-10-08 00:00:00+00:00,13.738740921020508,15.5,16.799999237060547,15.5,15.5,678
2013-10-09 00:00:00+00:00,14.403517723083496,16.25,16.25,16.25,16.25,20
2013-10-10 00:00:00+00:00,14.181924819946289,16.0,16.850000381469727,16.0,16.5,3300
2013-10-11 00:00:00+00:00,14.89101791381836,16.799999237060547,16.799999237060547,16.799999237060547,16.799999237060547,905
2013-10-14 00:00:00+00:00,14.802384376525879,16.700000762939453,16.950000762939453,16.25,16.700000762939453,185
2013-10-15 00:00:00+00:00,14.62510871887207,16.5,16.600000381469727,16.5,16.5,318
2013-10-17 00:00:00+00:00,15.068297386169434,17.0,17.0,17.0,17.0,30
2013-10-18 00:00:00+00:00,15.068297386169434,17.0,17.049999237060547,17.0,17.049999237060547,142
2013-10-21 00:00:00+00:00,15.821712493896484,17.850000381469727,17.850000381469727,17.0,17.850000381469727,20
2013-10-22 00:00:00+00:00,15.954665184020996,18.0,18.700000762939453,17.899999618530273,18.0,1420
2013-10-23 00:00:00+00:00,16.752397537231445,18.899999618530273,18.899999618530273,18.899999618530273,18.899999618530273,378
2013-10-24 00:00:00+00:00,16.841033935546875,19.0,19.0,19.0,19.0,726
2013-10-25 00:00:00+00:00,17.683086395263672,19.950000762939453,19.950000762939453,19.950000762939453,19.950000762939453,500
2013-10-28 00:00:00+00:00,18.52513885498047,20.899999618530273,20.899999618530273,19.950000762939453,20.899999618530273,6178
2013-10-29 00:00:00+00:00,18.52513885498047,20.899999618530273,20.899999618530273,20.899999618530273,20.899999618530273,0
2013-10-30 00:00:00+00:00,18.170591354370117,20.5,20.5,20.5,20.5,100
2013-10-31 00:00:00+00:00,17.727405548095703,20.0,20.5,20.0,20.0,1746
2013-11-01 00:00:00+00:00,17.727405548095703,20.0,20.0,20.0,20.0,100
2013-11-05 00:00:00+00:00,18.170591354370117,20.5,20.5,19.200000762939453,20.5,2314
2013-11-06 00:00:00+00:00,17.727405548095703,20.0,20.0,20.0,20.0,390
2013-11-07 00:00:00+00:00,16.885353088378906,19.049999237060547,21.0,19.049999237060547,19.049999237060547,101
2013-11-08 00:00:00+00:00,17.727405548095703,20.0,20.0,20.0,20.0,1200
2013-11-11 00:00:00+00:00,18.6137752532959,21.0,21.0,20.0,21.0,1485
2013-11-12 00:00:00+00:00,17.727405548095703,20.0,21.0,20.0,20.0,2050
2013-11-13 00:00:00+00:00,18.43650245666504,20.799999237060547,20.799999237060547,20.799999237060547,20.799999237060547,300
2013-11-14 00:00:00+00:00,18.6137752532959,21.0,21.799999237060547,21.0,21.0,1050
2013-11-18 00:00:00+00:00,19.544462203979492,22.049999237060547,22.049999237060547,21.450000762939453,22.049999237060547,2936
2013-11-19 00:00:00+00:00,19.500146865844727,22.0,22.0,21.5,22.0,606
2013-11-20 00:00:00+00:00,19.500146865844727,22.0,22.0,22.0,22.0,751
2013-11-21 00:00:00+00:00,19.500146865844727,22.0,22.0,22.0,22.0,0
2013-11-22 00:00:00+00:00,19.500146865844727,22.0,22.0,22.0,22.0,740
2013-11-25 00:00:00+00:00,19.500146865844727,22.0,22.0,22.0,22.0,0
2013-11-26 00:00:00+00:00,19.899011611938477,22.450000762939453,22.450000762939453,21.600000381469727,22.450000762939453,1609
2013-11-27 00:00:00+00:00,19.899011611938477,22.450000762939453,22.450000762939453,22.450000762939453,22.450000762939453,0
2013-11-28 00:00:00+00:00,19.588783264160156,22.100000381469727,22.100000381469727,22.0,22.100000381469727,439
2013-11-29 00:00:00+00:00,20.031967163085938,22.600000381469727,22.600000381469727,22.5,22.600000381469727,261
2013-12-02 00:00:00+00:00,19.500146865844727,22.0,22.0,21.5,22.0,200
2013-12-03 00:00:00+00:00,19.94333267211914,22.5,22.5,22.0,22.5,700
2013-12-04 00:00:00+00:00,19.500146865844727,22.0,22.600000381469727,21.450000762939453,22.0,951
2013-12-05 00:00:00+00:00,19.500146865844727,22.0,22.0,22.0,22.0,52
2013-12-06 00:00:00+00:00,19.500146865844727,22.0,22.0,22.0,22.0,0
2013-12-09 00:00:00+00:00,18.658096313476562,21.049999237060547,21.049999237060547,20.899999618530273,21.049999237060547,100
2013-12-10 00:00:00+00:00,17.727405548095703,20.0,20.0,20.0,20.0,150
2013-12-11 00:00:00+00:00,16.841033935546875,19.0,21.0,19.0,19.0,153
2013-12-12 00:00:00+00:00,17.683086395263672,19.950000762939453,19.950000762939453,19.899999618530273,19.950000762939453,2076
2013-12-13 00:00:00+00:00,17.683086395263672,19.950000762939453,19.950000762939453,19.950000762939453,19.950000762939453,0
2013-12-16 00:00:00+00:00,18.480819702148438,20.850000381469727,20.850000381469727,20.850000381469727,20.850000381469727,1000
2013-12-17 00:00:00+00:00,18.170591354370117,20.5,20.5,20.5,20.5,155
2013-12-18 00:00:00+00:00,18.037639617919922,20.350000381469727,21.0,20.350000381469727,20.350000381469727,1300
2013-12-19 00:00:00+00:00,18.037639617919922,20.350000381469727,20.350000381469727,20.350000381469727,20.350000381469727,0
2013-12-20 00:00:00+00:00,18.879684448242188,21.299999237060547,21.350000381469727,21.0,21.299999237060547,1501
2013-12-23 00:00:00+00:00,17.993316650390625,20.299999237060547,22.299999237060547,20.299999237060547,20.299999237060547,484
2013-12-24 00:00:00+00:00,18.879684448242188,21.299999237060547,21.299999237060547,21.299999237060547,21.299999237060547,335
2013-12-26 00:00:00+00:00,19.81037712097168,22.350000381469727,22.350000381469727,21.25,22.350000381469727,311
2013-12-27 00:00:00+00:00,20.785383224487305,23.450000762939453,23.450000762939453,23.450000762939453,23.450000762939453,250
2013-12-30 00:00:00+00:00,21.27288818359375,24.0,24.600000381469727,23.549999237060547,24.0,1148
2013-12-31 00:00:00+00:00,22.15925407409668,25.0,25.200000762939453,23.200000762939453,25.0,275
2014-01-01 00:00:00+00:00,23.267221450805664,26.25,26.25,25.0,26.25,499
2014-01-02 00:00:00+00:00,24.197908401489258,27.299999237060547,27.299999237060547,27.299999237060547,27.299999237060547,5
2014-01-03 00:00:00+00:00,23.001310348510742,25.950000762939453,25.950000762939453,25.950000762939453,25.950000762939453,2221
2014-01-06 00:00:00+00:00,23.710405349731445,26.75,26.75,26.75,26.75,300
2014-01-07 00:00:00+00:00,22.558124542236328,25.450000762939453,25.549999237060547,25.450000762939453,25.450000762939453,1720
2014-01-08 00:00:00+00:00,23.666088104248047,26.700000762939453,26.700000762939453,25.5,26.700000762939453,3307
2014-01-09 00:00:00+00:00,24.81836700439453,28.0,28.0,28.0,28.0,4360
2014-01-10 00:00:00+00:00,26.05928611755371,29.399999618530273,29.399999618530273,29.350000381469727,29.399999618530273,1858
2014-01-13 00:00:00+00:00,25.35019302368164,28.600000381469727,29.950000762939453,28.0,28.100000381469727,5093
2014-01-14 00:00:00+00:00,24.37518310546875,27.5,28.0,27.5,28.0,699
2014-01-15 00:00:00+00:00,23.9763126373291,27.049999237060547,28.799999237060547,26.5,28.799999237060547,3472
2014-01-16 00:00:00+00:00,24.28654670715332,27.399999618530273,28.0,26.5,27.0,2916
2014-01-17 00:00:00+00:00,24.153589248657227,27.25,28.350000381469727,27.25,27.950000762939453,3045
2014-01-20 00:00:00+00:00,23.134265899658203,26.100000381469727,27.299999237060547,26.049999237060547,27.0,883
2014-01-21 00:00:00+00:00,23.222904205322266,26.200000762939453,26.700000762939453,25.149999618530273,26.100000381469727,2904
2014-01-22 00:00:00+00:00,23.533130645751953,26.549999237060547,26.899999618530273,25.649999618530273,26.75,3325
2014-01-23 00:00:00+00:00,22.735395431518555,25.649999618530273,25.799999237060547,25.649999618530273,25.799999237060547,913
2014-01-24 00:00:00+00:00,23.134265899658203,26.100000381469727,26.200000762939453,25.549999237060547,26.0,2820
2014-01-27 00:00:00+00:00,22.824033737182617,25.75,25.850000381469727,25.549999237060547,25.549999237060547,350
2014-01-28 00:00:00+00:00,22.513805389404297,25.399999618530273,26.450000762939453,25.25,26.450000762939453,1321
2014-01-29 00:00:00+00:00,22.69108009338379,25.600000381469727,26.049999237060547,25.5,26.049999237060547,1112
2014-01-30 00:00:00+00:00,22.64676284790039,25.549999237060547,25.950000762939453,24.350000381469727,24.350000381469727,2120
2014-01-31 00:00:00+00:00,22.956989288330078,25.899999618530273,26.600000381469727,25.0,25.25,1064
2014-02-03 00:00:00+00:00,22.380849838256836,25.25,25.850000381469727,25.25,25.799999237060547,1280
2014-02-04 00:00:00+00:00,23.04562759399414,26.0,26.149999618530273,25.25,25.25,1905
2014-02-05 00:00:00+00:00,22.513805389404297,25.399999618530273,25.5,25.399999618530273,25.5,1005
2014-02-06 00:00:00+00:00,22.60244369506836,25.5,26.0,25.399999618530273,26.0,714
2014-02-07 00:00:00+00:00,22.60244369506836,25.5,26.200000762939453,25.100000381469727,25.100000381469727,2473
2014-02-10 00:00:00+00:00,22.69108009338379,25.600000381469727,26.299999237060547,24.549999237060547,24.549999237060547,286
2014-02-11 00:00:00+00:00,22.86835479736328,25.799999237060547,26.100000381469727,25.549999237060547,26.100000381469727,1024
2014-02-12 00:00:00+00:00,22.380849838256836,25.25,25.799999237060547,25.200000762939453,25.549999237060547,2059
2014-02-13 00:00:00+00:00,22.380849838256836,25.25,25.899999618530273,24.700000762939453,24.700000762939453,2561
2014-02-14 00:00:00+00:00,22.247894287109375,25.100000381469727,26.299999237060547,25.100000381469727,26.25,3706
2014-02-17 00:00:00+00:00,23.31153678894043,26.299999237060547,26.299999237060547,25.5,26.149999618530273,1711
2014-02-18 00:00:00+00:00,24.463823318481445,27.600000381469727,27.600000381469727,26.100000381469727,26.100000381469727,5792
2014-02-19 00:00:00+00:00,25.66042137145996,28.950000762939453,28.950000762939453,28.299999237060547,28.75,7192
2014-02-20 00:00:00+00:00,26.901336669921875,30.350000381469727,30.350000381469727,29.899999618530273,29.950000762939453,22807
2014-02-21 00:00:00+00:00,28.230894088745117,31.850000381469727,31.850000381469727,31.25,31.25,10910
2014-02-24 00:00:00+00:00,29.604768753051758,33.400001525878906,33.400001525878906,32.20000076293945,32.20000076293945,10774
2014-02-25 00:00:00+00:00,30.047954559326172,33.900001525878906,35.04999923706055,32.0,35.04999923706055,44424
2014-02-26 00:00:00+00:00,30.53545570373535,34.45000076293945,35.20000076293945,33.5,34.70000076293945,14759
2014-02-28 00:00:00+00:00,31.997966766357422,36.099998474121094,36.150001525878906,34.5,34.5,17907
2014-03-03 00:00:00+00:00,33.59343719482422,37.900001525878906,37.900001525878906,37.70000076293945,37.70000076293945,7710
2014-03-04 00:00:00+00:00,35.23321533203125,39.75,39.75,39.75,39.75,7163
2014-03-05 00:00:00+00:00,34.1252555847168,38.5,41.70000076293945,37.79999923706055,41.599998474121094,88877
2014-03-06 00:00:00+00:00,34.25821304321289,38.650001525878906,39.70000076293945,36.79999923706055,38.5,20022
2014-03-07 00:00:00+00:00,32.618431091308594,36.79999923706055,40.25,36.75,40.25,20912
2014-03-10 00:00:00+00:00,31.554779052734375,35.599998474121094,37.0,35.0,36.0,13711
2014-03-11 00:00:00+00:00,30.180906295776367,34.04999923706055,34.95000076293945,33.849998474121094,34.150001525878906,24111
2014-03-12 00:00:00+00:00,30.491140365600586,34.400001525878906,34.5,32.5,32.5,7001
2014-03-13 00:00:00+00:00,30.402502059936523,34.29999923706055,35.5,32.849998474121094,34.099998474121094,4838
2014-03-14 00:00:00+00:00,29.338857650756836,33.099998474121094,36.0,32.650001525878906,36.0,5477
2014-03-18 00:00:00+00:00,29.25021743774414,33.0,34.20000076293945,31.5,32.150001525878906,18072
2014-03-19 00:00:00+00:00,29.117263793945312,32.849998474121094,34.650001525878906,32.849998474121094,34.0,12874
2014-03-20 00:00:00+00:00,28.93998908996582,32.650001525878906,34.150001525878906,32.45000076293945,34.150001525878906,7681
2014-03-21 00:00:00+00:00,28.408164978027344,32.04999923706055,33.79999923706055,32.0,33.79999923706055,7536
2014-03-24 00:00:00+00:00,28.142255783081055,31.75,33.45000076293945,31.700000762939453,32.25,5344
2014-03-25 00:00:00+00:00,27.300203323364258,30.799999237060547,33.0,30.25,31.700000762939453,14885
2014-03-26 00:00:00+00:00,26.901336669921875,30.350000381469727,32.29999923706055,30.100000381469727,32.29999923706055,3424
2014-03-27 00:00:00+00:00,27.21156883239746,30.700000762939453,31.0,29.700000762939453,31.0,4660
2014-03-28 00:00:00+00:00,28.053621292114258,31.649999618530273,32.099998474121094,30.049999237060547,30.100000381469727,8746
2014-03-31 00:00:00+00:00,28.186573028564453,31.799999237060547,32.0,31.0,31.0,632
2014-04-01 00:00:00+00:00,27.8320255279541,31.399999618530273,33.29999923706055,30.600000381469727,33.29999923706055,2579
2014-04-02 00:00:00+00:00,28.71839714050293,32.400001525878906,32.95000076293945,30.0,30.0,5480
2014-04-03 00:00:00+00:00,30.136594772338867,34.0,34.0,31.100000381469727,33.900001525878906,9002
2014-04-04 00:00:00+00:00,30.845685958862305,34.79999923706055,35.0,33.099998474121094,34.900001525878906,4649
2014-04-07 00:00:00+00:00,30.712730407714844,34.650001525878906,36.29999923706055,34.5,36.29999923706055,8731
2014-04-09 00:00:00+00:00,31.11159896850586,35.099998474121094,35.400001525878906,34.0,35.0,8426
2014-04-10 00:00:00+00:00,31.333187103271484,35.349998474121094,35.79999923706055,34.29999923706055,35.0,6799
2014-04-11 00:00:00+00:00,30.579774856567383,34.5,35.5,34.400001525878906,35.5,5188
2014-04-15 00:00:00+00:00,30.136594772338867,34.0,35.0,32.79999923706055,34.5,17885
2014-04-16 00:00:00+00:00,29.51612663269043,33.29999923706055,34.0,33.04999923706055,34.0,3924
2014-04-17 00:00:00+00:00,29.117263793945312,32.849998474121094,33.5,32.75,33.150001525878906,8039
2014-04-21 00:00:00+00:00,29.95931625366211,33.79999923706055,34.45000076293945,32.29999923706055,34.349998474121094,5346
2014-04-22 00:00:00+00:00,30.845685958862305,34.79999923706055,35.45000076293945,33.25,33.25,9231
2014-04-23 00:00:00+00:00,30.53545570373535,34.45000076293945,35.20000076293945,34.0,35.20000076293945,10205
2014-04-24 00:00:00+00:00,30.53545570373535,34.45000076293945,34.45000076293945,34.45000076293945,34.45000076293945,0
2014-04-25 00:00:00+00:00,31.0229549407959,35.0,35.25,34.5,34.54999923706055,6638
2014-04-28 00:00:00+00:00,30.53545570373535,34.45000076293945,35.29999923706055,34.349998474121094,34.5,4505
2014-04-29 00:00:00+00:00,30.579774856567383,34.5,35.0,33.400001525878906,35.0,2943
2014-04-30 00:00:00+00:00,29.95931625366211,33.79999923706055,35.150001525878906,32.79999923706055,32.79999923706055,2098
2014-05-02 00:00:00+00:00,30.225223541259766,34.099998474121094,34.79999923706055,33.75,33.75,2115
2014-05-05 00:00:00+00:00,30.890005111694336,34.849998474121094,35.0,33.900001525878906,34.0,2763
2014-05-06 00:00:00+00:00,30.003637313842773,33.849998474121094,34.900001525878906,33.79999923706055,34.900001525878906,4361
2014-05-07 00:00:00+00:00,28.71839714050293,32.400001525878906,33.900001525878906,32.20000076293945,32.599998474121094,5994
2014-05-08 00:00:00+00:00,29.560449600219727,33.349998474121094,34.0,32.20000076293945,32.20000076293945,5960
2014-05-09 00:00:00+00:00,29.07294464111328,32.79999923706055,34.150001525878906,31.5,32.45000076293945,8663
2014-05-12 00:00:00+00:00,28.408164978027344,32.04999923706055,32.70000076293945,31.600000381469727,32.5,5773
2014-05-13 00:00:00+00:00,28.363849639892578,32.0,32.900001525878906,31.350000381469727,31.350000381469727,5614
2014-05-14 00:00:00+00:00,28.452478408813477,32.09999084472656,32.5,31.850000381469727,32.04999923706055,1973
2014-05-15 00:00:00+00:00,28.363849639892578,32.0,32.20000076293945,31.700000762939453,32.0,1410
2014-05-16 00:00:00+00:00,28.009300231933594,31.600000381469727,31.950000762939453,28.850000381469727,28.850000381469727,3801
2014-05-19 00:00:00+00:00,28.58544158935547,32.25,32.95000076293945,31.549999237060547,32.0,5902
2014-05-20 00:00:00+00:00,29.693405151367188,33.5,34.79999923706055,30.5,30.549999237060547,7210
2014-05-21 00:00:00+00:00,30.136594772338867,34.0,34.0,32.599998474121094,32.599998474121094,4737
2014-05-22 00:00:00+00:00,30.26954460144043,34.150001525878906,35.0,33.54999923706055,34.20000076293945,9843
2014-05-23 00:00:00+00:00,29.95931625366211,33.79999923706055,34.45000076293945,33.0,33.0,12817
2014-05-26 00:00:00+00:00,28.408164978027344,32.04999923706055,34.20000076293945,32.04999923706055,34.20000076293945,4350
2014-05-27 00:00:00+00:00,29.25021743774414,33.0,33.0,31.399999618530273,31.399999618530273,2316
2014-05-28 00:00:00+00:00,29.25021743774414,33.0,34.150001525878906,33.0,33.0,6308
2014-05-29 00:00:00+00:00,26.945659637451172,30.399999618530273,32.29999923706055,29.700000762939453,31.350000381469727,32901
2014-05-30 00:00:00+00:00,26.05928611755371,29.399999618530273,30.899999618530273,29.049999237060547,30.399999618530273,15886
2014-06-02 00:00:00+00:00,27.167247772216797,30.649999618530273,31.0,29.350000381469727,30.5,4283
2014-06-03 00:00:00+00:00,26.546791076660156,29.950000762939453,30.700000762939453,27.649999618530273,30.700000762939453,6637
2014-06-04 00:00:00+00:00,27.167247772216797,30.649999618530273,31.5,29.700000762939453,31.0,2971
2014-06-05 00:00:00+00:00,29.870683670043945,33.70000076293945,33.70000076293945,31.950000762939453,31.950000762939453,22304
2014-06-06 00:00:00+00:00,32.84001541137695,37.04999923706055,37.04999923706055,33.900001525878906,34.54999923706055,27583
2014-06-09 00:00:00+00:00,34.25821304321289,38.650001525878906,40.75,38.0,38.5,38954
2014-06-10 00:00:00+00:00,33.50479507446289,37.79999923706055,38.0,36.75,37.0,8406
2014-06-11 00:00:00+00:00,33.460479736328125,37.75,38.54999923706055,36.0,36.0,19231
2014-06-12 00:00:00+00:00,34.56843948364258,39.0,39.599998474121094,36.95000076293945,37.25,18495
2014-06-13 00:00:00+00:00,32.88433837890625,37.099998474121094,39.900001525878906,37.099998474121094,39.70000076293945,15866
2014-06-16 00:00:00+00:00,32.308197021484375,36.45000076293945,37.0,35.25,35.5,8087
2014-06-17 00:00:00+00:00,33.903656005859375,38.25,38.25,36.95000076293945,37.400001525878906,20434
2014-06-18 00:00:00+00:00,35.587764739990234,40.150001525878906,40.150001525878906,38.25,38.25,36104
2014-06-19 00:00:00+00:00,37.36050796508789,42.150001525878906,42.150001525878906,41.29999923706055,41.849998474121094,19882
2014-06-20 00:00:00+00:00,39.221885681152344,44.25,44.25,42.54999923706055,44.099998474121094,28188
2014-06-23 00:00:00+00:00,37.84801483154297,42.70000076293945,46.45000076293945,42.04999923706055,46.45000076293945,85866
2014-06-24 00:00:00+00:00,38.512786865234375,43.45000076293945,44.75,41.5,41.5,20284
2014-06-25 00:00:00+00:00,40.2412109375,45.400001525878906,45.599998474121094,44.0,44.0,28617
2014-06-26 00:00:00+00:00,41.260536193847656,46.54999923706055,47.5,44.400001525878906,45.79999923706055,31954
2014-06-27 00:00:00+00:00,42.36849594116211,47.79999923706055,48.29999923706055,46.0,47.650001525878906,38279
2014-06-30 00:00:00+00:00,44.45146942138672,50.150001525878906,50.150001525878906,49.650001525878906,49.650001525878906,29983
2014-07-01 00:00:00+00:00,46.667396545410156,52.650001525878906,52.650001525878906,52.650001525878906,52.650001525878906,2331
2014-07-02 00:00:00+00:00,48.971954345703125,55.25,55.25,55.25,55.25,5396
2014-07-03 00:00:00+00:00,51.40947341918945,58.0,58.0,58.0,58.0,6599
2014-07-04 00:00:00+00:00,49.28218460083008,55.599998474121094,60.900001525878906,55.099998474121094,60.900001525878906,187601
2014-07-07 00:00:00+00:00,51.675392150878906,58.29999923706055,58.349998474121094,55.0,57.099998474121094,207740
2014-07-08 00:00:00+00:00,49.5037727355957,55.849998474121094,58.20000076293945,55.400001525878906,58.20000076293945,70068
2014-07-09 00:00:00+00:00,51.45379638671875,58.04999923706055,58.599998474121094,53.099998474121094,56.900001525878906,97960
2014-07-10 00:00:00+00:00,51.14356231689453,57.70000076293945,60.95000076293945,56.04999923706055,57.25,40093
2014-07-11 00:00:00+00:00,53.09358215332031,59.900001525878906,60.54999923706055,57.54999923706055,57.70000076293945,92616
2014-07-14 00:00:00+00:00,55.708370208740234,62.849998474121094,62.849998474121094,58.5,60.95000076293945,33531
2014-07-15 00:00:00+00:00,56.373146057128906,63.599998474121094,65.94999694824219,61.099998474121094,63.54999923706055,178687
2014-07-16 00:00:00+00:00,53.581085205078125,60.45000076293945,66.0,60.45000076293945,66.0,58439
2014-07-17 00:00:00+00:00,56.06292724609375,63.25,63.45000076293945,57.45000076293945,58.0,123234
2014-07-18 00:00:00+00:00,58.76634979248047,66.30000305175781,66.4000015258789,61.599998474121094,61.599998474121094,128599
2014-07-21 00:00:00+00:00,55.84132385253906,63.0,68.5,63.0,63.0,99859
2014-07-22 00:00:00+00:00,58.633384704589844,66.1500015258789,66.1500015258789,59.849998474121094,62.0,175943
2014-07-23 00:00:00+00:00,58.057254791259766,65.5,69.0,64.5,66.0,124952
2014-07-24 00:00:00+00:00,55.176551818847656,62.25,67.1500015258789,62.25,63.099998474121094,55672
2014-07-25 00:00:00+00:00,52.428810119628906,59.150001525878906,64.19999694824219,59.150001525878906,64.19999694824219,59518
2014-07-28 00:00:00+00:00,53.04926300048828,59.849998474121094,60.849998474121094,56.650001525878906,56.650001525878906,23620
2014-07-30 00:00:00+00:00,54.24586486816406,61.20000076293945,62.79999923706055,58.150001525878906,58.599998474121094,37075
2014-07-31 00:00:00+00:00,55.929962158203125,63.099998474121094,64.0,59.79999923706055,61.0,43613
2014-08-01 00:00:00+00:00,57.481109619140625,64.8499984741211,65.4000015258789,60.099998474121094,60.099998474121094,37637
2014-08-04 00:00:00+00:00,62.13455581665039,70.0999984741211,71.30000305175781,63.5,65.25,236568
2014-08-05 00:00:00+00:00,67.94029235839844,76.6500015258789,77.0999984741211,72.5,74.0,186611
2014-08-06 00:00:00+00:00,61.159549713134766,69.0,77.69999694824219,69.0,77.0,221006
2014-08-07 00:00:00+00:00,55.132232666015625,62.20000076293945,72.5,62.099998474121094,68.0,232426
2014-08-08 00:00:00+00:00,50.079925537109375,56.5,61.70000076293945,56.0,61.400001525878906,213768
2014-08-11 00:00:00+00:00,46.62307357788086,52.599998474121094,59.5,51.25,56.599998474121094,310680
2014-08-12 00:00:00+00:00,48.92764663696289,55.20000076293945,55.20000076293945,53.0,53.0,44954
2014-08-13 00:00:00+00:00,51.36516189575195,57.95000076293945,57.95000076293945,57.95000076293945,57.95000076293945,10251
2014-08-14 00:00:00+00:00,53.84699249267578,60.75,60.79999923706055,58.849998474121094,59.900001525878906,39926
2014-08-18 00:00:00+00:00,53.84699249267578,60.75,61.79999923706055,58.349998474121094,60.0,61285
2014-08-19 00:00:00+00:00,53.359493255615234,60.20000076293945,61.5,59.150001525878906,61.400001525878906,35953
2014-08-20 00:00:00+00:00,54.600406646728516,61.599998474121094,63.20000076293945,59.29999923706055,63.20000076293945,41581
2014-08-21 00:00:00+00:00,53.137901306152344,59.95000076293945,64.0,58.79999923706055,59.25,33631
2014-08-22 00:00:00+00:00,52.29584503173828,59.0,61.5,58.5,61.45000076293945,25796
2014-08-25 00:00:00+00:00,52.82767105102539,59.599998474121094,60.75,58.5,59.29999923706055,20134
2014-08-26 00:00:00+00:00,52.428810119628906,59.150001525878906,62.0,58.70000076293945,62.0,11543
2014-08-27 00:00:00+00:00,52.25153350830078,58.95000076293945,60.45000076293945,57.099998474121094,57.099998474121094,28375
2014-08-28 00:00:00+00:00,51.45379638671875,58.04999923706055,60.400001525878906,57.20000076293945,59.0,29909
2014-09-01 00:00:00+00:00,54.02427291870117,60.95000076293945,60.95000076293945,59.099998474121094,59.75,22249
2014-09-02 00:00:00+00:00,56.683380126953125,63.95000076293945,63.95000076293945,61.0,62.25,38881
2014-09-03 00:00:00+00:00,54.95496368408203,62.0,66.94999694824219,60.95000076293945,66.94999694824219,47720
2014-09-04 00:00:00+00:00,55.575416564941406,62.70000076293945,64.0999984741211,60.900001525878906,63.95000076293945,107269
2014-09-05 00:00:00+00:00,61.0709114074707,68.9000015258789,68.94999694824219,63.0,64.8499984741211,180119
2014-09-08 00:00:00+00:00,66.56642150878906,75.0999984741211,75.75,62.349998474121094,62.349998474121094,140749
2014-09-09 00:00:00+00:00,65.0152587890625,73.3499984741211,81.5,73.0,77.0999984741211,70481
2014-09-10 00:00:00+00:00,59.386810302734375,67.0,74.0,66.05000305175781,74.0,172717
2014-09-11 00:00:00+00:00,62.13455581665039,70.0999984741211,72.9000015258789,67.0,67.0,86114
2014-09-12 00:00:00+00:00,63.258548736572266,70.3499984741211,72.80000305175781,68.4000015258789,71.0,42253
2014-09-15 00:00:00+00:00,62.44927215576172,69.44999694824219,71.05000305175781,68.0,68.0,25801
2014-09-16 00:00:00+00:00,58.58272933959961,65.1500015258789,70.8499984741211,64.05000305175781,70.05000305175781,25376
2014-09-17 00:00:00+00:00,58.26800537109375,64.80000305175781,68.0,63.54999923706055,65.19999694824219,23594
2014-09-18 00:00:00+00:00,59.25712966918945,65.9000015258789,67.75,64.80000305175781,64.80000305175781,39754
2014-09-19 00:00:00+00:00,59.706729888916016,66.4000015258789,68.4000015258789,65.5,65.5,50065
2014-09-22 00:00:00+00:00,59.52688980102539,66.19999694824219,68.0,65.0999984741211,68.0,67129
2014-09-23 00:00:00+00:00,61.05551528930664,67.9000015258789,69.5,67.3499984741211,68.9000015258789,39385
2014-09-24 00:00:00+00:00,59.3470458984375,66.0,69.0,65.05000305175781,65.05000305175781,16867
2014-09-25 00:00:00+00:00,57.458736419677734,63.900001525878906,67.3499984741211,63.349998474121094,67.3499984741211,40642
2014-09-26 00:00:00+00:00,61.28032302856445,68.1500015258789,70.25,61.900001525878906,64.0,65696
2014-09-29 00:00:00+00:00,61.684959411621094,68.5999984741211,69.75,66.0999984741211,67.5,26160
2014-09-30 00:00:00+00:00,61.90976333618164,68.8499984741211,69.69999694824219,67.5,68.0,26872
2014-10-01 00:00:00+00:00,60.111366271972656,66.8499984741211,68.6500015258789,66.1500015258789,66.75,6617
2014-10-07 00:00:00+00:00,58.94240951538086,65.55000305175781,68.44999694824219,63.0,66.30000305175781,15776
2014-10-08 00:00:00+00:00,58.49281311035156,65.05000305175781,66.3499984741211,64.80000305175781,66.30000305175781,8291
2014-10-09 00:00:00+00:00,60.471046447753906,67.25,68.94999694824219,65.4000015258789,68.94999694824219,18693
2014-10-10 00:00:00+00:00,61.550079345703125,68.44999694824219,70.9000015258789,63.20000076293945,66.0,48852
2014-10-13 00:00:00+00:00,62.58415603637695,69.5999984741211,72.0,69.0,71.19999694824219,44678
2014-10-14 00:00:00+00:00,62.04463577270508,69.0,70.0,68.5,70.0,20061
2014-10-15 00:00:00+00:00,62.04463577270508,69.0,69.0,69.0,69.0,0
2014-10-16 00:00:00+00:00,63.48335266113281,70.5999984741211,73.5999984741211,68.9000015258789,69.0,57358
2014-10-17 00:00:00+00:00,61.05551528930664,67.9000015258789,71.9000015258789,67.19999694824219,71.9000015258789,31068
2014-10-20 00:00:00+00:00,61.59504318237305,68.5,75.0,68.0,75.0,28369
2014-10-21 00:00:00+00:00,61.81983184814453,68.75,69.1500015258789,68.4000015258789,68.55000305175781,5990
2014-10-22 00:00:00+00:00,61.370243072509766,68.25,70.9000015258789,67.69999694824219,68.5,21446
2014-10-27 00:00:00+00:00,65.55150604248047,72.9000015258789,78.0,66.4000015258789,69.75,212344
2014-10-28 00:00:00+00:00,63.528324127197266,70.6500015258789,73.0,68.1500015258789,73.0,57180
2014-10-29 00:00:00+00:00,76.16204833984375,84.69999694824219,84.75,70.4000015258789,71.0,1220929
2014-10-30 00:00:00+00:00,75.75740814208984,84.25,92.69999694824219,82.44999694824219,85.05000305175781,670149
2014-10-31 00:00:00+00:00,75.39771270751953,83.8499984741211,87.6500015258789,82.5,85.25,109409
2014-11-03 00:00:00+00:00,90.23448181152344,100.3499984741211,100.5999984741211,84.25,85.0,1054739
2014-11-05 00:00:00+00:00,76.61163330078125,85.19999694824219,104.0,82.3499984741211,102.0,551267
2014-11-07 00:00:00+00:00,78.85963439941406,87.69999694824219,91.69999694824219,85.5,86.69999694824219,142980
2014-11-10 00:00:00+00:00,75.89228820800781,84.4000015258789,89.80000305175781,82.0999984741211,87.94999694824219,51777
2014-11-11 00:00:00+00:00,75.2178955078125,83.6500015258789,87.80000305175781,82.5,84.0999984741211,57475
2014-11-12 00:00:00+00:00,77.28604125976562,85.94999694824219,91.19999694824219,83.75,85.44999694824219,141110
2014-11-13 00:00:00+00:00,76.29692840576172,84.8499984741211,88.0,84.4000015258789,88.0,47012
2014-11-14 00:00:00+00:00,75.57756042480469,84.05000305175781,87.0,83.0,84.1500015258789,38659
2014-11-17 00:00:00+00:00,75.30780029296875,83.75,88.0,83.5,84.5,44264
2014-11-18 00:00:00+00:00,74.81324768066406,83.19999694824219,86.0,82.80000305175781,83.0999984741211,53398
2014-11-19 00:00:00+00:00,72.83500671386719,81.0,84.6500015258789,80.25,84.0,42743
2014-11-20 00:00:00+00:00,71.39629364013672,79.4000015258789,82.0,78.1500015258789,81.0999984741211,31194
2014-11-21 00:00:00+00:00,75.12796783447266,83.55000305175781,86.8499984741211,80.0,80.0,119981
2014-11-24 00:00:00+00:00,75.53260040283203,84.0,84.9000015258789,82.0,84.9000015258789,61463
2014-11-25 00:00:00+00:00,83.62538146972656,93.0,94.80000305175781,83.55000305175781,84.05000305175781,455943
2014-11-26 00:00:00+00:00,76.79147338867188,85.4000015258789,96.0,84.25,94.8499984741211,228810
2014-11-27 00:00:00+00:00,77.55580139160156,86.25,88.4000015258789,85.5,86.94999694824219,54169
2014-11-28 00:00:00+00:00,76.47676086425781,85.05000305175781,87.80000305175781,84.0999984741211,87.5,23863
2014-12-01 00:00:00+00:00,74.72332000732422,83.0999984741211,85.5999984741211,82.55000305175781,85.0999984741211,35044
2014-12-02 00:00:00+00:00,73.64427947998047,81.9000015258789,84.94999694824219,81.1500015258789,83.4000015258789,33221
2014-12-03 00:00:00+00:00,75.12796783447266,83.55000305175781,85.9000015258789,81.0999984741211,82.8499984741211,48106
2014-12-04 00:00:00+00:00,76.74652099609375,85.3499984741211,87.55000305175781,85.0,85.9000015258789,45488
2014-12-05 00:00:00+00:00,74.40860748291016,82.75,85.8499984741211,82.4000015258789,85.0,25345
2014-12-08 00:00:00+00:00,72.96988677978516,81.1500015258789,82.5,80.19999694824219,82.5,29560
2014-12-09 00:00:00+00:00,71.71101379394531,79.75,82.5,79.30000305175781,80.8499984741211,21623
2014-12-10 00:00:00+00:00,71.98077392578125,80.05000305175781,81.9000015258789,79.6500015258789,79.80000305175781,9541
2014-12-11 00:00:00+00:00,70.31725311279297,78.19999694824219,80.94999694824219,77.8499984741211,80.0,40817
2014-12-12 00:00:00+00:00,68.33902740478516,76.0,80.0,75.05000305175781,80.0,28048
2014-12-15 00:00:00+00:00,66.94526672363281,74.44999694824219,76.0,73.4000015258789,76.0,15836
2014-12-16 00:00:00+00:00,62.763999938964844,69.80000305175781,74.44999694824219,69.1500015258789,74.44999694824219,24011
2014-12-17 00:00:00+00:00,61.72991943359375,68.6500015258789,71.9000015258789,66.4000015258789,69.05000305175781,26247
2014-12-18 00:00:00+00:00,63.48335266113281,70.5999984741211,72.30000305175781,68.0999984741211,68.0999984741211,21215
2014-12-19 00:00:00+00:00,61.864803314208984,68.80000305175781,72.5999984741211,68.0,71.0,27518
2014-12-22 00:00:00+00:00,62.04463577270508,69.0,70.80000305175781,66.69999694824219,66.69999694824219,13468
2014-12-23 00:00:00+00:00,62.17951965332031,69.1500015258789,74.0,68.19999694824219,68.69999694824219,27306
2014-12-24 00:00:00+00:00,61.72991943359375,68.6500015258789,69.5,68.0999984741211,69.5,9844
2014-12-26 00:00:00+00:00,61.59504318237305,68.5,69.9000015258789,68.19999694824219,68.80000305175781,7022
2014-12-29 00:00:00+00:00,61.774879455566406,68.69999694824219,70.55000305175781,68.0,68.30000305175781,6521
2014-12-30 00:00:00+00:00,62.404327392578125,69.4000015258789,70.0,65.75,67.19999694824219,22697
2014-12-31 00:00:00+00:00,63.39344024658203,70.5,71.5,68.5,69.0,19680
2015-01-01 00:00:00+00:00,66.90029907226562,74.4000015258789,75.25,70.25,70.55000305175781,36184
2015-01-02 00:00:00+00:00,67.30494689941406,74.8499984741211,77.4000015258789,71.44999694824219,75.30000305175781,25305
2015-01-05 00:00:00+00:00,66.13600158691406,73.55000305175781,76.0,73.0,74.5,14387
2015-01-06 00:00:00+00:00,63.88799285888672,71.05000305175781,73.94999694824219,70.69999694824219,73.0,15606
2015-01-07 00:00:00+00:00,62.94383239746094,70.0,71.9000015258789,69.5,70.25,13164
2015-01-08 00:00:00+00:00,63.07871627807617,70.1500015258789,71.9000015258789,69.75,70.0,9785
2015-01-09 00:00:00+00:00,63.033748626708984,70.0999984741211,71.75,70.0,70.1500015258789,7441
2015-01-12 00:00:00+00:00,62.404327392578125,69.4000015258789,70.9000015258789,68.1500015258789,69.5,10475
2015-01-13 00:00:00+00:00,63.07871627807617,70.1500015258789,70.5999984741211,68.5999984741211,69.0999984741211,14950
2015-01-14 00:00:00+00:00,60.42607498168945,67.19999694824219,70.5,66.0999984741211,69.5,15882
2015-01-15 00:00:00+00:00,59.706729888916016,66.4000015258789,69.9000015258789,64.44999694824219,67.4000015258789,52022
2015-01-16 00:00:00+00:00,61.370243072509766,68.25,69.0,66.5,66.94999694824219,15676
2015-01-19 00:00:00+00:00,60.51600646972656,67.30000305175781,69.9000015258789,67.0999984741211,67.5999984741211,5339
2015-01-20 00:00:00+00:00,59.97648239135742,66.69999694824219,68.9000015258789,66.5,68.6500015258789,12943
2015-01-21 00:00:00+00:00,60.381126403808594,67.1500015258789,68.94999694824219,66.55000305175781,68.44999694824219,19177
2015-01-22 00:00:00+00:00,62.13455581665039,69.0999984741211,71.9000015258789,67.0,67.9000015258789,24815
2015-01-23 00:00:00+00:00,61.72991943359375,68.6500015258789,72.9000015258789,68.0,70.0,31778
2015-01-27 00:00:00+00:00,60.56095886230469,67.3499984741211,69.80000305175781,66.0999984741211,68.6500015258789,12162
2015-01-28 00:00:00+00:00,60.15632629394531,66.9000015258789,68.69999694824219,66.3499984741211,67.1500015258789,11782
2015-01-29 00:00:00+00:00,60.785762786865234,67.5999984741211,68.5,66.0999984741211,66.55000305175781,10263
2015-01-30 00:00:00+00:00,60.33616638183594,67.0999984741211,68.4000015258789,66.1500015258789,67.0,8501
2015-02-02 00:00:00+00:00,59.9315299987793,66.6500015258789,69.05000305175781,63.79999923706055,69.0,11630
2015-02-03 00:00:00+00:00,59.39200973510742,66.05000305175781,67.19999694824219,66.0,66.0999984741211,12368
2015-02-04 00:00:00+00:00,59.3470458984375,66.0,66.69999694824219,65.55000305175781,66.0,3946
2015-02-05 00:00:00+00:00,58.26800537109375,64.80000305175781,67.19999694824219,64.05000305175781,66.8499984741211,14186
2015-02-06 00:00:00+00:00,58.223045349121094,64.75,66.75,63.900001525878906,64.69999694824219,12560
2015-02-09 00:00:00+00:00,56.289772033691406,62.599998474121094,66.0,62.099998474121094,64.75,7832
2015-02-10 00:00:00+00:00,56.784332275390625,63.150001525878906,64.0,62.5,62.5,22998
2015-02-11 00:00:00+00:00,56.1548957824707,62.45000076293945,63.400001525878906,61.599998474121094,63.400001525878906,10147
2015-02-12 00:00:00+00:00,56.37968826293945,62.70000076293945,63.79999923706055,61.0,62.0,10926
2015-02-13 00:00:00+00:00,55.21073913574219,61.400001525878906,62.25,60.5,61.900001525878906,20782
2015-02-16 00:00:00+00:00,54.761138916015625,60.900001525878906,63.45000076293945,60.5,63.45000076293945,8566
2015-02-18 00:00:00+00:00,54.4464225769043,60.54999923706055,62.400001525878906,60.099998474121094,60.5,9509
2015-02-19 00:00:00+00:00,53.32242202758789,59.29999923706055,60.5,59.0,60.20000076293945,21871
2015-02-20 00:00:00+00:00,53.45730209350586,59.45000076293945,60.0,58.150001525878906,59.29999923706055,8077
2015-02-23 00:00:00+00:00,52.243385314941406,58.099998474121094,61.900001525878906,57.29999923706055,60.0,8952
2015-02-24 00:00:00+00:00,50.48994827270508,56.150001525878906,59.54999923706055,55.20000076293945,59.54999923706055,8437
2015-02-25 00:00:00+00:00,52.10850524902344,57.95000076293945,59.150001525878906,56.099998474121094,57.0,17641
2015-02-26 00:00:00+00:00,52.01858901977539,57.849998474121094,58.5,56.79999923706055,57.5,3004
2015-02-27 00:00:00+00:00,50.80466842651367,56.5,57.79999923706055,55.20000076293945,57.79999923706055,8360
2015-03-02 00:00:00+00:00,50.89458465576172,56.599998474121094,58.25,56.0,57.29999923706055,9310
2015-03-03 00:00:00+00:00,52.42322540283203,58.29999923706055,58.5,56.04999923706055,57.0,11700
2015-03-04 00:00:00+00:00,50.04035949707031,55.650001525878906,58.5,55.099998474121094,58.29999923706055,22522
2015-03-05 00:00:00+00:00,50.75971221923828,56.45000076293945,57.75,54.0,55.0,19889
2015-03-09 00:00:00+00:00,57.09904861450195,63.5,66.5,54.5,56.0,55520
2015-03-10 00:00:00+00:00,63.39344024658203,70.5,73.5,65.0,65.0,178602
2015-03-11 00:00:00+00:00,62.31439208984375,69.30000305175781,74.0999984741211,68.3499984741211,72.75,69816
2015-03-12 00:00:00+00:00,62.269447326660156,69.25,71.94999694824219,67.5,70.25,43912
2015-03-13 00:00:00+00:00,60.471046447753906,67.25,70.94999694824219,67.0,70.0,20820
2015-03-16 00:00:00+00:00,59.706729888916016,66.4000015258789,69.69999694824219,65.0,69.69999694824219,22290
2015-03-17 00:00:00+00:00,61.2353515625,68.0999984741211,71.44999694824219,67.1500015258789,68.6500015258789,34295
2015-03-18 00:00:00+00:00,58.26800537109375,64.80000305175781,70.80000305175781,63.599998474121094,69.05000305175781,43012
2015-03-19 00:00:00+00:00,57.14400863647461,63.54999923706055,66.80000305175781,63.29999923706055,66.80000305175781,21527
2015-03-20 00:00:00+00:00,53.906898498535156,59.95000076293945,64.0,59.54999923706055,64.0,34506
2015-03-23 00:00:00+00:00,51.793785095214844,57.599998474121094,62.0,57.099998474121094,62.0,24563
2015-03-24 00:00:00+00:00,51.793785095214844,57.599998474121094,59.70000076293945,57.0,57.150001525878906,15746
2015-03-25 00:00:00+00:00,52.10850524902344,57.95000076293945,60.70000076293945,57.0,60.54999923706055,73425
2015-03-26 00:00:00+00:00,51.524024963378906,57.29999923706055,58.0,56.349998474121094,56.349998474121094,10204
2015-03-27 00:00:00+00:00,46.983070373535156,52.25,59.900001525878906,49.5,56.099998474121094,79146
2015-03-30 00:00:00+00:00,51.119388580322266,56.849998474121094,57.5,53.04999923706055,53.79999923706055,14335
2015-03-31 00:00:00+00:00,59.88655471801758,66.5999984741211,68.19999694824219,57.5,57.5,86088
2015-04-01 00:00:00+00:00,61.90976333618164,68.8499984741211,74.19999694824219,67.0999984741211,68.9000015258789,84178
2015-04-06 00:00:00+00:00,61.460166931152344,68.3499984741211,71.0,67.5,69.0999984741211,21814
2015-04-07 00:00:00+00:00,61.010555267333984,67.8499984741211,69.0,66.6500015258789,68.9000015258789,16466
2015-04-08 00:00:00+00:00,60.785762786865234,67.5999984741211,68.80000305175781,66.5,68.1500015258789,18576
2015-04-09 00:00:00+00:00,71.9358139038086,80.0,81.0999984741211,67.80000305175781,69.9000015258789,336001
2015-04-10 00:00:00+00:00,69.46302032470703,77.25,83.25,75.1500015258789,82.0,200595
2015-04-13 00:00:00+00:00,67.57469940185547,75.1500015258789,78.4000015258789,74.55000305175781,78.4000015258789,47886
2015-04-15 00:00:00+00:00,67.43982696533203,75.0,77.44999694824219,74.0999984741211,77.44999694824219,35031
2015-04-16 00:00:00+00:00,64.96703338623047,72.25,75.0,72.0,74.55000305175781,23386
2015-04-17 00:00:00+00:00,65.32671356201172,72.6500015258789,74.94999694824219,72.0,72.05000305175781,30262
2015-04-20 00:00:00+00:00,62.53919982910156,69.55000305175781,72.0,68.0999984741211,69.0,24364
2015-04-21 00:00:00+00:00,61.90976333618164,68.8499984741211,70.80000305175781,68.5,70.0,10985
2015-04-22 00:00:00+00:00,60.69583511352539,67.5,69.75,66.30000305175781,68.4000015258789,17359
2015-04-23 00:00:00+00:00,61.370243072509766,68.25,71.44999694824219,67.69999694824219,69.0,14446
2015-04-24 00:00:00+00:00,59.48191833496094,66.1500015258789,68.94999694824219,66.0,68.19999694824219,9537
2015-04-27 00:00:00+00:00,55.97505187988281,62.25,67.94999694824219,61.0,64.55000305175781,11894
2015-04-28 00:00:00+00:00,55.39057159423828,61.599998474121094,62.95000076293945,58.0,59.400001525878906,25905
2015-04-29 00:00:00+00:00,56.46961212158203,62.79999923706055,64.94999694824219,61.150001525878906,61.25,22249
2015-04-30 00:00:00+00:00,56.06497573852539,62.349998474121094,64.44999694824219,61.099998474121094,63.5,19820
2015-05-04 00:00:00+00:00,57.188968658447266,63.599998474121094,64.55000305175781,63.0,63.849998474121094,13454
2015-05-05 00:00:00+00:00,54.98593521118164,61.150001525878906,65.4000015258789,60.5,64.5,34211
2015-05-06 00:00:00+00:00,53.95185852050781,60.0,62.099998474121094,59.25,61.79999923706055,22073
2015-05-07 00:00:00+00:00,52.33330154418945,58.20000076293945,61.25,57.79999923706055,60.0,13813
2015-05-08 00:00:00+00:00,54.1317024230957,60.20000076293945,62.0,58.54999923706055,59.150001525878906,19713
2015-05-11 00:00:00+00:00,56.02001190185547,62.29999923706055,62.95000076293945,59.599998474121094,62.45000076293945,14094
2015-05-12 00:00:00+00:00,53.95185852050781,60.0,62.75,59.099998474121094,62.75,6755
2015-05-13 00:00:00+00:00,54.80609893798828,60.95000076293945,61.5,59.5,59.5,9531
2015-05-14 00:00:00+00:00,54.17665481567383,60.25,61.0,60.0,60.5,6848
2015-05-15 00:00:00+00:00,54.49137496948242,60.599998474121094,61.45000076293945,60.099998474121094,60.099998474121094,6727
2015-05-18 00:00:00+00:00,54.581298828125,60.70000076293945,61.0,59.0,61.0,8710
2015-05-19 00:00:00+00:00,55.300655364990234,61.5,61.75,60.650001525878906,61.0,7453
2015-05-20 00:00:00+00:00,55.25569534301758,61.45000076293945,62.0,60.75,61.0,11778
2015-05-21 00:00:00+00:00,54.35649490356445,60.45000076293945,62.0,60.150001525878906,61.95000076293945,7427
2015-05-22 00:00:00+00:00,53.996822357177734,60.04999923706055,61.400001525878906,59.5,60.599998474121094,20200
2015-05-25 00:00:00+00:00,55.39057159423828,61.599998474121094,62.0,59.650001525878906,60.900001525878906,11763
2015-05-26 00:00:00+00:00,55.66033935546875,61.900001525878906,62.0,60.25,61.150001525878906,7496
2015-05-27 00:00:00+00:00,54.71617126464844,60.849998474121094,61.95000076293945,60.0,61.0,7871
2015-05-28 00:00:00+00:00,55.61537551879883,61.849998474121094,62.0,60.45000076293945,60.45000076293945,8202
2015-05-29 00:00:00+00:00,57.188968658447266,63.599998474121094,66.80000305175781,60.349998474121094,61.0,45454
2015-06-01 00:00:00+00:00,54.71617126464844,60.849998474121094,62.0,60.400001525878906,61.0,20920
2015-06-02 00:00:00+00:00,52.28834533691406,58.150001525878906,61.95000076293945,57.099998474121094,61.95000076293945,18857
2015-06-03 00:00:00+00:00,49.41090774536133,54.95000076293945,59.0,54.099998474121094,59.0,22541
2015-06-04 00:00:00+00:00,47.56755065917969,52.900001525878906,56.0,52.099998474121094,56.0,23059
2015-06-05 00:00:00+00:00,47.52259826660156,52.849998474121094,54.29999923706055,51.849998474121094,53.79999923706055,13093
2015-06-08 00:00:00+00:00,46.53348159790039,51.75,53.900001525878906,51.099998474121094,53.900001525878906,7833
2015-06-09 00:00:00+00:00,47.34275817871094,52.650001525878906,53.150001525878906,51.0,51.54999923706055,10494
2015-06-10 00:00:00+00:00,49.32099151611328,54.849998474121094,55.0,52.04999923706055,52.04999923706055,13195
2015-06-11 00:00:00+00:00,46.62339782714844,51.849998474121094,55.5,51.04999923706055,55.0,13601
2015-06-12 00:00:00+00:00,47.207881927490234,52.5,53.400001525878906,50.099998474121094,52.0,6352
2015-06-15 00:00:00+00:00,47.70243453979492,53.04999923706055,54.25,51.099998474121094,51.099998474121094,5184
2015-06-16 00:00:00+00:00,46.668365478515625,51.900001525878906,54.5,51.0,52.5,5091
2015-06-17 00:00:00+00:00,48.511714935302734,53.95000076293945,54.25,52.400001525878906,52.400001525878906,5349
2015-06-18 00:00:00+00:00,48.10707092285156,53.5,55.0,52.849998474121094,53.5,24664
2015-06-19 00:00:00+00:00,47.52259826660156,52.849998474121094,54.5,52.599998474121094,54.5,4875
2015-06-22 00:00:00+00:00,48.42179489135742,53.849998474121094,54.099998474121094,52.849998474121094,53.849998474121094,8162
2015-06-23 00:00:00+00:00,49.23107147216797,54.75,55.349998474121094,53.5,53.5,17139
2015-06-24 00:00:00+00:00,48.28691864013672,53.70000076293945,55.29999923706055,53.20000076293945,54.5,15251
2015-06-25 00:00:00+00:00,46.758277893066406,52.0,53.900001525878906,51.5,53.0,18939
2015-06-26 00:00:00+00:00,45.81412124633789,50.95000076293945,53.79999923706055,49.599998474121094,53.79999923706055,31321
2015-06-29 00:00:00+00:00,46.71331787109375,51.95000076293945,52.900001525878906,50.0,51.5,16002
2015-06-30 00:00:00+00:00,47.073001861572266,52.349998474121094,53.400001525878906,52.0,52.54999923706055,6147
2015-07-01 00:00:00+00:00,48.19699478149414,53.599998474121094,54.29999923706055,51.04999923706055,51.5,18726
2015-07-02 00:00:00+00:00,48.10707092285156,53.5,54.400001525878906,53.04999923706055,53.20000076293945,5891
2015-07-03 00:00:00+00:00,48.19699478149414,53.599998474121094,54.900001525878906,53.150001525878906,53.5,14693
2015-07-06 00:00:00+00:00,55.79521560668945,62.04999923706055,63.400001525878906,52.349998474121094,55.79999923706055,108209
2015-07-07 00:00:00+00:00,56.73936462402344,63.099998474121094,65.9000015258789,61.599998474121094,63.79999923706055,82932
2015-07-08 00:00:00+00:00,55.61537551879883,61.849998474121094,64.5,59.75,62.95000076293945,48657
2015-07-09 00:00:00+00:00,53.54722213745117,59.54999923706055,62.5,58.650001525878906,61.5,22959
2015-07-10 00:00:00+00:00,54.53634262084961,60.650001525878906,61.70000076293945,58.099998474121094,60.900001525878906,22836
2015-07-13 00:00:00+00:00,54.62625503540039,60.75,62.0,60.0,62.0,10129
2015-07-14 00:00:00+00:00,54.71617126464844,60.849998474121094,62.45000076293945,60.20000076293945,60.20000076293945,11990
2015-07-15 00:00:00+00:00,56.964168548583984,63.349998474121094,64.69999694824219,61.5,62.79999923706055,54120
2015-07-16 00:00:00+00:00,56.82929229736328,63.20000076293945,65.3499984741211,63.04999923706055,63.349998474121094,15202
2015-07-17 00:00:00+00:00,56.649452209472656,63.0,64.5999984741211,62.150001525878906,64.5,14070
2015-07-20 00:00:00+00:00,56.424652099609375,62.75,64.3499984741211,62.5,64.3499984741211,6835
2015-07-21 00:00:00+00:00,56.06497573852539,62.349998474121094,63.25,62.0,62.54999923706055,8465
2015-07-22 00:00:00+00:00,55.52545166015625,61.75,63.599998474121094,61.5,63.599998474121094,12312
2015-07-23 00:00:00+00:00,56.24481201171875,62.54999923706055,63.900001525878906,61.650001525878906,61.70000076293945,18182
2015-07-24 00:00:00+00:00,56.19985580444336,62.5,63.45000076293945,61.599998474121094,63.349998474121094,8793
2015-07-27 00:00:00+00:00,62.98879623413086,70.05000305175781,75.0,60.099998474121094,61.599998474121094,157672
2015-07-28 00:00:00+00:00,64.87711334228516,72.1500015258789,74.0,70.5,71.0999984741211,93537
2015-07-29 00:00:00+00:00,64.56238555908203,71.80000305175781,74.94999694824219,71.0,72.9000015258789,67163
2015-07-30 00:00:00+00:00,69.23822021484375,77.0,80.4000015258789,71.80000305175781,71.80000305175781,232610
2015-07-31 00:00:00+00:00,70.81180572509766,78.75,81.94999694824219,76.0999984741211,76.25,152992
2015-08-03 00:00:00+00:00,72.61021423339844,80.75,81.80000305175781,78.1500015258789,79.5999984741211,79324
2015-08-04 00:00:00+00:00,71.39629364013672,79.4000015258789,83.0,79.0,81.0,63608
2015-08-05 00:00:00+00:00,72.61021423339844,80.75,82.9000015258789,78.5,80.80000305175781,70318
2015-08-06 00:00:00+00:00,71.26142120361328,79.25,82.25,78.30000305175781,81.9000015258789,30156
2015-08-07 00:00:00+00:00,69.64286041259766,77.44999694824219,81.5,76.75,81.5,29836
2015-08-10 00:00:00+00:00,72.74508666992188,80.9000015258789,83.55000305175781,77.0,77.05000305175781,77708
2015-08-11 00:00:00+00:00,75.35276794433594,83.80000305175781,87.5,82.5,82.5,97713
2015-08-12 00:00:00+00:00,70.85678100585938,78.80000305175781,83.94999694824219,77.80000305175781,83.5,39777
2015-08-13 00:00:00+00:00,68.8785400390625,76.5999984741211,81.94999694824219,76.0,78.30000305175781,43637
2015-08-14 00:00:00+00:00,64.78720092773438,72.05000305175781,73.80000305175781,62.0,73.0,126186
2015-08-17 00:00:00+00:00,63.48335266113281,70.5999984741211,72.9000015258789,69.0999984741211,72.0999984741211,45249
2015-08-18 00:00:00+00:00,62.898868560791016,69.94999694824219,72.4000015258789,69.5999984741211,70.30000305175781,22060
2015-08-19 00:00:00+00:00,68.8785400390625,76.5999984741211,79.4000015258789,70.0,70.0,81720
2015-08-20 00:00:00+00:00,67.84446716308594,75.44999694824219,82.5,75.0,77.0,94343
2015-08-21 00:00:00+00:00,66.63053894042969,74.0999984741211,75.5999984741211,71.30000305175781,74.0,30641
2015-08-24 00:00:00+00:00,58.672645568847656,65.25,72.0999984741211,63.79999923706055,71.69999694824219,48242
2015-08-25 00:00:00+00:00,59.52688980102539,66.19999694824219,69.0,60.0,66.19999694824219,33916
2015-08-26 00:00:00+00:00,57.68353271484375,64.1500015258789,68.5,63.099998474121094,65.80000305175781,12830
2015-08-27 00:00:00+00:00,59.25712966918945,65.9000015258789,68.30000305175781,64.8499984741211,67.5,17910
2015-08-28 00:00:00+00:00,59.84160614013672,66.55000305175781,70.5,65.0999984741211,67.5,22386
2015-08-31 00:00:00+00:00,58.94240951538086,65.55000305175781,67.4000015258789,65.1500015258789,67.4000015258789,5903
2015-09-01 00:00:00+00:00,57.72848892211914,64.19999694824219,66.94999694824219,63.400001525878906,65.0,8765
2015-09-02 00:00:00+00:00,58.08816909790039,64.5999984741211,66.75,64.05000305175781,64.4000015258789,16050
2015-09-03 00:00:00+00:00,62.674072265625,69.69999694824219,72.55000305175781,64.55000305175781,65.75,44389
2015-09-04 00:00:00+00:00,59.032325744628906,65.6500015258789,70.8499984741211,65.0,68.0,18537
2015-09-07 00:00:00+00:00,59.21216583251953,65.8499984741211,67.69999694824219,64.5,66.5999984741211,20958
2015-09-08 00:00:00+00:00,60.111366271972656,66.8499984741211,67.80000305175781,65.25,66.3499984741211,23412
2015-09-09 00:00:00+00:00,60.92063522338867,67.75,69.0,66.80000305175781,67.5,7510
2015-09-10 00:00:00+00:00,63.7980842590332,70.94999694824219,72.75,68.0999984741211,68.25,59312
2015-09-11 00:00:00+00:00,62.94383239746094,70.0,72.69999694824219,69.5,71.0,19712
2015-09-14 00:00:00+00:00,65.19183349609375,72.5,73.0999984741211,69.69999694824219,71.69999694824219,14848
2015-09-15 00:00:00+00:00,62.54768753051758,68.5999984741211,72.5,67.5,72.5,43147
2015-09-16 00:00:00+00:00,63.91534423828125,70.0999984741211,70.5999984741211,68.94999694824219,69.69999694824219,15385
2015-09-18 00:00:00+00:00,64.69036102294922,70.94999694824219,72.94999694824219,70.5,70.8499984741211,13421
2015-09-21 00:00:00+00:00,64.73594665527344,71.0,71.5,68.0,70.4000015258789,8681
2015-09-22 00:00:00+00:00,64.50799560546875,70.75,72.44999694824219,68.5999984741211,72.0,16589
2015-09-23 00:00:00+00:00,64.87271881103516,71.1500015258789,72.1500015258789,70.0,70.0,11612
2015-09-24 00:00:00+00:00,64.3712387084961,70.5999984741211,73.0,70.30000305175781,72.19999694824219,23616
2015-09-28 00:00:00+00:00,61.45356369018555,67.4000015258789,72.4000015258789,66.0999984741211,70.0,31816
2015-09-29 00:00:00+00:00,63.55063247680664,69.69999694824219,71.5,66.5,67.0,25281
2015-09-30 00:00:00+00:00,64.23446655273438,70.44999694824219,71.8499984741211,70.25,70.69999694824219,8853
2015-10-01 00:00:00+00:00,67.28890228271484,73.80000305175781,76.69999694824219,69.8499984741211,71.0,67537
2015-10-05 00:00:00+00:00,69.11246490478516,75.80000305175781,77.0,74.0,74.9000015258789,23395
2015-10-06 00:00:00+00:00,68.42863464355469,75.05000305175781,76.80000305175781,73.4000015258789,75.80000305175781,15719
2015-10-07 00:00:00+00:00,68.47421264648438,75.0999984741211,76.5,73.19999694824219,74.0,22664
2015-10-08 00:00:00+00:00,66.6962661743164,73.1500015258789,75.44999694824219,73.05000305175781,74.5,15352
2015-10-09 00:00:00+00:00,68.7021713256836,75.3499984741211,75.8499984741211,72.4000015258789,73.5,18820
2015-10-12 00:00:00+00:00,69.9786376953125,76.75,77.30000305175781,74.25,74.25,17512
2015-10-13 00:00:00+00:00,68.65657043457031,75.30000305175781,76.75,74.30000305175781,76.75,11027
2015-10-14 00:00:00+00:00,69.6595230102539,76.4000015258789,78.25,75.19999694824219,75.25,25659
2015-10-15 00:00:00+00:00,75.08457946777344,82.3499984741211,86.4000015258789,76.05000305175781,77.0,226094
2015-10-16 00:00:00+00:00,75.5860595703125,82.9000015258789,84.9000015258789,82.30000305175781,83.0,52910
2015-10-19 00:00:00+00:00,75.22134399414062,82.5,84.4000015258789,82.0999984741211,83.30000305175781,19454
2015-10-20 00:00:00+00:00,76.26988983154297,83.6500015258789,84.69999694824219,81.1500015258789,82.94999694824219,38199
2015-10-21 00:00:00+00:00,74.40074157714844,81.5999984741211,84.55000305175781,81.25,84.0,20806
2015-10-23 00:00:00+00:00,73.03308868408203,80.0999984741211,83.94999694824219,79.0,83.94999694824219,19979
2015-10-26 00:00:00+00:00,73.3521957397461,80.44999694824219,82.0,79.1500015258789,79.5999984741211,14154
2015-10-27 00:00:00+00:00,72.8507308959961,79.9000015258789,82.0,79.19999694824219,81.5,14358
2015-10-28 00:00:00+00:00,72.6227798461914,79.6500015258789,81.44999694824219,79.19999694824219,81.44999694824219,10211
2015-10-29 00:00:00+00:00,74.94780731201172,82.19999694824219,85.4000015258789,79.0,79.0,106892
2015-10-30 00:00:00+00:00,73.85368347167969,81.0,84.80000305175781,80.0999984741211,84.0,36403
2015-11-02 00:00:00+00:00,73.39781188964844,80.5,82.94999694824219,80.30000305175781,82.9000015258789,9132
2015-11-03 00:00:00+00:00,74.30956268310547,81.5,83.0,80.55000305175781,80.75,15061
2015-11-04 00:00:00+00:00,73.80809783935547,80.94999694824219,83.5,79.9000015258789,82.9000015258789,21905
2015-11-05 00:00:00+00:00,72.66837310791016,79.69999694824219,80.94999694824219,78.5999984741211,80.3499984741211,11717
2015-11-06 00:00:00+00:00,70.70806121826172,77.55000305175781,79.9000015258789,75.69999694824219,79.9000015258789,22637
2015-11-09 00:00:00+00:00,69.8874740600586,76.6500015258789,77.4000015258789,74.0999984741211,75.05000305175781,17471
2015-11-10 00:00:00+00:00,69.24922180175781,75.94999694824219,80.0,75.1500015258789,80.0,18964
2015-11-13 00:00:00+00:00,69.02127075195312,75.69999694824219,78.1500015258789,74.05000305175781,78.0,29431
2015-11-16 00:00:00+00:00,67.83597564697266,74.4000015258789,76.5,73.5999984741211,76.0,17440
2015-11-17 00:00:00+00:00,67.56244659423828,74.0999984741211,75.80000305175781,72.6500015258789,74.6500015258789,23942
2015-11-18 00:00:00+00:00,67.33448791503906,73.8499984741211,74.94999694824219,73.19999694824219,73.19999694824219,11872
2015-11-19 00:00:00+00:00,67.24332427978516,73.75,74.5,73.5999984741211,73.94999694824219,12027
2015-11-20 00:00:00+00:00,69.38600158691406,76.0999984741211,76.69999694824219,73.80000305175781,74.0,18433
2015-11-23 00:00:00+00:00,77.50077819824219,85.0,88.80000305175781,76.05000305175781,76.05000305175781,278863
2015-11-24 00:00:00+00:00,84.47586059570312,92.6500015258789,97.80000305175781,85.0999984741211,85.94999694824219,426946
2015-11-26 00:00:00+00:00,101.34366607666016,111.1500015258789,111.1500015258789,94.05000305175781,94.05000305175781,1237152
2015-11-27 00:00:00+00:00,108.59226989746094,119.0999984741211,121.9000015258789,113.0,115.0,1033548
2015-11-30 00:00:00+00:00,101.20689392089844,111.0,119.80000305175781,108.30000305175781,119.80000305175781,451334
2015-12-01 00:00:00+00:00,111.09963989257812,121.8499984741211,121.8499984741211,109.0,109.0,401899
2015-12-02 00:00:00+00:00,122.17770385742188,134.0,134.0,126.0999984741211,126.0999984741211,405132
2015-12-03 00:00:00+00:00,130.4292449951172,143.0500030517578,147.39999389648438,136.0,143.3000030517578,1000805
2015-12-04 00:00:00+00:00,129.56307983398438,142.10000610351562,148.5,140.0500030517578,146.0,333711
2015-12-07 00:00:00+00:00,123.3630142211914,135.3000030517578,144.39999389648438,135.0,143.3000030517578,201875
2015-12-08 00:00:00+00:00,117.20852661132812,128.5500030517578,137.9499969482422,128.5500030517578,135.0,176440
2015-12-09 00:00:00+00:00,111.37318420410156,122.1500015258789,128.5500030517578,122.1500015258789,128.5500030517578,97901
2015-12-10 00:00:00+00:00,106.3128433227539,116.5999984741211,120.69999694824219,116.05000305175781,117.0,171044
2015-12-11 00:00:00+00:00,106.03929901123047,116.30000305175781,122.4000015258789,111.5999984741211,114.55000305175781,285636
2015-12-14 00:00:00+00:00,100.79660034179688,110.55000305175781,117.0,110.5,116.0,174364
2015-12-15 00:00:00+00:00,101.38925170898438,111.19999694824219,114.9000015258789,108.55000305175781,112.0,193303
2015-12-16 00:00:00+00:00,102.0274887084961,111.9000015258789,116.75,108.0999984741211,113.80000305175781,535606
2015-12-17 00:00:00+00:00,106.40400695800781,116.69999694824219,117.44999694824219,113.0999984741211,115.0,656258
2015-12-18 00:00:00+00:00,111.09963989257812,121.8499984741211,122.5,116.5,117.94999694824219,583334
2015-12-21 00:00:00+00:00,116.61588287353516,127.9000015258789,127.9000015258789,123.5,123.5,189233
2015-12-22 00:00:00+00:00,122.13209533691406,133.9499969482422,134.25,130.0,134.25,647417
2015-12-23 00:00:00+00:00,117.02618408203125,128.35000610351562,138.64999389648438,127.30000305175781,134.89999389648438,320135
2015-12-24 00:00:00+00:00,111.6467056274414,122.44999694824219,127.3499984741211,121.94999694824219,126.5,207008
2015-12-28 00:00:00+00:00,111.32759094238281,122.0999984741211,126.9000015258789,120.0,120.0,161500
2015-12-29 00:00:00+00:00,110.8717041015625,121.5999984741211,125.5,120.5,123.69999694824219,88635
2015-12-30 00:00:00+00:00,110.91728973388672,121.6500015258789,125.0,121.0,123.44999694824219,102434
2015-12-31 00:00:00+00:00,110.09668731689453,120.75,124.80000305175781,120.0,122.5,98284
2016-01-01 00:00:00+00:00,113.2423095703125,124.19999694824219,126.4000015258789,121.30000305175781,122.1500015258789,200996
2016-01-04 00:00:00+00:00,110.50698852539062,121.19999694824219,126.44999694824219,120.55000305175781,124.44999694824219,133343
2016-01-05 00:00:00+00:00,121.53945922851562,133.3000030517578,133.3000030517578,121.55000305175781,121.55000305175781,363304
2016-01-06 00:00:00+00:00,132.75428771972656,145.60000610351562,146.60000610351562,133.10000610351562,138.3000030517578,806810
2016-01-07 00:00:00+00:00,123.0894546508789,135.0,144.64999389648438,131.0500030517578,143.6999969482422,381861
2016-01-08 00:00:00+00:00,120.85562133789062,132.5500030517578,142.6999969482422,123.19999694824219,134.0,336976
2016-01-11 00:00:00+00:00,132.4351348876953,145.25,145.8000030517578,125.0,131.0,647481
2016-01-12 00:00:00+00:00,145.15438842773438,159.1999969482422,159.75,147.10000610351562,148.0,1172619
2016-01-13 00:00:00+00:00,130.65719604492188,143.3000030517578,167.89999389648438,143.3000030517578,164.39999389648438,1122902
2016-01-14 00:00:00+00:00,125.50566101074219,137.64999389648438,147.0500030517578,130.8000030517578,135.1999969482422,384562
2016-01-15 00:00:00+00:00,113.01436614990234,123.94999694824219,142.5,123.9000015258789,139.0,282557
2016-01-18 00:00:00+00:00,101.75396728515625,111.5999984741211,122.94999694824219,111.5999984741211,119.0,268678
2016-01-19 00:00:00+00:00,99.70246887207031,109.3499984741211,110.94999694824219,106.05000305175781,109.9000015258789,416440
2016-01-20 00:00:00+00:00,94.73330688476562,103.9000015258789,106.75,103.9000015258789,104.94999694824219,99236
2016-01-21 00:00:00+00:00,90.03766632080078,98.75,106.5,98.75,101.55000305175781,232170
2016-01-22 00:00:00+00:00,86.70968627929688,95.0999984741211,102.0,93.8499984741211,95.0999984741211,352753
2016-01-25 00:00:00+00:00,90.17443084716797,98.9000015258789,99.8499984741211,94.1500015258789,96.0,460270
2016-01-27 00:00:00+00:00,90.17443084716797,98.9000015258789,101.80000305175781,96.5,100.25,126765
2016-01-28 00:00:00+00:00,89.94649505615234,98.6500015258789,102.5,96.5,97.0,198795
2016-01-29 00:00:00+00:00,94.41419982910156,103.55000305175781,103.55000305175781,98.05000305175781,99.6500015258789,195291
2016-02-01 00:00:00+00:00,99.10981750488281,108.69999694824219,108.69999694824219,107.25,108.0,90404
2016-02-02 00:00:00+00:00,102.57455444335938,112.5,114.0999984741211,111.0,112.69999694824219,450492
2016-02-03 00:00:00+00:00,97.87892150878906,107.3499984741211,112.0,106.9000015258789,110.0,166192
2016-02-04 00:00:00+00:00,93.27448272705078,102.30000305175781,112.69999694824219,102.0,105.0,227678
2016-02-05 00:00:00+00:00,95.4171371459961,104.6500015258789,108.0,94.30000305175781,100.4000015258789,353421
2016-02-08 00:00:00+00:00,99.15540313720703,108.75,115.0999984741211,105.5,105.5,445026
2016-02-09 00:00:00+00:00,102.43779754638672,112.3499984741211,114.30000305175781,104.0,106.94999694824219,292723
2016-02-10 00:00:00+00:00,100.47747802734375,110.19999694824219,118.0,105.0999984741211,114.3499984741211,324523
2016-02-11 00:00:00+00:00,90.44796752929688,99.19999694824219,109.0,99.19999694824219,109.0,244889
2016-02-12 00:00:00+00:00,81.4214096069336,89.30000305175781,97.0,89.30000305175781,95.5,241390
2016-02-15 00:00:00+00:00,82.33318328857422,90.30000305175781,96.80000305175781,88.0999984741211,89.3499984741211,329554
2016-02-16 00:00:00+00:00,75.13016510009766,82.4000015258789,91.5,81.5,91.19999694824219,255875
2016-02-17 00:00:00+00:00,73.03308868408203,80.0999984741211,83.0999984741211,78.30000305175781,83.0999984741211,271818
2016-02-18 00:00:00+00:00,76.63459777832031,84.05000305175781,84.0999984741211,78.30000305175781,80.1500015258789,344127
2016-02-19 00:00:00+00:00,80.46403503417969,88.25,88.25,81.0999984741211,82.5,326223
2016-02-22 00:00:00+00:00,79.46109771728516,87.1500015258789,91.5,85.5,89.80000305175781,136610
2016-02-23 00:00:00+00:00,82.83464813232422,90.8499984741211,91.5,87.0,87.0,260884
2016-02-24 00:00:00+00:00,79.91698455810547,87.6500015258789,90.69999694824219,86.3499984741211,90.4000015258789,161067
2016-02-25 00:00:00+00:00,83.19935607910156,91.25,92.0,85.1500015258789,87.94999694824219,226550
2016-02-26 00:00:00+00:00,79.18756103515625,86.8499984741211,92.9000015258789,86.69999694824219,92.05000305175781,120452
2016-02-29 00:00:00+00:00,78.86842346191406,86.5,90.4000015258789,82.5999984741211,85.25,170629
2016-03-01 00:00:00+00:00,77.63754272460938,85.1500015258789,89.44999694824219,83.0,89.4000015258789,378016
2016-03-02 00:00:00+00:00,81.51258087158203,89.4000015258789,89.4000015258789,85.9000015258789,85.94999694824219,461465
2016-03-03 00:00:00+00:00,85.56997680664062,93.8499984741211,93.8499984741211,89.6500015258789,90.0999984741211,465352
2016-03-04 00:00:00+00:00,93.5024185180664,102.55000305175781,103.19999694824219,89.5,96.69999694824219,591842
2016-03-08 00:00:00+00:00,91.67886352539062,100.55000305175781,108.0,98.0,103.0,385095
2016-03-09 00:00:00+00:00,100.61425018310547,110.3499984741211,110.5999984741211,96.69999694824219,100.30000305175781,629554
2016-03-10 00:00:00+00:00,97.2406997680664,106.6500015258789,111.69999694824219,104.5,110.5,506544
2016-03-11 00:00:00+00:00,104.35252380371094,114.44999694824219,116.94999694824219,104.1500015258789,107.0,529501
2016-03-14 00:00:00+00:00,105.35546875,115.55000305175781,117.80000305175781,112.0,115.6500015258789,512255
2016-03-15 00:00:00+00:00,101.4804458618164,111.30000305175781,117.19999694824219,109.75,115.80000305175781,180053
2016-03-16 00:00:00+00:00,101.89073181152344,111.75,113.69999694824219,107.6500015258789,111.80000305175781,206455
2016-03-17 00:00:00+00:00,98.061279296875,107.55000305175781,114.5,106.0,112.0999984741211,245857
2016-03-18 00:00:00+00:00,101.89073181152344,111.75,115.25,105.94999694824219,105.94999694824219,367051
2016-03-21 00:00:00+00:00,98.92747497558594,108.5,112.5,108.0,112.44999694824219,159543
2016-03-22 00:00:00+00:00,95.87301635742188,105.1500015258789,108.94999694824219,104.05000305175781,108.9000015258789,171747
2016-03-23 00:00:00+00:00,92.54505157470703,101.5,106.9000015258789,100.0,106.9000015258789,176916
2016-03-28 00:00:00+00:00,90.53914642333984,99.30000305175781,106.5,98.05000305175781,101.6500015258789,194937
2016-03-29 00:00:00+00:00,93.13768768310547,102.1500015258789,103.19999694824219,97.3499984741211,100.0999984741211,176902
2016-03-30 00:00:00+00:00,96.55685424804688,105.9000015258789,109.0,102.80000305175781,103.3499984741211,154238
2016-03-31 00:00:00+00:00,92.13475799560547,101.05000305175781,107.3499984741211,100.0,107.3499984741211,209045
2016-04-01 00:00:00+00:00,95.82743072509766,105.0999984741211,107.5,101.94999694824219,101.94999694824219,228731
2016-04-04 00:00:00+00:00,98.10687255859375,107.5999984741211,109.55000305175781,105.55000305175781,106.4000015258789,150190
2016-04-05 00:00:00+00:00,94.50537109375,103.6500015258789,108.0,101.75,106.0999984741211,90019
2016-04-06 00:00:00+00:00,93.59358978271484,102.6500015258789,106.0,101.5,103.6500015258789,105929
2016-04-07 00:00:00+00:00,94.1406478881836,103.25,105.75,102.69999694824219,105.5,69148
2016-04-08 00:00:00+00:00,93.59358978271484,102.6500015258789,105.0,102.0999984741211,102.0999984741211,29832
2016-04-11 00:00:00+00:00,94.0038833618164,103.0999984741211,104.9000015258789,102.0,103.1500015258789,44258
2016-04-12 00:00:00+00:00,93.73035430908203,102.80000305175781,105.30000305175781,102.3499984741211,103.19999694824219,56669
2016-04-13 00:00:00+00:00,94.64213562011719,103.80000305175781,107.19999694824219,103.0999984741211,103.1500015258789,118911
2016-04-18 00:00:00+00:00,94.2318344116211,103.3499984741211,105.8499984741211,102.55000305175781,104.0,39742
2016-04-20 00:00:00+00:00,94.1406478881836,103.25,104.94999694824219,101.69999694824219,103.75,88844
2016-04-21 00:00:00+00:00,94.1406478881836,103.25,104.9000015258789,103.0,103.0,59430
2016-04-22 00:00:00+00:00,92.90975952148438,101.9000015258789,104.5,101.55000305175781,104.0,50675
2016-04-25 00:00:00+00:00,89.9920654296875,98.69999694824219,103.75,98.05000305175781,103.75,51035
2016-04-26 00:00:00+00:00,88.76117706298828,97.3499984741211,100.25,96.0,99.55000305175781,74304
2016-04-27 00:00:00+00:00,90.03766632080078,98.75,100.0,96.25,98.0,29506
2016-04-28 00:00:00+00:00,88.30529022216797,96.8499984741211,100.5,95.75,98.05000305175781,45586
2016-04-29 00:00:00+00:00,89.71855163574219,98.4000015258789,101.3499984741211,96.0,98.5,91897
2016-05-02 00:00:00+00:00,88.9891357421875,97.5999984741211,99.9000015258789,97.19999694824219,99.9000015258789,26970
2016-05-03 00:00:00+00:00,88.6244125366211,97.19999694824219,99.4000015258789,97.0,97.69999694824219,35430
2016-05-04 00:00:00+00:00,88.6244125366211,97.19999694824219,98.4000015258789,95.5999984741211,95.5999984741211,50329
2016-05-05 00:00:00+00:00,86.66410064697266,95.05000305175781,97.3499984741211,93.80000305175781,96.8499984741211,29744
2016-05-06 00:00:00+00:00,85.98027038574219,94.30000305175781,95.5,93.1500015258789,95.3499984741211,27308
2016-05-09 00:00:00+00:00,86.52734375,94.9000015258789,95.4000015258789,93.3499984741211,93.3499984741211,16700
2016-05-10 00:00:00+00:00,90.76708984375,99.55000305175781,103.0,95.1500015258789,95.8499984741211,135554
2016-05-11 00:00:00+00:00,90.72149658203125,99.5,102.0,96.8499984741211,98.19999694824219,48193
2016-05-12 00:00:00+00:00,90.6759033203125,99.44999694824219,101.75,99.1500015258789,99.80000305175781,45245
2016-05-13 00:00:00+00:00,89.4906005859375,98.1500015258789,102.80000305175781,97.5,98.05000305175781,102161
2016-05-16 00:00:00+00:00,90.76708984375,99.55000305175781,100.4000015258789,98.5999984741211,98.5999984741211,30209
2016-05-17 00:00:00+00:00,88.25971984863281,96.80000305175781,100.0,96.5,100.0,69383
2016-05-18 00:00:00+00:00,87.71263122558594,96.19999694824219,99.80000305175781,95.0,97.0,78987
2016-05-19 00:00:00+00:00,88.25971984863281,96.80000305175781,102.5,96.25,96.80000305175781,156193
2016-05-20 00:00:00+00:00,88.21411895751953,96.75,101.0,96.0,97.8499984741211,98158
2016-05-23 00:00:00+00:00,87.16557312011719,95.5999984741211,99.0,95.0999984741211,97.9000015258789,48331
2016-05-24 00:00:00+00:00,85.25086212158203,93.5,96.94999694824219,93.0,96.9000015258789,69826
2016-05-25 00:00:00+00:00,88.0773696899414,96.5999984741211,98.5,94.55000305175781,94.69999694824219,109160
2016-05-26 00:00:00+00:00,81.33023071289062,89.19999694824219,94.5,82.19999694824219,94.5,171296
2016-05-27 00:00:00+00:00,79.14197540283203,86.80000305175781,93.75,85.0999984741211,89.80000305175781,167833
2016-05-30 00:00:00+00:00,80.91992950439453,88.75,90.0,85.0,86.05000305175781,118262
2016-05-31 00:00:00+00:00,77.63754272460938,85.1500015258789,90.4000015258789,84.0999984741211,89.05000305175781,113572
2016-06-01 00:00:00+00:00,82.5611343383789,90.55000305175781,91.8499984741211,85.5,85.5,147152
2016-06-02 00:00:00+00:00,81.1934585571289,89.05000305175781,91.6500015258789,86.25,91.0,101848
2016-06-03 00:00:00+00:00,80.78317260742188,88.5999984741211,93.0,88.0,89.75,169686
2016-06-06 00:00:00+00:00,78.91403198242188,86.55000305175781,89.5,85.0999984741211,88.1500015258789,109585
2016-06-07 00:00:00+00:00,81.4214096069336,89.30000305175781,91.6500015258789,85.44999694824219,87.05000305175781,225796
2016-06-08 00:00:00+00:00,81.55815887451172,89.44999694824219,91.0,85.75,89.0999984741211,162615
2016-06-09 00:00:00+00:00,80.37286376953125,88.1500015258789,89.69999694824219,86.25,89.69999694824219,122174
2016-06-10 00:00:00+00:00,81.46698760986328,89.3499984741211,91.9000015258789,86.69999694824219,87.19999694824219,120313
2016-06-13 00:00:00+00:00,79.18756103515625,86.8499984741211,89.0999984741211,85.0,89.0,106067
2016-06-14 00:00:00+00:00,80.46403503417969,88.25,90.75,86.30000305175781,87.69999694824219,154065
2016-06-15 00:00:00+00:00,81.10228729248047,88.94999694824219,91.44999694824219,86.69999694824219,88.25,288549
2016-06-16 00:00:00+00:00,82.37876892089844,90.3499984741211,92.05000305175781,88.0999984741211,89.0,198982
2016-06-17 00:00:00+00:00,80.28170013427734,88.05000305175781,91.5,87.5999984741211,90.0,220823
2016-06-20 00:00:00+00:00,80.28170013427734,88.05000305175781,89.8499984741211,86.75,88.0,131660
2016-06-21 00:00:00+00:00,80.78317260742188,88.5999984741211,90.5,87.55000305175781,88.30000305175781,223551
2016-06-22 00:00:00+00:00,80.91992950439453,88.75,90.94999694824219,87.5,88.6500015258789,143551
2016-06-23 00:00:00+00:00,81.92288970947266,89.8499984741211,91.94999694824219,89.25,89.30000305175781,149147
2016-06-24 00:00:00+00:00,76.86253356933594,84.30000305175781,87.5,80.6500015258789,87.5,287011
2016-06-27 00:00:00+00:00,78.9596176147461,86.5999984741211,89.69999694824219,84.5999984741211,86.0,166586
2016-06-28 00:00:00+00:00,79.46109771728516,87.1500015258789,89.94999694824219,86.3499984741211,86.3499984741211,175776
2016-06-29 00:00:00+00:00,79.18756103515625,86.8499984741211,88.8499984741211,86.0,87.55000305175781,236501
2016-06-30 00:00:00+00:00,80.37286376953125,88.1500015258789,89.5999984741211,87.0,87.0,168551
2016-07-01 00:00:00+00:00,79.91698455810547,87.6500015258789,88.75,86.3499984741211,88.25,175506
2016-07-04 00:00:00+00:00,82.15081787109375,90.0999984741211,91.30000305175781,87.8499984741211,88.5,123480
2016-07-05 00:00:00+00:00,80.82875061035156,88.6500015258789,91.44999694824219,87.5,89.0,109344
2016-07-07 00:00:00+00:00,79.82579803466797,87.55000305175781,89.30000305175781,86.25,88.6500015258789,145764
2016-07-08 00:00:00+00:00,80.73757934570312,88.55000305175781,89.75,87.3499984741211,88.5,128432
2016-07-11 00:00:00+00:00,96.64803314208984,106.0,106.25,89.0,89.4000015258789,1170157
2016-07-12 00:00:00+00:00,92.08916473388672,101.0,109.0,99.0,108.94999694824219,599401
2016-07-13 00:00:00+00:00,91.04061889648438,99.8499984741211,105.69999694824219,97.0,101.9000015258789,416790
2016-07-14 00:00:00+00:00,91.99798583984375,100.9000015258789,105.5999984741211,99.0999984741211,99.9000015258789,313502
2016-07-15 00:00:00+00:00,93.36564636230469,102.4000015258789,106.30000305175781,98.25,101.5,407730
2016-07-18 00:00:00+00:00,90.81267547607422,99.5999984741211,105.9000015258789,98.5999984741211,102.9000015258789,223838
2016-07-19 00:00:00+00:00,92.68182373046875,101.6500015258789,102.75,99.0999984741211,99.0999984741211,126548
2016-07-20 00:00:00+00:00,93.821533203125,102.9000015258789,104.0999984741211,101.0,101.0,73415
2016-07-21 00:00:00+00:00,89.71855163574219,98.4000015258789,104.0,97.4000015258789,103.4000015258789,147624
2016-07-22 00:00:00+00:00,93.32005310058594,102.3499984741211,102.94999694824219,98.0,98.4000015258789,141703
2016-07-25 00:00:00+00:00,90.35678100585938,99.0999984741211,102.94999694824219,98.0999984741211,102.94999694824219,146637
2016-07-26 00:00:00+00:00,93.22887420654297,102.25,102.80000305175781,99.0999984741211,99.5999984741211,125903
2016-07-27 00:00:00+00:00,89.30825805664062,97.94999694824219,103.0,97.0999984741211,101.19999694824219,128812
2016-07-28 00:00:00+00:00,89.58177947998047,98.25,101.0,98.0,98.69999694824219,63677
2016-07-29 00:00:00+00:00,88.7155990600586,97.30000305175781,99.69999694824219,96.25,99.6500015258789,45309
2016-08-01 00:00:00+00:00,88.76117706298828,97.3499984741211,100.5999984741211,96.69999694824219,98.19999694824219,109594
2016-08-02 00:00:00+00:00,86.66410064697266,95.05000305175781,98.4000015258789,94.80000305175781,97.4000015258789,38025
2016-08-03 00:00:00+00:00,83.29054260253906,91.3499984741211,96.0,90.69999694824219,96.0,48964
2016-08-04 00:00:00+00:00,84.84056091308594,93.05000305175781,93.6500015258789,91.0,91.0,34822
2016-08-05 00:00:00+00:00,84.11114501953125,92.25,94.6500015258789,90.94999694824219,92.19999694824219,34445
2016-08-08 00:00:00+00:00,82.97142028808594,91.0,93.69999694824219,90.30000305175781,93.5,39756
2016-08-09 00:00:00+00:00,82.33318328857422,90.30000305175781,92.5,89.55000305175781,91.30000305175781,29017
2016-08-10 00:00:00+00:00,81.55815887451172,89.44999694824219,92.30000305175781,87.3499984741211,90.5,43909
2016-08-11 00:00:00+00:00,78.86842346191406,86.5,90.0,85.44999694824219,88.55000305175781,52626
2016-08-12 00:00:00+00:00,76.99930572509766,84.44999694824219,87.5,84.0,87.44999694824219,30305
2016-08-16 00:00:00+00:00,75.67723846435547,83.0,85.4000015258789,82.6500015258789,85.4000015258789,20325
2016-08-17 00:00:00+00:00,76.54341125488281,83.94999694824219,84.80000305175781,82.05000305175781,82.05000305175781,25242
2016-08-18 00:00:00+00:00,78.09343719482422,85.6500015258789,86.0,84.1500015258789,84.30000305175781,12138
2016-08-19 00:00:00+00:00,77.59195709228516,85.0999984741211,86.8499984741211,84.0,85.69999694824219,18608
2016-08-22 00:00:00+00:00,75.72282409667969,83.05000305175781,86.0,82.5,84.6500015258789,28904
2016-08-23 00:00:00+00:00,76.1787109375,83.55000305175781,84.30000305175781,82.69999694824219,82.69999694824219,13114
2016-08-24 00:00:00+00:00,80.23609924316406,88.0,89.9000015258789,83.5999984741211,84.44999694824219,88673
2016-08-25 00:00:00+00:00,82.10523986816406,90.05000305175781,95.9000015258789,88.0,88.0,281712
2016-08-26 00:00:00+00:00,82.65231323242188,90.6500015258789,94.3499984741211,89.0,90.9000015258789,94874
2016-08-29 00:00:00+00:00,80.69198608398438,88.5,91.44999694824219,87.5,90.6500015258789,78801
2016-08-30 00:00:00+00:00,80.82875061035156,88.6500015258789,89.80000305175781,88.0,88.0,16925
2016-08-31 00:00:00+00:00,79.55227661132812,87.25,89.3499984741211,87.0,89.0,28095
2016-09-01 00:00:00+00:00,81.05670166015625,88.9000015258789,90.80000305175781,86.69999694824219,87.05000305175781,44334
2016-09-02 00:00:00+00:00,81.8772964477539,89.80000305175781,90.9000015258789,88.5,88.8499984741211,40581
2016-09-06 00:00:00+00:00,81.46698760986328,89.3499984741211,92.9000015258789,87.55000305175781,90.44999694824219,216331
2016-09-07 00:00:00+00:00,80.41844940185547,88.19999694824219,91.80000305175781,87.5,89.5,186911
2016-09-08 00:00:00+00:00,82.78907012939453,90.80000305175781,92.0,87.19999694824219,88.9000015258789,194252
2016-09-09 00:00:00+00:00,83.10818481445312,91.1500015258789,94.0,88.4000015258789,89.3499984741211,278846
2016-09-12 00:00:00+00:00,80.91992950439453,88.75,90.5999984741211,88.30000305175781,89.05000305175781,197313
2016-09-14 00:00:00+00:00,82.5611343383789,90.55000305175781,92.0,88.0,88.0,101872
2016-09-15 00:00:00+00:00,82.97599792480469,90.0,92.0,89.0,89.8499984741211,97333
2016-09-16 00:00:00+00:00,93.0714111328125,100.94999694824219,107.0,90.0999984741211,90.0999984741211,1536181
2016-09-19 00:00:00+00:00,92.10335540771484,99.9000015258789,105.0,98.1500015258789,101.19999694824219,409463
2016-09-20 00:00:00+00:00,89.5679931640625,97.1500015258789,102.4000015258789,94.0999984741211,99.80000305175781,245254
2016-09-21 00:00:00+00:00,91.18140411376953,98.9000015258789,101.80000305175781,96.6500015258789,96.6500015258789,300589
2016-09-22 00:00:00+00:00,89.24530792236328,96.80000305175781,100.6500015258789,96.0,100.0,130543
2016-09-23 00:00:00+00:00,87.67797088623047,95.0999984741211,99.75,94.0,97.8499984741211,162075
2016-09-26 00:00:00+00:00,92.01117706298828,99.80000305175781,102.80000305175781,94.0999984741211,95.5,461138
2016-09-27 00:00:00+00:00,95.88337707519531,104.0,105.0,100.0999984741211,103.9000015258789,752908
2016-09-28 00:00:00+00:00,100.63146209716797,109.1500015258789,112.5,102.5999984741211,103.5999984741211,1198866
2016-09-29 00:00:00+00:00,89.42970275878906,97.0,112.0,94.0,109.05000305175781,621911
2016-09-30 00:00:00+00:00,100.30876922607422,108.80000305175781,109.75,98.0999984741211,100.5999984741211,560408
2016-10-03 00:00:00+00:00,107.17733764648438,116.25,118.5,108.0,110.19999694824219,962480
2016-10-04 00:00:00+00:00,112.06370544433594,121.55000305175781,122.4000015258789,113.5,115.9000015258789,689140
2016-10-05 00:00:00+00:00,107.26953125,116.3499984741211,123.44999694824219,114.0,121.5,424606
2016-10-06 00:00:00+00:00,109.8049087524414,119.0999984741211,123.25,116.0999984741211,116.3499984741211,520719
2016-10-07 00:00:00+00:00,104.08879089355469,112.9000015258789,120.69999694824219,112.0,120.0,212538
2016-10-10 00:00:00+00:00,105.79440307617188,114.75,116.05000305175781,113.5999984741211,113.9000015258789,70136
2016-10-13 00:00:00+00:00,100.90803527832031,109.44999694824219,115.19999694824219,108.0,115.19999694824219,166463
2016-10-14 00:00:00+00:00,105.05683135986328,113.94999694824219,117.3499984741211,108.5999984741211,109.80000305175781,421405
2016-10-17 00:00:00+00:00,103.95049285888672,112.75,118.5,111.75,114.80000305175781,201259
2016-10-18 00:00:00+00:00,107.13124084472656,116.19999694824219,117.5,113.6500015258789,113.6500015258789,207550
2016-10-19 00:00:00+00:00,107.26953125,116.3499984741211,119.05000305175781,115.25,116.19999694824219,258029
2016-10-20 00:00:00+00:00,105.70220947265625,114.6500015258789,117.69999694824219,114.1500015258789,117.1500015258789,66645
2016-10-21 00:00:00+00:00,109.25173950195312,118.5,120.5,114.05000305175781,115.30000305175781,266471
2016-10-24 00:00:00+00:00,109.20564270019531,118.44999694824219,121.1500015258789,117.0999984741211,119.3499984741211,208696
2016-10-25 00:00:00+00:00,108.0071029663086,117.1500015258789,119.30000305175781,115.55000305175781,118.69999694824219,163492
2016-10-26 00:00:00+00:00,106.43977355957031,115.44999694824219,117.9000015258789,115.0,117.9000015258789,68164
2016-10-27 00:00:00+00:00,105.6561050415039,114.5999984741211,116.0,114.0,115.5,52949
2016-10-28 00:00:00+00:00,103.44342041015625,112.19999694824219,115.9000015258789,111.3499984741211,114.8499984741211,72951
2016-11-01 00:00:00+00:00,106.4858627319336,115.5,118.0,112.5999984741211,113.5,135080
2016-11-02 00:00:00+00:00,102.38317108154297,111.05000305175781,114.19999694824219,110.0999984741211,114.19999694824219,67910
2016-11-03 00:00:00+00:00,99.38681030273438,107.80000305175781,113.0,106.8499984741211,111.5,78252
2016-11-04 00:00:00+00:00,95.88337707519531,104.0,108.5,100.69999694824219,107.05000305175781,66723
2016-11-07 00:00:00+00:00,102.15267181396484,110.80000305175781,112.0,106.5,106.5,85051
2016-11-08 00:00:00+00:00,100.90803527832031,109.44999694824219,111.8499984741211,108.5999984741211,110.75,47595
2016-11-09 00:00:00+00:00,97.77339172363281,106.05000305175781,107.75,91.5999984741211,98.5999984741211,125121
2016-11-10 00:00:00+00:00,100.26266479492188,108.75,111.30000305175781,101.80000305175781,110.0,124538
2016-11-11 00:00:00+00:00,95.8372802734375,103.94999694824219,111.4000015258789,103.0,107.0,103492
2016-11-15 00:00:00+00:00,91.3197021484375,99.05000305175781,103.94999694824219,98.0,103.9000015258789,69737
2016-11-16 00:00:00+00:00,89.6601791381836,97.25,103.94999694824219,96.55000305175781,100.0,80276
2016-11-17 00:00:00+00:00,89.24530792236328,96.80000305175781,100.5,96.69999694824219,96.69999694824219,39990
2016-11-18 00:00:00+00:00,88.96871185302734,96.5,98.69999694824219,96.0,96.94999694824219,79597
2016-11-21 00:00:00+00:00,82.33063507080078,89.30000305175781,98.0,87.5,95.5,73060
2016-11-22 00:00:00+00:00,82.74552154541016,89.75,91.75,88.0999984741211,91.4000015258789,31583
2016-11-23 00:00:00+00:00,87.35529327392578,94.75,95.80000305175781,89.5999984741211,91.8499984741211,56743
2016-11-24 00:00:00+00:00,86.15674591064453,93.44999694824219,97.0999984741211,93.0,95.80000305175781,49081
2016-11-25 00:00:00+00:00,88.18504333496094,95.6500015258789,96.0,94.0,95.0,28267
2016-11-28 00:00:00+00:00,92.37994384765625,100.19999694824219,104.19999694824219,94.1500015258789,97.69999694824219,196454
2016-11-29 00:00:00+00:00,93.62459564208984,101.55000305175781,105.9000015258789,100.05000305175781,100.05000305175781,93897
2016-11-30 00:00:00+00:00,94.17774963378906,102.1500015258789,103.9000015258789,101.44999694824219,102.75,42687
2016-12-01 00:00:00+00:00,93.11751556396484,101.0,107.5,100.5999984741211,103.8499984741211,63052
2016-12-02 00:00:00+00:00,91.36579132080078,99.0999984741211,102.9000015258789,98.5,101.0,59837
2016-12-05 00:00:00+00:00,91.96507263183594,99.75,101.3499984741211,99.4000015258789,99.44999694824219,18653
2016-12-06 00:00:00+00:00,91.64239501953125,99.4000015258789,101.55000305175781,99.0,100.30000305175781,27254
2016-12-07 00:00:00+00:00,90.39775085449219,98.05000305175781,101.25,97.1500015258789,100.5999984741211,22366
2016-12-08 00:00:00+00:00,93.20970916748047,101.0999984741211,103.6500015258789,98.05000305175781,98.05000305175781,58069
2016-12-09 00:00:00+00:00,91.78067779541016,99.55000305175781,101.94999694824219,99.30000305175781,101.9000015258789,26530
2016-12-12 00:00:00+00:00,92.42604064941406,100.25,101.30000305175781,99.0999984741211,99.0999984741211,16062
2016-12-13 00:00:00+00:00,92.14945220947266,99.94999694824219,103.5,99.25,100.05000305175781,37670
2016-12-14 00:00:00+00:00,91.50409698486328,99.25,102.0,98.69999694824219,99.94999694824219,23629
2016-12-15 00:00:00+00:00,91.41190338134766,99.1500015258789,101.0,98.1500015258789,98.1500015258789,15739
2016-12-16 00:00:00+00:00,90.2133560180664,97.8499984741211,99.94999694824219,97.0999984741211,99.5,21094
2016-12-19 00:00:00+00:00,89.38358306884766,96.94999694824219,98.44999694824219,96.1500015258789,97.55000305175781,17346
2016-12-20 00:00:00+00:00,88.64603424072266,96.1500015258789,99.75,95.55000305175781,96.0,19813
2016-12-21 00:00:00+00:00,87.4474868774414,94.8499984741211,97.80000305175781,94.19999694824219,96.1500015258789,20875
2016-12-22 00:00:00+00:00,85.69577026367188,92.94999694824219,95.30000305175781,92.5999984741211,94.69999694824219,27171
2016-12-23 00:00:00+00:00,85.46527862548828,92.69999694824219,94.5999984741211,92.0,92.69999694824219,16429
2016-12-26 00:00:00+00:00,82.69941711425781,89.69999694824219,95.9000015258789,88.55000305175781,95.9000015258789,18951
2016-12-27 00:00:00+00:00,83.25259399414062,90.30000305175781,91.0,88.5999984741211,89.80000305175781,28386
2016-12-28 00:00:00+00:00,82.33063507080078,89.30000305175781,92.5,89.0,90.0,26384
2016-12-29 00:00:00+00:00,83.02210235595703,90.05000305175781,91.5,89.5999984741211,90.6500015258789,13218
2016-12-30 00:00:00+00:00,83.80575561523438,90.9000015258789,91.9000015258789,90.3499984741211,90.69999694824219,16422
2017-01-02 00:00:00+00:00,84.45113372802734,91.5999984741211,92.5,90.1500015258789,90.1500015258789,8457
2017-01-03 00:00:00+00:00,84.45113372802734,91.5999984741211,92.5,90.5,92.25,28720
2017-01-04 00:00:00+00:00,85.28089141845703,92.5,94.80000305175781,91.55000305175781,92.0,33325
2017-01-05 00:00:00+00:00,86.98650360107422,94.3499984741211,95.0,92.69999694824219,94.44999694824219,21138
2017-01-06 00:00:00+00:00,86.75602722167969,94.0999984741211,95.94999694824219,93.6500015258789,95.0999984741211,21080
2017-01-09 00:00:00+00:00,86.66382598876953,94.0,95.6500015258789,93.4000015258789,95.6500015258789,13506
2017-01-10 00:00:00+00:00,87.07870483398438,94.44999694824219,95.0,93.3499984741211,94.9000015258789,19381
2017-01-11 00:00:00+00:00,86.9404067993164,94.30000305175781,95.5999984741211,94.0,94.05000305175781,22056
2017-01-12 00:00:00+00:00,85.51138305664062,92.75,94.55000305175781,92.30000305175781,93.0999984741211,18572
2017-01-13 00:00:00+00:00,84.95820617675781,92.1500015258789,93.4000015258789,92.0,93.0,15505
2017-01-16 00:00:00+00:00,86.11064147949219,93.4000015258789,94.5,92.4000015258789,92.4000015258789,12990
2017-01-17 00:00:00+00:00,85.6496810913086,92.9000015258789,94.94999694824219,92.44999694824219,94.30000305175781,16976
2017-01-18 00:00:00+00:00,85.32699584960938,92.55000305175781,93.94999694824219,92.25,93.6500015258789,21546
2017-01-19 00:00:00+00:00,86.66382598876953,94.0,94.8499984741211,92.0999984741211,92.5,27589
2017-01-20 00:00:00+00:00,84.91210174560547,92.0999984741211,93.80000305175781,91.5,93.44999694824219,17183
2017-01-23 00:00:00+00:00,84.91210174560547,92.0999984741211,93.3499984741211,91.25,91.25,7318
2017-01-24 00:00:00+00:00,84.86600494384766,92.05000305175781,93.5,91.5,92.0999984741211,14205
2017-01-25 00:00:00+00:00,84.91210174560547,92.0999984741211,93.1500015258789,91.69999694824219,92.5,5618
2017-01-27 00:00:00+00:00,85.14259338378906,92.3499984741211,93.44999694824219,92.19999694824219,92.5,11736
2017-01-30 00:00:00+00:00,85.37308502197266,92.5999984741211,93.5999984741211,91.55000305175781,91.5999984741211,19251
2017-01-31 00:00:00+00:00,83.2986831665039,90.3499984741211,93.5999984741211,89.69999694824219,91.5999984741211,16873
2017-02-01 00:00:00+00:00,86.52552795410156,93.8499984741211,95.75,89.3499984741211,90.3499984741211,76905
2017-02-02 00:00:00+00:00,86.66382598876953,94.0,94.9000015258789,93.5999984741211,93.5999984741211,17458
2017-02-03 00:00:00+00:00,90.35164642333984,98.0,99.9000015258789,93.5,93.5,130786
2017-02-06 00:00:00+00:00,90.99700164794922,98.69999694824219,102.0,98.0,99.80000305175781,100596
2017-02-07 00:00:00+00:00,90.81263732910156,98.5,100.75,97.94999694824219,98.69999694824219,26943
2017-02-08 00:00:00+00:00,87.58577728271484,95.0,97.55000305175781,83.94999694824219,97.5,104631
2017-02-09 00:00:00+00:00,87.07870483398438,94.44999694824219,96.75,94.0,95.3499984741211,25794
2017-02-10 00:00:00+00:00,85.51138305664062,92.75,96.05000305175781,92.5,94.5,35579
2017-02-13 00:00:00+00:00,85.05040740966797,92.25,93.80000305175781,91.44999694824219,92.30000305175781,18804
2017-02-14 00:00:00+00:00,84.03624725341797,91.1500015258789,92.5,90.75,92.0,9844
2017-02-15 00:00:00+00:00,84.08235168457031,91.19999694824219,92.69999694824219,90.0,90.25,37522
2017-02-16 00:00:00+00:00,83.80575561523438,90.9000015258789,92.19999694824219,90.1500015258789,90.5,35679
2017-02-17 00:00:00+00:00,83.66747283935547,90.75,92.75,89.75,92.75,30255
2017-02-20 00:00:00+00:00,84.68162536621094,91.8499984741211,93.19999694824219,90.5,91.0,18952
2017-02-21 00:00:00+00:00,84.95820617675781,92.1500015258789,94.0,92.0,92.0,23109
2017-02-22 00:00:00+00:00,83.80575561523438,90.9000015258789,92.94999694824219,90.75,92.1500015258789,24534
2017-02-23 00:00:00+00:00,83.57528686523438,90.6500015258789,92.3499984741211,90.19999694824219,90.19999694824219,10013
2017-02-27 00:00:00+00:00,85.60357666015625,92.8499984741211,94.94999694824219,90.4000015258789,90.4000015258789,115181
2017-02-28 00:00:00+00:00,86.52552795410156,93.8499984741211,97.0,92.5,92.8499984741211,109592
2017-03-01 00:00:00+00:00,88.27725219726562,95.75,97.94999694824219,94.5,95.0999984741211,104404
2017-03-02 00:00:00+00:00,85.0042953491211,92.19999694824219,97.0999984741211,91.0,96.3499984741211,100529
2017-03-03 00:00:00+00:00,84.68162536621094,91.8499984741211,93.4000015258789,91.55000305175781,92.25,28126
2017-03-06 00:00:00+00:00,85.51138305664062,92.75,93.44999694824219,91.55000305175781,91.5999984741211,24472
2017-03-07 00:00:00+00:00,84.68162536621094,91.8499984741211,94.0,91.5,93.8499984741211,22221
2017-03-08 00:00:00+00:00,83.85186767578125,90.94999694824219,92.4000015258789,90.0,92.05000305175781,44292
2017-03-09 00:00:00+00:00,84.1745376586914,91.30000305175781,92.8499984741211,90.5,90.8499984741211,20456
2017-03-10 00:00:00+00:00,83.62136840820312,90.69999694824219,92.75,90.19999694824219,92.0,29705
2017-03-14 00:00:00+00:00,83.5291748046875,90.5999984741211,93.75,90.44999694824219,93.75,26182
2017-03-15 00:00:00+00:00,83.25259399414062,90.30000305175781,92.0,90.0999984741211,91.75,42896
2017-03-16 00:00:00+00:00,83.85186767578125,90.94999694824219,91.5,90.5999984741211,91.05000305175781,16263
2017-03-17 00:00:00+00:00,83.5291748046875,90.5999984741211,92.0,90.0999984741211,91.0,25909
2017-03-20 00:00:00+00:00,84.08235168457031,91.19999694824219,92.3499984741211,90.5,92.25,22787
2017-03-21 00:00:00+00:00,82.97599792480469,90.0,91.69999694824219,89.8499984741211,91.0,50165
2017-03-22 00:00:00+00:00,82.79161834716797,89.80000305175781,91.0,89.0,89.75,49769
2017-03-23 00:00:00+00:00,82.33063507080078,89.30000305175781,90.8499984741211,88.5999984741211,90.8499984741211,47423
2017-03-24 00:00:00+00:00,81.40867614746094,88.30000305175781,90.44999694824219,88.05000305175781,90.0,43684
2017-03-27 00:00:00+00:00,82.10014343261719,89.05000305175781,89.9000015258789,88.0,89.30000305175781,63474
2017-03-28 00:00:00+00:00,80.80941009521484,87.6500015258789,89.6500015258789,87.05000305175781,89.6500015258789,31458
2017-03-29 00:00:00+00:00,80.11793518066406,86.9000015258789,88.0,86.0999984741211,88.0,32709
2017-03-30 00:00:00+00:00,81.03990936279297,87.9000015258789,88.4000015258789,87.1500015258789,88.4000015258789,11651
2017-03-31 00:00:00+00:00,80.34843444824219,87.1500015258789,88.9000015258789,87.0,88.8499984741211,17131
2017-04-03 00:00:00+00:00,81.91575622558594,88.8499984741211,89.5999984741211,86.69999694824219,89.0,67168
2017-04-05 00:00:00+00:00,82.69941711425781,89.69999694824219,90.6500015258789,89.0,89.9000015258789,48997
2017-04-06 00:00:00+00:00,82.46891021728516,89.44999694824219,90.69999694824219,89.0,90.0,19510
2017-04-07 00:00:00+00:00,81.68527221679688,88.5999984741211,90.44999694824219,88.1500015258789,90.4000015258789,34217
2017-04-10 00:00:00+00:00,84.40504455566406,91.55000305175781,92.30000305175781,88.69999694824219,90.0,47213
2017-04-11 00:00:00+00:00,83.99016571044922,91.0999984741211,92.94999694824219,90.44999694824219,92.0,29932
2017-04-12 00:00:00+00:00,82.4228286743164,89.4000015258789,91.9000015258789,88.0,91.9000015258789,14198
2017-04-13 00:00:00+00:00,82.23844146728516,89.19999694824219,91.30000305175781,89.0,90.0,12853
2017-04-17 00:00:00+00:00,82.79161834716797,89.80000305175781,90.19999694824219,88.30000305175781,88.55000305175781,6412
2017-04-18 00:00:00+00:00,82.92990112304688,89.94999694824219,91.4000015258789,89.5,90.69999694824219,16489
2017-04-19 00:00:00+00:00,90.48993682861328,98.1500015258789,102.0,89.19999694824219,90.80000305175781,290850
2017-04-20 00:00:00+00:00,102.33706665039062,111.0,115.5,98.5,98.5,959484
2017-04-21 00:00:00+00:00,96.62096405029297,104.80000305175781,114.80000305175781,103.69999694824219,112.44999694824219,264471
2017-04-24 00:00:00+00:00,94.96142578125,103.0,108.4000015258789,102.55000305175781,105.0,124112
2017-04-25 00:00:00+00:00,97.5889892578125,105.8499984741211,108.80000305175781,103.0999984741211,104.1500015258789,218544
2017-04-26 00:00:00+00:00,96.15996551513672,104.30000305175781,106.3499984741211,102.30000305175781,105.6500015258789,75664
2017-04-27 00:00:00+00:00,94.40825653076172,102.4000015258789,104.9000015258789,102.0,104.75,87817
2017-04-28 00:00:00+00:00,94.13166046142578,102.0999984741211,104.1500015258789,101.69999694824219,103.44999694824219,30479
2017-05-02 00:00:00+00:00,93.8550796508789,101.80000305175781,103.5999984741211,101.0,101.44999694824219,22116
2017-05-03 00:00:00+00:00,93.99337005615234,101.94999694824219,104.5999984741211,101.5,102.30000305175781,49889
2017-05-04 00:00:00+00:00,92.42604064941406,100.25,102.8499984741211,99.55000305175781,102.8499984741211,39475
2017-05-05 00:00:00+00:00,91.22750091552734,98.94999694824219,101.5,98.5999984741211,100.0999984741211,17535
2017-05-08 00:00:00+00:00,92.56434631347656,100.4000015258789,100.75,98.05000305175781,98.19999694824219,32521
2017-05-09 00:00:00+00:00,90.5821304321289,98.25,100.5,98.0,100.44999694824219,43293
2017-05-10 00:00:00+00:00,92.88703155517578,100.75,102.0999984741211,98.0,98.5,107487
2017-05-11 00:00:00+00:00,92.65653991699219,100.5,103.0,99.8499984741211,102.0,17043
2017-05-12 00:00:00+00:00,92.05726623535156,99.8499984741211,101.94999694824219,98.94999694824219,100.5,34667
2017-05-15 00:00:00+00:00,93.44020080566406,101.3499984741211,102.44999694824219,99.05000305175781,99.05000305175781,45509
2017-05-16 00:00:00+00:00,91.6884765625,99.44999694824219,101.5,99.19999694824219,101.5,11199
2017-05-17 00:00:00+00:00,90.1672592163086,97.80000305175781,100.0,97.05000305175781,99.19999694824219,22505
2017-05-18 00:00:00+00:00,88.64603424072266,96.1500015258789,97.0,95.6500015258789,97.0,16766
2017-05-19 00:00:00+00:00,89.79847717285156,97.4000015258789,99.5,95.0999984741211,96.1500015258789,86115
2017-05-22 00:00:00+00:00,91.3197021484375,99.05000305175781,99.75,96.5,98.3499984741211,74522
2017-05-23 00:00:00+00:00,87.67797088623047,95.0999984741211,99.05000305175781,95.0,99.05000305175781,39890
2017-05-24 00:00:00+00:00,87.58577728271484,95.0,96.9000015258789,93.05000305175781,93.05000305175781,30200
2017-05-25 00:00:00+00:00,86.34114837646484,93.6500015258789,96.19999694824219,93.5,95.94999694824219,14954
2017-05-26 00:00:00+00:00,89.01481628417969,96.55000305175781,96.9000015258789,93.5,95.8499984741211,50974
2017-05-29 00:00:00+00:00,86.2950439453125,93.5999984741211,98.5,93.5,98.5,30952
2017-05-30 00:00:00+00:00,84.40504455566406,91.55000305175781,94.80000305175781,90.05000305175781,93.0,59516
2017-05-31 00:00:00+00:00,82.92990112304688,89.94999694824219,91.75,88.0,90.94999694824219,88563
2017-06-01 00:00:00+00:00,82.74552154541016,89.75,91.0,89.0999984741211,91.0,42920
2017-06-02 00:00:00+00:00,84.22064208984375,91.3499984741211,92.55000305175781,90.0,90.0,39121
2017-06-05 00:00:00+00:00,83.5291748046875,90.5999984741211,91.9000015258789,89.5999984741211,91.0,76998
2017-06-06 00:00:00+00:00,82.97599792480469,90.0,91.80000305175781,89.69999694824219,91.80000305175781,11808
2017-06-07 00:00:00+00:00,83.80575561523438,90.9000015258789,91.1500015258789,89.3499984741211,89.5999984741211,18684
2017-06-08 00:00:00+00:00,84.45113372802734,91.5999984741211,92.80000305175781,90.0,90.0,10196
2017-06-09 00:00:00+00:00,82.19233703613281,89.1500015258789,91.25,88.0999984741211,91.25,26627
2017-06-12 00:00:00+00:00,82.51502227783203,89.5,91.5,89.0,89.8499984741211,22790
2017-06-13 00:00:00+00:00,82.19233703613281,89.1500015258789,90.5999984741211,89.0,90.4000015258789,12022
2017-06-14 00:00:00+00:00,82.46891021728516,89.44999694824219,90.0,88.30000305175781,88.30000305175781,6378
2017-06-15 00:00:00+00:00,84.1745376586914,91.30000305175781,91.5,89.0,89.44999694824219,25108
2017-06-16 00:00:00+00:00,84.49723815917969,91.6500015258789,92.94999694824219,90.05000305175781,91.75,28448
2017-06-19 00:00:00+00:00,83.62136840820312,90.69999694824219,91.9000015258789,90.0,91.5999984741211,7431
2017-06-20 00:00:00+00:00,86.9404067993164,94.30000305175781,95.0,90.1500015258789,91.80000305175781,48110
2017-06-21 00:00:00+00:00,92.10335540771484,99.9000015258789,105.0,93.0,93.30000305175781,312185
2017-06-22 00:00:00+00:00,96.11387634277344,104.25,109.0,100.75,100.75,480989
2017-06-23 00:00:00+00:00,92.65653991699219,100.5,105.19999694824219,99.94999694824219,103.94999694824219,151353
2017-06-27 00:00:00+00:00,93.44020080566406,101.3499984741211,103.94999694824219,99.6500015258789,101.4000015258789,89150
2017-06-28 00:00:00+00:00,89.84457397460938,97.44999694824219,103.0,97.0,103.0,39832
2017-06-29 00:00:00+00:00,88.50773620605469,96.0,98.5999984741211,95.25,97.0,17369
2017-06-30 00:00:00+00:00,86.75602722167969,94.0999984741211,96.3499984741211,92.30000305175781,94.30000305175781,33300
2017-07-03 00:00:00+00:00,85.41919708251953,92.6500015258789,95.1500015258789,91.0,94.0,51031
2017-07-04 00:00:00+00:00,85.51138305664062,92.75,94.69999694824219,92.5,93.55000305175781,23558
2017-07-05 00:00:00+00:00,86.43333435058594,93.75,94.44999694824219,92.5,93.94999694824219,38034
2017-07-06 00:00:00+00:00,85.78797149658203,93.05000305175781,94.9000015258789,92.75,93.1500015258789,23873
2017-07-07 00:00:00+00:00,86.47943115234375,93.80000305175781,94.8499984741211,92.30000305175781,93.69999694824219,21202
2017-07-10 00:00:00+00:00,87.81626892089844,95.25,96.4000015258789,90.9000015258789,91.0,5564
2017-07-11 00:00:00+00:00,88.73822021484375,96.25,102.0,93.0999984741211,95.1500015258789,122500
2017-07-12 00:00:00+00:00,92.70263671875,100.55000305175781,105.5,93.75,97.05000305175781,285259
2017-07-13 00:00:00+00:00,90.76653289794922,98.44999694824219,101.75,98.19999694824219,101.0,58938
2017-07-14 00:00:00+00:00,89.52188110351562,97.0999984741211,99.55000305175781,96.19999694824219,98.5,20879
2017-07-17 00:00:00+00:00,91.96507263183594,99.75,102.0,96.1500015258789,96.1500015258789,74408
2017-07-18 00:00:00+00:00,92.79483032226562,100.6500015258789,104.5,100.0,103.9000015258789,199989
2017-07-19 00:00:00+00:00,105.0107421875,113.9000015258789,115.4000015258789,104.19999694824219,106.19999694824219,1119072
2017-07-20 00:00:00+00:00,100.07827758789062,108.55000305175781,114.5,107.75,114.30000305175781,300952
2017-07-21 00:00:00+00:00,99.986083984375,108.44999694824219,110.94999694824219,105.75,109.19999694824219,120533
2017-07-24 00:00:00+00:00,95.37630462646484,103.44999694824219,109.25,102.5,109.25,88173
2017-07-25 00:00:00+00:00,95.6989974975586,103.80000305175781,106.94999694824219,102.5999984741211,103.69999694824219,114328
2017-07-26 00:00:00+00:00,99.20242309570312,107.5999984741211,114.0,104.69999694824219,104.69999694824219,278442
2017-07-27 00:00:00+00:00,96.80533599853516,105.0,108.5999984741211,104.19999694824219,108.4000015258789,51458
2017-07-28 00:00:00+00:00,96.75923156738281,104.94999694824219,106.3499984741211,102.9000015258789,102.9000015258789,34819
2017-07-31 00:00:00+00:00,97.8194808959961,106.0999984741211,109.69999694824219,105.44999694824219,106.0,121077
2017-08-01 00:00:00+00:00,98.69535064697266,107.05000305175781,111.9000015258789,106.1500015258789,106.80000305175781,147845
2017-08-02 00:00:00+00:00,97.77339172363281,106.05000305175781,111.0,104.55000305175781,108.75,22410
2017-08-03 00:00:00+00:00,94.96142578125,103.0,106.9000015258789,101.5,106.05000305175781,87174
2017-08-04 00:00:00+00:00,93.30189514160156,101.19999694824219,104.94999694824219,100.19999694824219,104.94999694824219,51556
2017-08-07 00:00:00+00:00,95.00751495361328,103.05000305175781,103.9000015258789,100.25,100.25,16842
2017-08-08 00:00:00+00:00,93.25580596923828,101.1500015258789,104.5,100.30000305175781,104.5,31035
2017-08-09 00:00:00+00:00,93.02532196044922,100.9000015258789,103.80000305175781,99.6500015258789,101.4000015258789,33390
2017-08-10 00:00:00+00:00,88.36943817138672,95.8499984741211,100.75,95.0999984741211,99.05000305175781,42495
2017-08-11 00:00:00+00:00,84.45113372802734,91.5999984741211,95.0,90.0,95.0,38999
2017-08-14 00:00:00+00:00,86.75602722167969,94.0999984741211,95.9000015258789,90.69999694824219,90.69999694824219,25613
2017-08-16 00:00:00+00:00,87.49359130859375,94.9000015258789,96.30000305175781,94.25,96.30000305175781,15018
2017-08-17 00:00:00+00:00,88.23115539550781,95.69999694824219,97.75,94.1500015258789,97.75,12640
2017-08-18 00:00:00+00:00,86.75602722167969,94.0999984741211,97.0,92.8499984741211,97.0,19765
2017-08-21 00:00:00+00:00,86.20285034179688,93.5,95.94999694824219,93.0,95.94999694824219,14347
2017-08-22 00:00:00+00:00,85.32699584960938,92.55000305175781,94.69999694824219,92.44999694824219,94.0,7725
2017-08-23 00:00:00+00:00,85.60357666015625,92.8499984741211,93.8499984741211,92.55000305175781,93.25,13994
2017-08-24 00:00:00+00:00,86.70992279052734,94.05000305175781,95.80000305175781,92.3499984741211,92.9000015258789,24207
2017-08-28 00:00:00+00:00,89.42970275878906,97.0,98.0,93.05000305175781,96.0,38365
2017-08-29 00:00:00+00:00,87.63187408447266,95.05000305175781,99.0,94.4000015258789,97.0,17142
2017-08-30 00:00:00+00:00,87.4474868774414,94.8499984741211,96.75,94.30000305175781,94.8499984741211,18287
2017-08-31 00:00:00+00:00,87.07870483398438,94.44999694824219,96.5999984741211,93.0999984741211,94.8499984741211,10092
2017-09-01 00:00:00+00:00,87.07870483398438,94.44999694824219,96.0,93.9000015258789,93.9000015258789,19349
2017-09-04 00:00:00+00:00,86.43333435058594,93.75,96.0,93.25,95.75,19330
2017-09-05 00:00:00+00:00,87.53968048095703,94.94999694824219,95.4000015258789,93.5,95.30000305175781,12246
2017-09-06 00:00:00+00:00,87.81626892089844,95.25,96.0,93.0999984741211,95.5999984741211,8903
2017-09-07 00:00:00+00:00,87.86237335205078,95.30000305175781,96.19999694824219,94.4000015258789,95.0,9507
2017-09-08 00:00:00+00:00,86.98650360107422,94.3499984741211,96.0,94.0,96.0,15115
2017-09-11 00:00:00+00:00,85.88015747070312,93.1500015258789,96.80000305175781,92.05000305175781,96.5,37916
2017-09-12 00:00:00+00:00,88.50773620605469,96.0,98.80000305175781,93.55000305175781,95.30000305175781,39412
2017-09-13 00:00:00+00:00,87.77015686035156,95.19999694824219,97.55000305175781,94.69999694824219,96.0,19478
2017-09-14 00:00:00+00:00,88.79509735107422,95.30000305175781,97.0,94.05000305175781,94.25,30080
2017-09-15 00:00:00+00:00,86.60548400878906,92.94999694824219,95.5999984741211,91.55000305175781,94.69999694824219,50964
2017-09-18 00:00:00+00:00,87.72358703613281,94.1500015258789,96.94999694824219,93.05000305175781,94.80000305175781,42044
2017-09-19 00:00:00+00:00,90.56539154052734,97.19999694824219,98.9000015258789,94.0,94.30000305175781,94287
2017-09-20 00:00:00+00:00,93.2674560546875,100.0999984741211,103.9000015258789,95.5999984741211,99.0,348731
2017-09-21 00:00:00+00:00,95.45704650878906,102.44999694824219,104.44999694824219,100.4000015258789,100.5,155113
2017-09-22 00:00:00+00:00,90.65857696533203,97.30000305175781,103.30000305175781,96.3499984741211,103.0999984741211,36576
2017-09-25 00:00:00+00:00,87.35088348388672,93.75,97.8499984741211,93.0,97.8499984741211,40073
2017-09-26 00:00:00+00:00,88.32921600341797,94.80000305175781,96.75,92.5,95.30000305175781,21576
2017-09-27 00:00:00+00:00,85.39422607421875,91.6500015258789,96.4000015258789,90.5,95.05000305175781,104224
2017-09-28 00:00:00+00:00,86.13961791992188,92.44999694824219,92.94999694824219,90.5,92.94999694824219,30676
2017-09-29 00:00:00+00:00,86.74525451660156,93.0999984741211,94.4000015258789,92.80000305175781,93.8499984741211,17498
2017-10-03 00:00:00+00:00,87.8167495727539,94.25,96.8499984741211,92.0999984741211,92.0999984741211,50137
2017-10-04 00:00:00+00:00,87.8167495727539,94.25,95.5,93.0999984741211,94.69999694824219,32993
2017-10-05 00:00:00+00:00,87.72358703613281,94.1500015258789,95.1500015258789,93.5,94.8499984741211,13046
2017-10-06 00:00:00+00:00,87.63040924072266,94.05000305175781,95.0,93.0,95.0,47877
2017-10-09 00:00:00+00:00,87.8167495727539,94.25,95.5,93.5,94.0,33968
2017-10-10 00:00:00+00:00,87.63040924072266,94.05000305175781,96.5999984741211,93.55000305175781,94.94999694824219,22410
2017-10-11 00:00:00+00:00,88.98143005371094,95.5,96.5,92.25,95.0,65604
2017-10-12 00:00:00+00:00,88.189453125,94.6500015258789,96.5,94.30000305175781,96.5,11059
2017-10-13 00:00:00+00:00,88.4689712524414,94.94999694824219,96.30000305175781,93.8499984741211,94.9000015258789,16287
2017-10-16 00:00:00+00:00,87.72358703613281,94.1500015258789,96.25,94.0,95.9000015258789,48637
2017-10-17 00:00:00+00:00,87.9099349975586,94.3499984741211,95.0,94.0,95.0,9930
2017-10-18 00:00:00+00:00,88.14286041259766,94.5999984741211,95.75,94.0,95.69999694824219,44104
2017-10-19 00:00:00+00:00,88.189453125,94.6500015258789,95.69999694824219,93.30000305175781,95.5999984741211,3949
2017-10-23 00:00:00+00:00,85.67375183105469,91.94999694824219,95.6500015258789,91.5999984741211,95.5,61589
2017-10-24 00:00:00+00:00,89.68024444580078,96.25,101.9000015258789,90.6500015258789,92.75,522217
2017-10-25 00:00:00+00:00,88.4689712524414,94.94999694824219,99.9000015258789,93.69999694824219,97.44999694824219,127099
2017-10-26 00:00:00+00:00,88.00310516357422,94.44999694824219,97.55000305175781,93.6500015258789,94.94999694824219,93166
2017-10-27 00:00:00+00:00,89.02802276611328,95.55000305175781,100.0,93.69999694824219,93.69999694824219,108272
2017-10-30 00:00:00+00:00,89.49388885498047,96.05000305175781,99.4000015258789,95.19999694824219,96.5999984741211,107814
2017-10-31 00:00:00+00:00,90.23927307128906,96.8499984741211,97.9000015258789,94.9000015258789,96.0,67561
2017-11-01 00:00:00+00:00,91.49713897705078,98.19999694824219,100.0999984741211,95.25,97.30000305175781,76162
2017-11-02 00:00:00+00:00,89.54047393798828,96.0999984741211,99.5,95.5,99.4000015258789,44685
2017-11-03 00:00:00+00:00,90.61198425292969,97.25,98.5,95.80000305175781,97.6500015258789,46152
2017-11-06 00:00:00+00:00,91.49713897705078,98.19999694824219,101.9000015258789,96.19999694824219,98.3499984741211,214500
2017-11-07 00:00:00+00:00,88.74849700927734,95.25,101.8499984741211,94.5,98.75,168734
2017-11-08 00:00:00+00:00,88.32921600341797,94.80000305175781,98.75,94.05000305175781,96.69999694824219,65098
2017-11-09 00:00:00+00:00,90.05294799804688,96.6500015258789,98.69999694824219,95.0,95.94999694824219,61644
2017-11-10 00:00:00+00:00,87.3042984008789,93.69999694824219,96.69999694824219,92.75,96.69999694824219,122357
2017-11-13 00:00:00+00:00,89.2143783569336,95.75,97.9000015258789,94.0,94.75,76365
2017-11-14 00:00:00+00:00,89.63365173339844,96.19999694824219,97.69999694824219,95.3499984741211,97.0,10717
2017-11-15 00:00:00+00:00,86.93160247802734,93.30000305175781,97.0,93.0,97.0,19409
2017-11-16 00:00:00+00:00,86.97817993164062,93.3499984741211,94.75,93.0,94.6500015258789,15587
2017-11-17 00:00:00+00:00,86.93160247802734,93.30000305175781,94.6500015258789,92.0,94.6500015258789,58604
2017-11-20 00:00:00+00:00,87.63040924072266,94.05000305175781,95.0,93.55000305175781,94.0,12616
2017-11-21 00:00:00+00:00,87.35088348388672,93.75,95.94999694824219,93.30000305175781,94.94999694824219,42152
2017-11-22 00:00:00+00:00,86.83843231201172,93.19999694824219,95.44999694824219,93.0,95.44999694824219,16075
2017-11-23 00:00:00+00:00,90.42564392089844,97.05000305175781,98.8499984741211,93.0,93.05000305175781,124864
2017-11-24 00:00:00+00:00,88.88825988769531,95.4000015258789,100.5,95.0999984741211,98.3499984741211,174461
2017-11-27 00:00:00+00:00,90.28588104248047,96.9000015258789,99.5,94.5999984741211,94.9000015258789,78177
2017-11-28 00:00:00+00:00,89.86658477783203,96.44999694824219,97.80000305175781,94.0,96.0999984741211,118320
2017-11-29 00:00:00+00:00,89.16778564453125,95.69999694824219,98.5,94.0,95.5999984741211,87851
2017-11-30 00:00:00+00:00,87.53722381591797,93.94999694824219,95.0,93.3499984741211,94.44999694824219,69362
2017-12-01 00:00:00+00:00,89.63365173339844,96.19999694824219,99.5999984741211,94.30000305175781,95.3499984741211,114609
2017-12-04 00:00:00+00:00,89.1211929321289,95.6500015258789,98.9000015258789,94.30000305175781,98.0,111656
2017-12-05 00:00:00+00:00,90.56539154052734,97.19999694824219,98.8499984741211,94.80000305175781,95.9000015258789,70365
2017-12-06 00:00:00+00:00,89.68024444580078,96.25,98.05000305175781,95.55000305175781,97.9000015258789,21190
2017-12-07 00:00:00+00:00,89.1211929321289,95.6500015258789,97.0,95.0999984741211,96.94999694824219,8203
2017-12-08 00:00:00+00:00,88.51556396484375,95.0,98.6500015258789,94.5,95.8499984741211,98236
2017-12-11 00:00:00+00:00,90.89151000976562,97.55000305175781,99.30000305175781,95.0,95.0,204900
2017-12-12 00:00:00+00:00,91.35738372802734,98.05000305175781,102.6500015258789,97.0,98.3499984741211,213280
2017-12-13 00:00:00+00:00,89.40071868896484,95.94999694824219,99.25,95.5999984741211,99.0,61953
2017-12-14 00:00:00+00:00,88.04969787597656,94.5,96.5,94.0999984741211,96.0999984741211,43164
2017-12-15 00:00:00+00:00,90.1461181640625,96.75,98.9000015258789,95.0999984741211,96.5,80163
2017-12-18 00:00:00+00:00,88.88825988769531,95.4000015258789,97.94999694824219,94.0,97.94999694824219,93867
2017-12-19 00:00:00+00:00,90.23927307128906,96.8499984741211,98.80000305175781,94.5,97.4000015258789,93726
2017-12-20 00:00:00+00:00,89.30754852294922,95.8499984741211,97.5,95.5,96.55000305175781,34622
2017-12-21 00:00:00+00:00,88.93485260009766,95.44999694824219,97.25,94.6500015258789,96.6500015258789,83938
2017-12-22 00:00:00+00:00,91.07785034179688,97.75,99.9000015258789,96.0,96.25,137488
2017-12-26 00:00:00+00:00,91.07785034179688,97.75,99.44999694824219,95.94999694824219,99.44999694824219,92032
2017-12-27 00:00:00+00:00,98.4386215209961,105.6500015258789,109.94999694824219,97.5,97.94999694824219,834257
2017-12-28 00:00:00+00:00,108.31510162353516,116.25,124.19999694824219,106.80000305175781,107.0,1433073
2017-12-29 00:00:00+00:00,103.1439208984375,110.69999694824219,117.9000015258789,109.19999694824219,117.05000305175781,322437
2018-01-01 00:00:00+00:00,114.13848876953125,122.5,128.1999969482422,110.1500015258789,110.69999694824219,874057
2018-01-02 00:00:00+00:00,108.64122009277344,116.5999984741211,123.80000305175781,115.6500015258789,122.0,256447
2018-01-03 00:00:00+00:00,109.38661193847656,117.4000015258789,122.5,116.75,117.5999984741211,163305
2018-01-04 00:00:00+00:00,110.69104766845703,118.80000305175781,122.0,117.05000305175781,117.05000305175781,149119
2018-01-05 00:00:00+00:00,107.89582061767578,115.80000305175781,121.0,113.6500015258789,119.94999694824219,140360
2018-01-08 00:00:00+00:00,107.47653198242188,115.3499984741211,120.0,113.3499984741211,115.4000015258789,155161
2018-01-09 00:00:00+00:00,111.71595764160156,119.9000015258789,124.0,116.05000305175781,116.05000305175781,336089
2018-01-10 00:00:00+00:00,107.01065826416016,114.8499984741211,120.44999694824219,114.25,119.05000305175781,122852
2018-01-11 00:00:00+00:00,106.82431030273438,114.6500015258789,116.69999694824219,113.5,114.9000015258789,57608
2018-01-12 00:00:00+00:00,102.67805480957031,110.19999694824219,115.75,109.1500015258789,115.75,94347
2018-01-15 00:00:00+00:00,104.30860900878906,111.94999694824219,113.5,110.0,110.0,45997
2018-01-16 00:00:00+00:00,100.4418716430664,107.80000305175781,113.6500015258789,107.1500015258789,110.3499984741211,57439
2018-01-17 00:00:00+00:00,107.10382843017578,114.94999694824219,119.75,103.19999694824219,107.5999984741211,677561
2018-01-18 00:00:00+00:00,102.49170684814453,110.0,116.94999694824219,109.0,115.0999984741211,118698
2018-01-19 00:00:00+00:00,101.60655975341797,109.05000305175781,111.5999984741211,107.0999984741211,111.0999984741211,44896
2018-01-22 00:00:00+00:00,100.72138214111328,108.0999984741211,111.94999694824219,107.1500015258789,109.0,56906
2018-01-23 00:00:00+00:00,103.37686157226562,110.94999694824219,113.4000015258789,107.5,109.0,69899
2018-01-24 00:00:00+00:00,99.46353912353516,106.75,110.6500015258789,106.25,110.1500015258789,46743
2018-01-25 00:00:00+00:00,97.08758544921875,104.19999694824219,108.0,103.5999984741211,106.30000305175781,45004
2018-01-29 00:00:00+00:00,93.59355926513672,100.44999694824219,106.9000015258789,99.5,105.0,36529
2018-01-30 00:00:00+00:00,91.73007202148438,98.44999694824219,102.8499984741211,97.94999694824219,100.44999694824219,30035
2018-01-31 00:00:00+00:00,94.1991958618164,101.0999984741211,106.0,98.0,98.69999694824219,74458
2018-02-01 00:00:00+00:00,93.45379638671875,100.30000305175781,103.6500015258789,99.25,103.6500015258789,23388
2018-02-02 00:00:00+00:00,84.0431900024414,90.19999694824219,99.9000015258789,88.25,98.5,105109
2018-02-05 00:00:00+00:00,85.34764099121094,91.5999984741211,94.25,87.55000305175781,88.5999984741211,88204
2018-02-06 00:00:00+00:00,81.0616226196289,87.0,88.4000015258789,82.94999694824219,88.4000015258789,72995
2018-02-07 00:00:00+00:00,83.763671875,89.9000015258789,92.5,89.0999984741211,89.0999984741211,40509
2018-02-08 00:00:00+00:00,86.6520767211914,93.0,94.75,90.5999984741211,91.80000305175781,39760
2018-02-09 00:00:00+00:00,86.41914367675781,92.75,93.69999694824219,90.30000305175781,90.5,29178
2018-02-12 00:00:00+00:00,89.81999206542969,96.4000015258789,97.75,93.05000305175781,94.44999694824219,38102
2018-02-14 00:00:00+00:00,90.56539154052734,97.19999694824219,99.75,96.5,99.75,46477
2018-02-15 00:00:00+00:00,87.21112060546875,93.5999984741211,98.5999984741211,93.19999694824219,98.5999984741211,32372
2018-02-16 00:00:00+00:00,85.25446319580078,91.5,94.4000015258789,90.6500015258789,94.4000015258789,43908
2018-02-19 00:00:00+00:00,87.44406127929688,93.8499984741211,96.19999694824219,92.19999694824219,93.0,37822
2018-02-20 00:00:00+00:00,89.49388885498047,96.05000305175781,97.0,92.6500015258789,95.94999694824219,33861
2018-02-21 00:00:00+00:00,90.05294799804688,96.6500015258789,98.5,95.5,98.0999984741211,21031
2018-02-22 00:00:00+00:00,88.74849700927734,95.25,98.19999694824219,94.0999984741211,96.0,13919
2018-02-23 00:00:00+00:00,89.49388885498047,96.05000305175781,97.0,94.5999984741211,95.1500015258789,12799
2018-02-26 00:00:00+00:00,89.44731140136719,96.0,96.75,95.5,95.75,12324
2018-02-27 00:00:00+00:00,88.4689712524414,94.94999694824219,97.75,94.5,96.55000305175781,27642
2018-02-28 00:00:00+00:00,88.23603820800781,94.69999694824219,95.75,92.4000015258789,94.05000305175781,10032
2018-03-01 00:00:00+00:00,88.189453125,94.6500015258789,96.0,93.0999984741211,96.0,15757
2018-03-05 00:00:00+00:00,87.8167495727539,94.25,95.75,93.0,94.0,19986
2018-03-06 00:00:00+00:00,86.37255096435547,92.69999694824219,95.5,92.05000305175781,93.4000015258789,10108
2018-03-07 00:00:00+00:00,85.34764099121094,91.5999984741211,95.25,90.9000015258789,93.19999694824219,29330
2018-03-08 00:00:00+00:00,85.53398895263672,91.80000305175781,92.80000305175781,90.0,91.05000305175781,11582
2018-03-09 00:00:00+00:00,85.02153015136719,91.25,93.5,90.6500015258789,92.3499984741211,12327
2018-03-12 00:00:00+00:00,83.85684967041016,90.0,92.5,89.44999694824219,91.94999694824219,18373
2018-03-13 00:00:00+00:00,84.18295288085938,90.3499984741211,92.0,89.6500015258789,90.05000305175781,22475
2018-03-14 00:00:00+00:00,84.18295288085938,90.3499984741211,91.44999694824219,90.0,90.4000015258789,11161
2018-03-15 00:00:00+00:00,83.99662017822266,90.1500015258789,91.0,89.3499984741211,90.0999984741211,18131
2018-03-16 00:00:00+00:00,83.4841537475586,89.5999984741211,91.5,89.0999984741211,91.1500015258789,15109
2018-03-19 00:00:00+00:00,81.15479278564453,87.0999984741211,90.05000305175781,86.80000305175781,90.05000305175781,13705
2018-03-20 00:00:00+00:00,81.20138549804688,87.1500015258789,89.0999984741211,86.5,89.05000305175781,11886
2018-03-21 00:00:00+00:00,79.8969497680664,85.75,88.94999694824219,85.05000305175781,88.9000015258789,24269
2018-03-22 00:00:00+00:00,76.82218933105469,82.44999694824219,86.6500015258789,82.0,85.3499984741211,28912
2018-03-23 00:00:00+00:00,73.23497772216797,78.5999984741211,81.80000305175781,77.19999694824219,80.05000305175781,39242
2018-03-26 00:00:00+00:00,71.83736419677734,77.0999984741211,79.6500015258789,76.1500015258789,78.0,36014
2018-03-27 00:00:00+00:00,72.90887451171875,78.25,79.5,76.55000305175781,77.75,41020
2018-03-28 00:00:00+00:00,71.88395690917969,77.1500015258789,78.0,76.75,77.94999694824219,18629
2018-04-02 00:00:00+00:00,75.65750885009766,81.19999694824219,82.69999694824219,77.19999694824219,79.30000305175781,23488
2018-04-03 00:00:00+00:00,76.44949340820312,82.05000305175781,82.5999984741211,80.0,81.1500015258789,15404
2018-04-04 00:00:00+00:00,76.26315307617188,81.8499984741211,84.0,80.30000305175781,83.0999984741211,26434
2018-04-05 00:00:00+00:00,77.8936996459961,83.5999984741211,84.0,81.0999984741211,81.0999984741211,13351
2018-04-06 00:00:00+00:00,78.73226928710938,84.5,84.94999694824219,82.94999694824219,83.1500015258789,12397
2018-04-09 00:00:00+00:00,79.24472045898438,85.05000305175781,86.0,84.55000305175781,85.94999694824219,9784
2018-04-10 00:00:00+00:00,79.7105941772461,85.55000305175781,87.19999694824219,85.0,86.6500015258789,18262
2018-04-11 00:00:00+00:00,81.0616226196289,87.0,90.5999984741211,85.1500015258789,85.19999694824219,16076
2018-04-12 00:00:00+00:00,80.03671264648438,85.9000015258789,87.69999694824219,85.5999984741211,86.25,7318
2018-04-13 00:00:00+00:00,79.01178741455078,84.80000305175781,87.44999694824219,83.9000015258789,86.8499984741211,17487
2018-04-16 00:00:00+00:00,78.21979522705078,83.94999694824219,84.5,82.69999694824219,83.19999694824219,13649
2018-04-17 00:00:00+00:00,77.52099609375,83.19999694824219,84.44999694824219,82.4000015258789,84.44999694824219,12541
2018-04-18 00:00:00+00:00,77.52099609375,83.19999694824219,87.25,82.0,82.25,12749
2018-04-19 00:00:00+00:00,78.08004760742188,83.80000305175781,84.25,82.4000015258789,83.44999694824219,12348
2018-04-20 00:00:00+00:00,77.75393676757812,83.44999694824219,84.25,81.0,84.19999694824219,16682
2018-04-23 00:00:00+00:00,78.45274353027344,84.19999694824219,86.44999694824219,81.69999694824219,84.19999694824219,14129
2018-04-24 00:00:00+00:00,82.03996276855469,88.05000305175781,90.5,83.05000305175781,83.05000305175781,71415
2018-04-25 00:00:00+00:00,79.99010467529297,85.8499984741211,88.94999694824219,85.30000305175781,88.0,23923
2018-04-26 00:00:00+00:00,79.80377197265625,85.6500015258789,87.5,84.80000305175781,84.80000305175781,10314
2018-04-27 00:00:00+00:00,79.75717163085938,85.5999984741211,87.19999694824219,85.30000305175781,87.19999694824219,7305
2018-04-30 00:00:00+00:00,80.12987518310547,86.0,87.25,85.0,85.3499984741211,8517
2018-05-02 00:00:00+00:00,78.9186019897461,84.69999694824219,86.75,84.3499984741211,84.3499984741211,5424
2018-05-03 00:00:00+00:00,78.03345489501953,83.75,85.94999694824219,83.05000305175781,83.1500015258789,12319
2018-05-04 00:00:00+00:00,77.05512237548828,82.69999694824219,85.4000015258789,81.8499984741211,83.5,8087
2018-05-07 00:00:00+00:00,78.825439453125,84.5999984741211,85.9000015258789,81.75,81.75,14837
2018-05-08 00:00:00+00:00,78.54591369628906,84.30000305175781,85.94999694824219,82.69999694824219,84.5999984741211,15293
2018-05-09 00:00:00+00:00,77.84711456298828,83.55000305175781,85.80000305175781,82.69999694824219,85.75,6680
2018-05-10 00:00:00+00:00,76.77560424804688,82.4000015258789,84.5999984741211,82.05000305175781,82.80000305175781,8134
2018-05-11 00:00:00+00:00,76.03020477294922,81.5999984741211,83.5,81.5,82.5,7319
2018-05-14 00:00:00+00:00,75.4245834350586,80.94999694824219,83.4000015258789,80.30000305175781,82.3499984741211,10602
2018-05-15 00:00:00+00:00,75.4711685180664,81.0,81.5,80.0999984741211,80.3499984741211,5286
2018-05-16 00:00:00+00:00,72.02371978759766,77.30000305175781,81.8499984741211,76.8499984741211,80.05000305175781,27613
2018-05-17 00:00:00+00:00,74.53941345214844,80.0,80.5,77.30000305175781,77.30000305175781,12614
2018-05-18 00:00:00+00:00,72.67594146728516,78.0,81.55000305175781,78.0,80.0999984741211,7739
2018-05-21 00:00:00+00:00,69.97388458251953,75.0999984741211,80.0,73.5,80.0,8305
2018-05-22 00:00:00+00:00,68.80919647216797,73.8499984741211,78.94999694824219,73.0,77.80000305175781,22861
2018-05-23 00:00:00+00:00,65.548095703125,70.3499984741211,73.75,69.6500015258789,72.6500015258789,30123
2018-05-24 00:00:00+00:00,65.08223724365234,69.8499984741211,71.69999694824219,69.5999984741211,71.5,13963
2018-05-25 00:00:00+00:00,76.91537475585938,82.55000305175781,83.80000305175781,69.3499984741211,69.5999984741211,201579
2018-05-28 00:00:00+00:00,74.21331024169922,79.6500015258789,85.8499984741211,76.3499984741211,82.9000015258789,148405
2018-05-29 00:00:00+00:00,76.26315307617188,81.8499984741211,83.8499984741211,78.05000305175781,78.05000305175781,58654
2018-05-30 00:00:00+00:00,73.56109619140625,78.94999694824219,81.5,78.5,80.05000305175781,35020
2018-05-31 00:00:00+00:00,72.90887451171875,78.25,80.1500015258789,77.80000305175781,79.1500015258789,11753
2018-06-01 00:00:00+00:00,73.18840026855469,78.55000305175781,80.5,76.05000305175781,77.05000305175781,39824
2018-06-04 00:00:00+00:00,69.0421371459961,74.0999984741211,78.0,73.75,77.05000305175781,21289
2018-06-05 00:00:00+00:00,66.89912414550781,71.80000305175781,73.94999694824219,71.05000305175781,73.05000305175781,12884
2018-06-06 00:00:00+00:00,67.59794616699219,72.55000305175781,73.9000015258789,70.55000305175781,71.19999694824219,29844
2018-06-07 00:00:00+00:00,69.0421371459961,74.0999984741211,75.8499984741211,72.0,72.0,10738
2018-06-08 00:00:00+00:00,72.90887451171875,78.25,79.5,73.0,73.05000305175781,26513
2018-06-11 00:00:00+00:00,75.3313980102539,80.8499984741211,81.8499984741211,78.19999694824219,78.69999694824219,48816
2018-06-12 00:00:00+00:00,78.03345489501953,83.75,85.80000305175781,80.4000015258789,81.05000305175781,103099
2018-06-13 00:00:00+00:00,84.74201202392578,90.94999694824219,100.5,84.75,84.94999694824219,562218
2018-06-14 00:00:00+00:00,82.8319320678711,88.9000015258789,91.94999694824219,86.6500015258789,91.0,150374
2018-06-15 00:00:00+00:00,84.88177490234375,91.0999984741211,92.69999694824219,87.30000305175781,89.5999984741211,143154
2018-06-18 00:00:00+00:00,80.87527465820312,86.80000305175781,91.0999984741211,86.05000305175781,91.0999984741211,25945
2018-06-19 00:00:00+00:00,76.91537475585938,82.55000305175781,87.3499984741211,81.5999984741211,87.3499984741211,37120
2018-06-20 00:00:00+00:00,74.8189468383789,80.30000305175781,84.44999694824219,80.0,84.44999694824219,27795
2018-06-21 00:00:00+00:00,73.88719940185547,79.30000305175781,82.0999984741211,78.8499984741211,81.4000015258789,25164
2018-06-22 00:00:00+00:00,74.07354736328125,79.5,80.94999694824219,76.0999984741211,79.0,21992
2018-06-25 00:00:00+00:00,73.74744415283203,79.1500015258789,82.30000305175781,78.55000305175781,80.9000015258789,17253
2018-06-26 00:00:00+00:00,72.72251892089844,78.05000305175781,81.8499984741211,77.5999984741211,78.0,8369
2018-06-27 00:00:00+00:00,73.74744415283203,79.1500015258789,85.0999984741211,77.0999984741211,77.5,237522
2018-06-28 00:00:00+00:00,72.72251892089844,78.05000305175781,80.0,77.0999984741211,80.0,15612
2018-06-29 00:00:00+00:00,72.48958587646484,77.80000305175781,79.75,77.0999984741211,78.30000305175781,16379
2018-07-02 00:00:00+00:00,71.18515014648438,76.4000015258789,78.80000305175781,75.69999694824219,77.80000305175781,10695
2018-07-03 00:00:00+00:00,72.3032455444336,77.5999984741211,79.5,76.19999694824219,76.30000305175781,14406
2018-07-04 00:00:00+00:00,73.56109619140625,78.94999694824219,79.8499984741211,78.0,78.1500015258789,11628
2018-07-05 00:00:00+00:00,71.04539489746094,76.25,79.4000015258789,76.0,78.30000305175781,9384
2018-07-06 00:00:00+00:00,70.90562438964844,76.0999984741211,77.5,75.69999694824219,76.0,15447
2018-07-09 00:00:00+00:00,72.582763671875,77.9000015258789,80.19999694824219,77.25,77.5999984741211,13923
2018-07-10 00:00:00+00:00,73.14181518554688,78.5,79.55000305175781,78.05000305175781,78.05000305175781,8492
2018-07-11 00:00:00+00:00,73.14181518554688,78.5,78.94999694824219,78.19999694824219,78.25,2673
2018-07-12 00:00:00+00:00,71.9305419921875,77.19999694824219,79.4000015258789,76.55000305175781,78.5,12246
2018-07-13 00:00:00+00:00,70.85903930664062,76.05000305175781,79.8499984741211,75.05000305175781,79.8499984741211,5029
2018-07-16 00:00:00+00:00,71.74418640136719,77.0,79.9000015258789,73.6500015258789,75.5999984741211,16311
2018-07-17 00:00:00+00:00,70.43975067138672,75.5999984741211,77.80000305175781,75.0,77.80000305175781,2900
2018-07-18 00:00:00+00:00,68.57627868652344,73.5999984741211,76.5999984741211,73.5,75.05000305175781,4441
2018-07-19 00:00:00+00:00,66.20032501220703,71.05000305175781,73.94999694824219,70.5,73.4000015258789,17586
2018-07-20 00:00:00+00:00,65.9673843383789,70.80000305175781,72.5999984741211,70.0999984741211,70.5,7216
2018-07-23 00:00:00+00:00,67.55134582519531,72.5,73.94999694824219,71.05000305175781,72.94999694824219,3697
2018-07-24 00:00:00+00:00,66.9923095703125,71.9000015258789,74.44999694824219,70.55000305175781,73.9000015258789,43712
2018-07-25 00:00:00+00:00,66.6196060180664,71.5,72.69999694824219,71.05000305175781,71.9000015258789,19173
2018-07-26 00:00:00+00:00,67.8774642944336,72.8499984741211,73.80000305175781,71.19999694824219,71.5,10013
2018-07-27 00:00:00+00:00,67.8774642944336,72.8499984741211,73.80000305175781,71.0,72.0,15812
2018-07-30 00:00:00+00:00,71.6510238647461,76.9000015258789,77.55000305175781,71.75,74.0,70722
2018-07-31 00:00:00+00:00,72.02371978759766,77.30000305175781,79.0,76.19999694824219,78.0,64210
2018-08-01 00:00:00+00:00,73.14181518554688,78.5,80.30000305175781,77.80000305175781,77.80000305175781,24181
2018-08-02 00:00:00+00:00,72.3498306274414,77.6500015258789,79.80000305175781,76.6500015258789,76.6500015258789,11342
2018-08-03 00:00:00+00:00,72.02371978759766,77.30000305175781,79.25,77.0,78.94999694824219,12404
2018-08-06 00:00:00+00:00,73.42134094238281,78.80000305175781,79.19999694824219,77.0,78.5,18822
2018-08-07 00:00:00+00:00,72.1634750366211,77.44999694824219,80.5,77.0999984741211,80.5,8354
2018-08-08 00:00:00+00:00,73.18840026855469,78.55000305175781,80.0,77.44999694824219,77.44999694824219,7745
2018-08-09 00:00:00+00:00,71.5112533569336,76.75,79.8499984741211,76.3499984741211,77.5,11581
2018-08-10 00:00:00+00:00,71.55785369873047,76.80000305175781,78.0,76.19999694824219,76.19999694824219,12724
2018-08-13 00:00:00+00:00,72.8622817993164,78.19999694824219,79.9000015258789,75.05000305175781,79.9000015258789,40848
2018-08-14 00:00:00+00:00,74.44624328613281,79.9000015258789,80.75,77.80000305175781,78.8499984741211,69895
2018-08-16 00:00:00+00:00,73.28157043457031,78.6500015258789,79.69999694824219,77.6500015258789,79.6500015258789,19221
2018-08-17 00:00:00+00:00,77.56758880615234,83.25,84.0,79.0,79.8499984741211,79202
2018-08-20 00:00:00+00:00,86.97817993164062,93.3499984741211,94.69999694824219,83.5,84.0,566550
2018-08-21 00:00:00+00:00,83.4841537475586,89.5999984741211,93.8499984741211,89.0,93.0999984741211,136522
2018-08-23 00:00:00+00:00,83.29780578613281,89.4000015258789,93.25,86.30000305175781,90.30000305175781,135650
2018-08-24 00:00:00+00:00,81.38774108886719,87.3499984741211,90.0,86.19999694824219,89.0,80455
2018-08-27 00:00:00+00:00,80.96845245361328,86.9000015258789,89.44999694824219,85.5999984741211,88.05000305175781,57094
2018-08-28 00:00:00+00:00,84.74201202392578,90.94999694824219,91.69999694824219,85.19999694824219,86.5999984741211,169185
2018-08-29 00:00:00+00:00,81.62066650390625,87.5999984741211,94.5,86.9000015258789,92.8499984741211,197082
2018-08-30 00:00:00+00:00,81.6672592163086,87.6500015258789,90.0,87.30000305175781,88.1500015258789,54936
2018-08-31 00:00:00+00:00,82.03996276855469,88.05000305175781,89.75,87.0999984741211,87.30000305175781,28193
2018-09-03 00:00:00+00:00,82.2262954711914,88.25,91.0,87.9000015258789,89.05000305175781,40801
2018-09-04 00:00:00+00:00,80.17646789550781,86.05000305175781,89.69999694824219,85.5999984741211,88.94999694824219,30480
2018-09-05 00:00:00+00:00,80.17646789550781,86.05000305175781,87.19999694824219,84.05000305175781,85.94999694824219,27749
2018-09-06 00:00:00+00:00,80.9218521118164,86.8499984741211,88.9000015258789,85.05000305175781,86.75,37680
2018-09-07 00:00:00+00:00,81.34114074707031,87.30000305175781,88.0,86.0999984741211,86.0999984741211,21546
2018-09-10 00:00:00+00:00,96.90125274658203,104.0,104.75,87.0,87.94999694824219,1903939
2018-09-11 00:00:00+00:00,89.77342224121094,96.3499984741211,109.19999694824219,95.0999984741211,108.75,843018
2018-09-12 00:00:00+00:00,98.67156219482422,105.9000015258789,109.0,95.19999694824219,97.05000305175781,758369
2018-09-14 00:00:00+00:00,95.8967056274414,101.94999694824219,105.94999694824219,101.25,104.5999984741211,280838
2018-09-17 00:00:00+00:00,95.28531646728516,101.30000305175781,104.1500015258789,97.9000015258789,101.6500015258789,142210
2018-09-18 00:00:00+00:00,94.4387435913086,100.4000015258789,104.5999984741211,99.94999694824219,100.1500015258789,112893
2018-09-19 00:00:00+00:00,93.07484436035156,98.94999694824219,104.0,98.19999694824219,100.1500015258789,101783
2018-09-21 00:00:00+00:00,88.46578979492188,94.05000305175781,102.44999694824219,87.5,100.05000305175781,127001
2018-09-24 00:00:00+00:00,83.48047637939453,88.75,95.25,88.0,93.0999984741211,72416
2018-09-25 00:00:00+00:00,83.99781036376953,89.30000305175781,91.6500015258789,87.1500015258789,89.44999694824219,69913
2018-09-26 00:00:00+00:00,85.22061157226562,90.5999984741211,93.80000305175781,89.0,90.30000305175781,50670
2018-09-27 00:00:00+00:00,84.1388931274414,89.44999694824219,93.5,88.5,90.5999984741211,35425
2018-09-28 00:00:00+00:00,78.73030090332031,83.69999694824219,90.5,82.0,90.5,148881
2018-10-01 00:00:00+00:00,74.92078399658203,79.6500015258789,84.5999984741211,76.0,84.5999984741211,53641
2018-10-03 00:00:00+00:00,75.81436920166016,80.5999984741211,82.44999694824219,77.30000305175781,79.94999694824219,40764
2018-10-04 00:00:00+00:00,73.65093231201172,78.30000305175781,81.0,77.4000015258789,78.0,34697
2018-10-05 00:00:00+00:00,73.03953552246094,77.6500015258789,79.30000305175781,77.0,78.19999694824219,15852
2018-10-08 00:00:00+00:00,70.59390258789062,75.05000305175781,77.69999694824219,72.0,77.69999694824219,18948
2018-10-09 00:00:00+00:00,70.0765609741211,74.5,76.44999694824219,73.0,74.30000305175781,18692
2018-10-10 00:00:00+00:00,72.24000549316406,76.80000305175781,77.44999694824219,74.3499984741211,74.3499984741211,23638
2018-10-11 00:00:00+00:00,72.38108825683594,76.94999694824219,77.5999984741211,72.0,75.0,19633
2018-10-12 00:00:00+00:00,74.63858795166016,79.3499984741211,80.69999694824219,77.5999984741211,77.6500015258789,14627
2018-10-15 00:00:00+00:00,76.09656524658203,80.9000015258789,82.5,78.19999694824219,78.19999694824219,19852
2018-10-16 00:00:00+00:00,79.953125,85.0,86.6500015258789,81.0,81.05000305175781,30586
2018-10-17 00:00:00+00:00,78.16593170166016,83.0999984741211,87.5999984741211,82.6500015258789,86.0,32761
2018-10-19 00:00:00+00:00,77.03719329833984,81.9000015258789,83.0,81.0,83.0,7632
2018-10-22 00:00:00+00:00,75.29702758789062,80.05000305175781,82.5,80.0,81.9000015258789,8118
2018-10-23 00:00:00+00:00,73.79203033447266,78.44999694824219,80.0,77.94999694824219,78.0,11874
2018-10-24 00:00:00+00:00,74.02718353271484,78.69999694824219,79.8499984741211,77.5,78.0999984741211,12097
2018-10-25 00:00:00+00:00,72.14592742919922,76.69999694824219,79.69999694824219,75.05000305175781,78.6500015258789,12499
2018-10-26 00:00:00+00:00,71.67562866210938,76.19999694824219,78.3499984741211,75.5999984741211,76.4000015258789,19202
2018-10-29 00:00:00+00:00,76.47281646728516,81.30000305175781,82.44999694824219,75.5999984741211,76.19999694824219,67160
2018-10-30 00:00:00+00:00,76.23766326904297,81.05000305175781,83.0,80.0999984741211,80.75,13819
2018-10-31 00:00:00+00:00,76.56687927246094,81.4000015258789,82.8499984741211,80.0,81.6500015258789,11252
2018-11-01 00:00:00+00:00,77.83672332763672,82.75,83.5,81.1500015258789,81.4000015258789,16429
2018-11-02 00:00:00+00:00,79.34171295166016,84.3499984741211,85.0,83.0999984741211,83.4000015258789,15001
2018-11-05 00:00:00+00:00,78.63624572753906,83.5999984741211,85.4000015258789,82.19999694824219,84.9000015258789,4636
2018-11-06 00:00:00+00:00,77.50749969482422,82.4000015258789,84.19999694824219,81.5,81.5,7174
2018-11-07 00:00:00+00:00,78.58922576904297,83.55000305175781,85.6500015258789,81.6500015258789,85.6500015258789,3782
2018-11-09 00:00:00+00:00,78.3070297241211,83.25,84.44999694824219,81.69999694824219,84.44999694824219,6029
2018-11-12 00:00:00+00:00,82.02249908447266,87.19999694824219,92.5,83.0,83.05000305175781,136242
2018-11-13 00:00:00+00:00,80.98780822753906,86.0999984741211,88.75,85.5,86.19999694824219,20359
2018-11-14 00:00:00+00:00,80.89374542236328,86.0,87.9000015258789,85.5,87.9000015258789,14313
2018-11-15 00:00:00+00:00,78.3070297241211,83.25,84.5999984741211,81.0999984741211,84.30000305175781,55019
2018-11-16 00:00:00+00:00,77.0842056274414,81.94999694824219,83.0999984741211,81.5999984741211,82.3499984741211,10082
2018-11-19 00:00:00+00:00,75.6262435913086,80.4000015258789,82.25,80.0999984741211,82.25,13857
2018-11-20 00:00:00+00:00,75.72030639648438,80.5,84.3499984741211,79.19999694824219,80.80000305175781,15720
2018-11-21 00:00:00+00:00,75.86140441894531,80.6500015258789,82.6500015258789,80.3499984741211,81.5,8026
2018-11-22 00:00:00+00:00,76.04953002929688,80.8499984741211,82.30000305175781,80.0,80.05000305175781,5441
2018-11-26 00:00:00+00:00,75.34405517578125,80.0999984741211,82.0,79.30000305175781,80.6500015258789,7371
2018-11-27 00:00:00+00:00,74.73265075683594,79.44999694824219,82.3499984741211,79.0,81.5999984741211,18506
2018-11-28 00:00:00+00:00,73.36874389648438,78.0,80.80000305175781,77.5,80.80000305175781,14966
2018-11-29 00:00:00+00:00,76.56687927246094,81.4000015258789,81.69999694824219,77.5,78.55000305175781,43438
2018-11-30 00:00:00+00:00,75.86140441894531,80.6500015258789,83.5,80.05000305175781,82.30000305175781,84512
2018-12-03 00:00:00+00:00,75.90843200683594,80.69999694824219,84.9000015258789,80.0,82.0,32382
2018-12-04 00:00:00+00:00,75.34405517578125,80.0999984741211,82.5,79.19999694824219,81.6500015258789,10330
2018-12-05 00:00:00+00:00,74.2153091430664,78.9000015258789,80.0999984741211,78.44999694824219,79.25,8864
2018-12-06 00:00:00+00:00,73.46280670166016,78.0999984741211,78.94999694824219,77.0999984741211,78.1500015258789,9984
2018-12-07 00:00:00+00:00,73.7449951171875,78.4000015258789,79.69999694824219,78.0999984741211,78.0999984741211,3822
2018-12-10 00:00:00+00:00,73.18063354492188,77.80000305175781,78.69999694824219,75.55000305175781,78.5999984741211,11238
2018-12-11 00:00:00+00:00,74.59156036376953,79.30000305175781,79.69999694824219,75.80000305175781,76.05000305175781,12660
2018-12-12 00:00:00+00:00,74.40342712402344,79.0999984741211,80.05000305175781,77.19999694824219,78.1500015258789,9672
2018-12-13 00:00:00+00:00,77.93077850341797,82.8499984741211,83.55000305175781,79.55000305175781,80.55000305175781,44389
2018-12-14 00:00:00+00:00,77.41344451904297,82.30000305175781,85.0,80.8499984741211,83.0,129540
2018-12-17 00:00:00+00:00,76.14359283447266,80.94999694824219,84.4000015258789,80.30000305175781,83.3499984741211,11172
2018-12-18 00:00:00+00:00,75.48515319824219,80.25,81.0,80.0,80.1500015258789,7489
2018-12-19 00:00:00+00:00,76.47281646728516,81.30000305175781,83.44999694824219,80.05000305175781,81.94999694824219,22513
2018-12-20 00:00:00+00:00,76.2846908569336,81.0999984741211,82.5,80.55000305175781,82.0,7023
2018-12-21 00:00:00+00:00,75.39109802246094,80.1500015258789,83.5,79.6500015258789,81.19999694824219,23294
2018-12-24 00:00:00+00:00,75.6262435913086,80.4000015258789,82.69999694824219,80.0,80.0999984741211,26367
2018-12-26 00:00:00+00:00,75.34405517578125,80.0999984741211,81.6500015258789,79.25,79.3499984741211,8169
2018-12-27 00:00:00+00:00,73.69795989990234,78.3499984741211,81.9000015258789,78.19999694824219,81.8499984741211,22777
2018-12-28 00:00:00+00:00,74.59156036376953,79.30000305175781,80.5999984741211,78.44999694824219,78.94999694824219,27364
2018-12-31 00:00:00+00:00,74.40342712402344,79.0999984741211,80.0,79.0,80.0,10974
2019-01-01 00:00:00+00:00,74.35641479492188,79.05000305175781,80.94999694824219,78.5,80.0,14048
2019-01-02 00:00:00+00:00,74.49748992919922,79.19999694824219,81.4000015258789,79.0999984741211,79.1500015258789,24309
2019-01-03 00:00:00+00:00,76.51985168457031,81.3499984741211,81.44999694824219,78.5,79.9000015258789,46903
2019-01-04 00:00:00+00:00,75.10890197753906,79.8499984741211,83.0,78.80000305175781,82.30000305175781,72213
2019-01-07 00:00:00+00:00,74.4504623413086,79.1500015258789,80.5,78.5,79.8499984741211,10531
2019-01-08 00:00:00+00:00,75.48515319824219,80.25,81.5,78.69999694824219,79.0,22019
2019-01-09 00:00:00+00:00,74.63858795166016,79.3499984741211,80.6500015258789,79.1500015258789,79.94999694824219,7517
2019-01-10 00:00:00+00:00,74.63858795166016,79.3499984741211,79.94999694824219,78.75,78.80000305175781,4648
2019-01-11 00:00:00+00:00,74.35641479492188,79.05000305175781,80.0,78.69999694824219,78.69999694824219,4881
2019-01-14 00:00:00+00:00,74.82671356201172,79.55000305175781,80.94999694824219,78.5999984741211,78.6500015258789,34626
2019-01-15 00:00:00+00:00,74.73265075683594,79.44999694824219,80.5,79.19999694824219,79.25,8425
2019-01-16 00:00:00+00:00,74.87374114990234,79.5999984741211,80.25,78.9000015258789,78.9000015258789,3359
2019-01-17 00:00:00+00:00,74.92078399658203,79.6500015258789,82.5,79.0999984741211,80.0,34367
2019-01-18 00:00:00+00:00,74.07421875,78.75,80.0,78.5,79.94999694824219,5845
2019-01-21 00:00:00+00:00,76.99015808105469,81.8499984741211,82.5,78.0999984741211,78.55000305175781,59033
2019-01-22 00:00:00+00:00,74.77967834472656,79.5,81.94999694824219,78.75,81.94999694824219,28243
2019-01-23 00:00:00+00:00,74.12125396728516,78.80000305175781,80.8499984741211,78.5,79.30000305175781,9545
2019-01-24 00:00:00+00:00,73.93312072753906,78.5999984741211,79.69999694824219,78.55000305175781,79.69999694824219,4015
2019-01-25 00:00:00+00:00,73.08655548095703,77.69999694824219,79.5,77.5,79.0999984741211,5608
2019-01-28 00:00:00+00:00,68.9007797241211,73.25,77.75,72.5999984741211,77.55000305175781,19680
2019-01-29 00:00:00+00:00,69.60624694824219,74.0,75.5,72.30000305175781,73.94999694824219,13963
2019-01-30 00:00:00+00:00,70.02952575683594,74.44999694824219,75.94999694824219,73.6500015258789,74.9000015258789,7444
2019-01-31 00:00:00+00:00,68.71265411376953,73.05000305175781,75.0,72.80000305175781,74.94999694824219,7365
2019-02-01 00:00:00+00:00,68.94781494140625,73.30000305175781,74.0,72.5999984741211,73.94999694824219,9881
2019-02-04 00:00:00+00:00,67.63093566894531,71.9000015258789,74.4000015258789,70.5,73.0,8114
2019-02-05 00:00:00+00:00,67.7249984741211,72.0,73.80000305175781,70.6500015258789,71.19999694824219,4303
2019-02-06 00:00:00+00:00,71.72264862060547,76.25,80.5999984741211,70.0999984741211,72.75,14071
2019-02-07 00:00:00+00:00,69.70030975341797,74.0999984741211,76.8499984741211,73.0,76.0,9366
2019-02-08 00:00:00+00:00,68.61858367919922,72.94999694824219,75.80000305175781,72.3499984741211,73.3499984741211,8858
2019-02-11 00:00:00+00:00,66.97249603271484,71.19999694824219,73.25,70.5999984741211,73.25,6142
2019-02-12 00:00:00+00:00,66.97249603271484,71.19999694824219,72.80000305175781,70.55000305175781,72.05000305175781,3922
2019-02-14 00:00:00+00:00,62.316410064697266,66.25,69.25,65.5999984741211,68.55000305175781,23107
2019-02-15 00:00:00+00:00,61.04656219482422,64.9000015258789,67.6500015258789,64.25,66.25,8414
2019-02-18 00:00:00+00:00,59.77671813964844,63.54999923706055,65.44999694824219,63.0,64.94999694824219,6915
2019-02-19 00:00:00+00:00,60.717342376708984,64.55000305175781,65.0,63.0,63.0,3733
2019-02-20 00:00:00+00:00,61.70500183105469,65.5999984741211,66.44999694824219,65.05000305175781,65.55000305175781,3648
2019-02-21 00:00:00+00:00,62.457496643066406,66.4000015258789,66.94999694824219,64.5,65.05000305175781,3680
2019-02-22 00:00:00+00:00,62.03421401977539,65.94999694824219,67.0,65.30000305175781,66.0,6907
2019-02-25 00:00:00+00:00,69.888427734375,74.30000305175781,79.0999984741211,64.69999694824219,65.55000305175781,138266
2019-02-26 00:00:00+00:00,67.3487548828125,71.5999984741211,74.0,68.5,71.0,59569
2019-02-27 00:00:00+00:00,65.185302734375,69.30000305175781,74.0,67.0,72.44999694824219,39092
2019-02-28 00:00:00+00:00,65.65562438964844,69.80000305175781,72.0,68.05000305175781,70.5999984741211,17611
2019-03-01 00:00:00+00:00,66.40811920166016,70.5999984741211,71.19999694824219,69.55000305175781,69.80000305175781,12543
2019-03-05 00:00:00+00:00,68.61858367919922,72.94999694824219,74.5999984741211,70.5999984741211,71.6500015258789,28639
2019-03-06 00:00:00+00:00,69.46514892578125,73.8499984741211,75.3499984741211,73.05000305175781,73.6500015258789,68670
2019-03-07 00:00:00+00:00,69.46514892578125,73.8499984741211,74.3499984741211,72.94999694824219,74.19999694824219,13143
2019-03-08 00:00:00+00:00,67.53687286376953,71.80000305175781,73.94999694824219,71.0999984741211,73.05000305175781,7052
2019-03-11 00:00:00+00:00,69.22999572753906,73.5999984741211,75.30000305175781,72.1500015258789,73.69999694824219,39443
2019-03-12 00:00:00+00:00,70.40577697753906,74.8499984741211,75.69999694824219,73.8499984741211,74.69999694824219,23712
2019-03-13 00:00:00+00:00,68.61858367919922,72.94999694824219,75.9000015258789,72.5999984741211,75.80000305175781,9880
2019-03-14 00:00:00+00:00,68.38343811035156,72.69999694824219,74.69999694824219,72.19999694824219,72.94999694824219,7047
2019-03-15 00:00:00+00:00,67.53687286376953,71.80000305175781,73.9000015258789,71.0,72.8499984741211,24650
2019-03-18 00:00:00+00:00,67.06656646728516,71.30000305175781,73.5,70.44999694824219,73.5,9747
2019-03-19 00:00:00+00:00,67.06656646728516,71.30000305175781,72.80000305175781,71.05000305175781,72.0,8154
2019-03-20 00:00:00+00:00,66.97249603271484,71.19999694824219,72.0,70.44999694824219,71.3499984741211,6511
2019-03-22 00:00:00+00:00,66.6903076171875,70.9000015258789,72.4000015258789,69.75,72.4000015258789,11412
2019-03-25 00:00:00+00:00,64.24468231201172,68.30000305175781,70.9000015258789,67.80000305175781,70.9000015258789,14094
2019-03-26 00:00:00+00:00,65.98484802246094,70.1500015258789,71.75,67.9000015258789,68.30000305175781,51575
2019-03-27 00:00:00+00:00,65.13827514648438,69.25,71.9000015258789,68.25,71.9000015258789,12986
2019-03-28 00:00:00+00:00,66.45515441894531,70.6500015258789,71.69999694824219,69.0,69.0,9387
2019-04-01 00:00:00+00:00,66.78437042236328,71.0,71.6500015258789,69.5999984741211,70.3499984741211,7777
2019-04-02 00:00:00+00:00,65.98484802246094,70.1500015258789,72.5999984741211,69.5,72.5999984741211,4329
2019-04-03 00:00:00+00:00,65.09123992919922,69.19999694824219,71.0999984741211,69.0,71.05000305175781,6345
2019-04-04 00:00:00+00:00,65.13827514648438,69.25,70.25,69.0999984741211,70.19999694824219,3807
2019-04-05 00:00:00+00:00,69.41812133789062,73.80000305175781,76.69999694824219,73.0,73.80000305175781,162076
2019-04-08 00:00:00+00:00,67.7249984741211,72.0,74.69999694824219,71.5999984741211,73.05000305175781,27195
2019-04-09 00:00:00+00:00,67.48983764648438,71.75,72.1500015258789,69.5,72.0,12042
2019-04-10 00:00:00+00:00,66.73733520507812,70.94999694824219,72.5,70.5999984741211,71.5,10281
2019-04-11 00:00:00+00:00,67.91311645507812,72.19999694824219,72.5999984741211,70.75,72.5999984741211,7007
2019-04-12 00:00:00+00:00,68.19532012939453,72.5,73.0,71.0,71.80000305175781,10181
2019-04-15 00:00:00+00:00,68.10124969482422,72.4000015258789,73.69999694824219,71.25,71.25,14656
2019-04-16 00:00:00+00:00,67.8660888671875,72.1500015258789,73.4000015258789,72.0,72.3499984741211,9062
2019-04-18 00:00:00+00:00,66.83141326904297,71.05000305175781,72.44999694824219,70.5,72.05000305175781,16520
2019-04-22 00:00:00+00:00,65.84375,70.0,72.75,69.0,71.05000305175781,5693
2019-04-23 00:00:00+00:00,66.73733520507812,70.94999694824219,72.0999984741211,69.5,71.9000015258789,3251
2019-04-24 00:00:00+00:00,66.1729736328125,70.3499984741211,71.05000305175781,69.5,71.05000305175781,8510
2019-04-25 00:00:00+00:00,66.07891082763672,70.25,71.6500015258789,70.0,71.5999984741211,3707
2019-04-26 00:00:00+00:00,67.48983764648438,71.75,78.30000305175781,70.0999984741211,70.1500015258789,180845
2019-04-30 00:00:00+00:00,65.98484802246094,70.1500015258789,72.75,69.19999694824219,72.75,35859
2019-05-02 00:00:00+00:00,65.185302734375,69.30000305175781,70.4000015258789,69.05000305175781,70.05000305175781,10070
2019-05-03 00:00:00+00:00,64.57390594482422,68.6500015258789,69.9000015258789,68.25,69.19999694824219,7079
2019-05-06 00:00:00+00:00,63.4921875,67.5,69.3499984741211,67.0999984741211,68.69999694824219,9798
2019-05-07 00:00:00+00:00,62.97483825683594,66.94999694824219,69.30000305175781,66.5,67.5,10909
2019-05-08 00:00:00+00:00,61.75203323364258,65.6500015258789,68.5,65.05000305175781,68.30000305175781,8190
2019-05-09 00:00:00+00:00,61.70500183105469,65.5999984741211,66.0,65.05000305175781,65.19999694824219,5781
2019-05-10 00:00:00+00:00,60.341094970703125,64.1500015258789,66.25,63.650001525878906,65.44999694824219,7920
2019-05-13 00:00:00+00:00,56.90781021118164,60.5,64.0,60.0,63.650001525878906,21283
2019-05-14 00:00:00+00:00,56.155311584472656,59.70000076293945,60.150001525878906,56.95000076293945,60.0,13871
2019-05-15 00:00:00+00:00,55.87312316894531,59.400001525878906,61.29999923706055,58.5,59.849998474121094,8102
2019-05-16 00:00:00+00:00,55.21468734741211,58.70000076293945,59.95000076293945,56.70000076293945,58.599998474121094,4968
2019-05-17 00:00:00+00:00,53.615623474121094,57.0,60.400001525878906,55.04999923706055,60.349998474121094,9044
2019-05-20 00:00:00+00:00,57.519222259521484,61.150001525878906,61.95000076293945,59.0,61.95000076293945,8296
2019-05-21 00:00:00+00:00,57.519222259521484,61.150001525878906,62.099998474121094,60.5,60.95000076293945,6501
2019-05-22 00:00:00+00:00,57.42515563964844,61.04999923706055,61.5,60.54999923706055,61.04999923706055,2383
2019-05-23 00:00:00+00:00,57.519222259521484,61.150001525878906,64.80000305175781,60.099998474121094,62.900001525878906,12196
2019-05-24 00:00:00+00:00,59.35343551635742,63.099998474121094,65.4000015258789,61.0,61.0,4541
2019-05-27 00:00:00+00:00,63.3510856628418,67.3499984741211,70.0,63.0,63.099998474121094,28723
2019-05-28 00:00:00+00:00,64.90312194824219,69.0,69.80000305175781,67.0,67.3499984741211,13389
2019-05-29 00:00:00+00:00,64.57390594482422,68.6500015258789,69.69999694824219,67.3499984741211,69.6500015258789,6668
2019-05-30 00:00:00+00:00,62.8337516784668,66.80000305175781,68.69999694824219,66.5,68.69999694824219,10053
2019-05-31 00:00:00+00:00,64.15061950683594,68.19999694824219,69.8499984741211,66.94999694824219,66.94999694824219,16291
2019-06-03 00:00:00+00:00,63.58625030517578,67.5999984741211,69.0,67.19999694824219,68.5999984741211,7915
2019-06-04 00:00:00+00:00,61.32874298095703,65.19999694824219,67.44999694824219,64.5999984741211,67.05000305175781,9555
2019-06-06 00:00:00+00:00,61.42280960083008,65.30000305175781,67.0,65.0,67.0,8431
2019-06-07 00:00:00+00:00,60.435157775878906,64.25,65.30000305175781,63.75,65.1500015258789,4693
2019-06-10 00:00:00+00:00,59.259376525878906,63.0,65.9000015258789,60.75,65.9000015258789,14488
2019-06-11 00:00:00+00:00,58.55390167236328,62.25,64.5,61.95000076293945,64.4000015258789,6281
2019-06-12 00:00:00+00:00,57.37812042236328,61.0,62.25,60.0,62.25,5337
2019-06-13 00:00:00+00:00,56.766719818115234,60.349998474121094,61.45000076293945,59.5,60.650001525878906,7110
2019-06-14 00:00:00+00:00,56.860782623291016,60.45000076293945,61.849998474121094,60.0,60.150001525878906,4913
2019-06-17 00:00:00+00:00,56.01421356201172,59.54999923706055,60.79999923706055,58.150001525878906,59.650001525878906,9821
2019-06-18 00:00:00+00:00,56.390472412109375,59.95000076293945,61.650001525878906,59.54999923706055,60.95000076293945,8511
2019-06-19 00:00:00+00:00,52.7690544128418,56.099998474121094,60.150001525878906,54.54999923706055,60.150001525878906,21249
2019-06-20 00:00:00+00:00,52.29874801635742,55.599998474121094,56.5,54.0,54.75,12962
2019-06-21 00:00:00+00:00,53.0982780456543,56.45000076293945,57.45000076293945,54.5,55.5,6503
2019-06-24 00:00:00+00:00,52.20468521118164,55.5,56.0,54.599998474121094,55.20000076293945,3257
2019-06-25 00:00:00+00:00,51.311092376708984,54.54999923706055,55.0,52.650001525878906,54.70000076293945,7286
2019-06-26 00:00:00+00:00,50.182342529296875,53.349998474121094,57.5,52.650001525878906,57.5,10553
2019-06-27 00:00:00+00:00,50.41749954223633,53.599998474121094,55.349998474121094,52.75,54.20000076293945,16147
2019-06-28 00:00:00+00:00,50.13530731201172,53.29999923706055,55.0,53.0,55.0,5207
2019-07-01 00:00:00+00:00,52.29874801635742,55.599998474121094,56.5,52.75,55.0,11058
2019-07-02 00:00:00+00:00,52.91015625,56.25,57.900001525878906,54.20000076293945,55.599998474121094,7573
2019-07-03 00:00:00+00:00,52.48686981201172,55.79999923706055,56.849998474121094,55.54999923706055,55.54999923706055,1140
2019-07-04 00:00:00+00:00,51.734375,55.0,57.5,54.45000076293945,57.45000076293945,8386
2019-07-05 00:00:00+00:00,50.79374694824219,54.0,56.650001525878906,53.54999923706055,55.04999923706055,3649
2019-07-08 00:00:00+00:00,49.52391052246094,52.650001525878906,53.5,51.54999923706055,53.150001525878906,7115
2019-07-09 00:00:00+00:00,48.959529876708984,52.04999923706055,52.5,51.0,52.150001525878906,5071
2019-07-10 00:00:00+00:00,47.877811431884766,50.900001525878906,54.5,50.599998474121094,51.400001525878906,6696
2019-07-11 00:00:00+00:00,48.15999984741211,51.20000076293945,54.45000076293945,51.0,51.04999923706055,10252
2019-07-12 00:00:00+00:00,48.583282470703125,51.650001525878906,52.29999923706055,50.75,51.25,2296
2019-07-15 00:00:00+00:00,47.78374481201172,50.79999923706055,52.04999923706055,50.0,51.099998474121094,5708
2019-07-16 00:00:00+00:00,48.01890182495117,51.04999923706055,53.0,50.150001525878906,52.95000076293945,7890
2019-07-17 00:00:00+00:00,47.73672103881836,50.75,51.95000076293945,50.5,51.04999923706055,7535
2019-07-18 00:00:00+00:00,48.01890182495117,51.04999923706055,52.0,49.70000076293945,50.75,8288
2019-07-19 00:00:00+00:00,46.32577896118164,49.25,53.0,48.45000076293945,53.0,7746
2019-07-22 00:00:00+00:00,45.00890350341797,47.849998474121094,49.0,47.150001525878906,48.25,2960
2019-07-23 00:00:00+00:00,44.8678092956543,47.70000076293945,48.5,47.099998474121094,47.29999923706055,5850
2019-07-24 00:00:00+00:00,44.0212516784668,46.79999923706055,50.0,45.79999923706055,48.150001525878906,6441
2019-07-25 00:00:00+00:00,42.70437240600586,45.400001525878906,47.04999923706055,45.099998474121094,46.95000076293945,7134
2019-07-26 00:00:00+00:00,43.36281204223633,46.099998474121094,46.95000076293945,45.0,45.0,2706
2019-07-29 00:00:00+00:00,43.22172164916992,45.95000076293945,47.79999923706055,45.0,46.45000076293945,6080
2019-07-30 00:00:00+00:00,40.91718673706055,43.5,46.20000076293945,41.04999923706055,46.150001525878906,11816
2019-07-31 00:00:00+00:00,38.51859664916992,40.95000076293945,43.0,39.900001525878906,43.0,15824
2019-08-01 00:00:00+00:00,37.38983917236328,39.75,41.04999923706055,39.0,41.0,6626
2019-08-02 00:00:00+00:00,36.59031677246094,38.900001525878906,39.75,36.900001525878906,39.75,6820
2019-08-05 00:00:00+00:00,34.473907470703125,36.650001525878906,38.650001525878906,36.5,38.650001525878906,7370
2019-08-06 00:00:00+00:00,36.07296371459961,38.349998474121094,38.599998474121094,35.5,35.54999923706055,11815
2019-08-07 00:00:00+00:00,43.26874923706055,46.0,46.0,38.04999923706055,39.70000076293945,24302
2019-08-08 00:00:00+00:00,43.92718505859375,46.70000076293945,54.0,45.29999923706055,50.0,210795
2019-08-09 00:00:00+00:00,45.19702911376953,48.04999923706055,51.0,45.54999923706055,45.54999923706055,59721
2019-08-13 00:00:00+00:00,44.30343246459961,47.099998474121094,50.0,46.900001525878906,47.099998474121094,15854
2019-08-14 00:00:00+00:00,41.43452835083008,44.04999923706055,46.29999923706055,43.29999923706055,46.04999923706055,13127
2019-08-16 00:00:00+00:00,37.57796859741211,39.95000076293945,43.5,39.0,43.5,28998
2019-08-19 00:00:00+00:00,37.24874496459961,39.599998474121094,41.650001525878906,38.54999923706055,39.79999923706055,8192
2019-08-20 00:00:00+00:00,35.88484573364258,38.150001525878906,40.5,38.0,40.45000076293945,6943
2019-08-21 00:00:00+00:00,33.768436431884766,35.900001525878906,38.5,35.0,38.0,14938
2019-08-22 00:00:00+00:00,32.4045295715332,34.45000076293945,35.900001525878906,33.04999923706055,34.25,18617
2019-08-23 00:00:00+00:00,32.68671417236328,34.75,35.0,33.20000076293945,34.0,9095
2019-08-26 00:00:00+00:00,34.19171905517578,36.349998474121094,37.349998474121094,35.04999923706055,36.099998474121094,10396
2019-08-27 00:00:00+00:00,35.64968490600586,37.900001525878906,39.5,37.0,37.04999923706055,14190
2019-08-28 00:00:00+00:00,36.68437194824219,39.0,42.0,37.900001525878906,38.0,22847
2019-08-29 00:00:00+00:00,35.64968490600586,37.900001525878906,39.900001525878906,37.099998474121094,39.04999923706055,6241
2019-08-30 00:00:00+00:00,35.7907829284668,38.04999923706055,39.04999923706055,36.5,37.150001525878906,5057
2019-09-03 00:00:00+00:00,36.543277740478516,38.849998474121094,39.75,36.849998474121094,38.04999923706055,8581
2019-09-04 00:00:00+00:00,36.40218734741211,38.70000076293945,39.75,37.849998474121094,39.54999923706055,3600
2019-09-05 00:00:00+00:00,36.44921875,38.75,39.349998474121094,38.20000076293945,38.349998474121094,4483
2019-09-06 00:00:00+00:00,36.40218734741211,38.70000076293945,40.20000076293945,38.099998474121094,38.75,7604
2019-09-09 00:00:00+00:00,37.672027587890625,40.04999923706055,40.150001525878906,37.70000076293945,38.75,7774
2019-09-11 00:00:00+00:00,42.28109359741211,44.95000076293945,46.79999923706055,39.599998474121094,40.04999923706055,58648
2019-09-12 00:00:00+00:00,43.1746826171875,45.900001525878906,50.599998474121094,45.0,45.0,55548
2019-09-13 00:00:00+00:00,43.3157844543457,46.04999923706055,47.70000076293945,44.29999923706055,44.349998474121094,12679
2019-09-16 00:00:00+00:00,42.5162467956543,45.20000076293945,47.0,44.5,46.900001525878906,24187
2019-09-17 00:00:00+00:00,41.121482849121094,42.75,45.20000076293945,42.25,45.20000076293945,7287
2019-09-18 00:00:00+00:00,40.977195739746094,42.599998474121094,44.400001525878906,41.20000076293945,44.349998474121094,9873
2019-09-19 00:00:00+00:00,39.438148498535156,41.0,43.400001525878906,40.349998474121094,42.099998474121094,3919
2019-09-20 00:00:00+00:00,39.293861389160156,40.849998474121094,43.400001525878906,39.599998474121094,40.54999923706055,38171
2019-09-23 00:00:00+00:00,39.77481460571289,41.349998474121094,43.5,40.70000076293945,42.849998474121094,35740
2019-09-24 00:00:00+00:00,39.438148498535156,41.0,42.79999923706055,40.79999923706055,41.29999923706055,7315
2019-09-25 00:00:00+00:00,38.47624206542969,40.0,43.0,39.0,43.0,10529
2019-09-26 00:00:00+00:00,39.293861389160156,40.849998474121094,41.5,39.25,40.04999923706055,8381
2019-09-27 00:00:00+00:00,37.89910125732422,39.400001525878906,41.79999923706055,39.20000076293945,41.79999923706055,4040
2019-09-30 00:00:00+00:00,37.27385711669922,38.75,40.29999923706055,38.25,39.45000076293945,3238
2019-10-01 00:00:00+00:00,36.792903900146484,38.25,38.849998474121094,38.0,38.400001525878906,4102
2019-10-03 00:00:00+00:00,36.889095306396484,38.349998474121094,38.75,37.20000076293945,38.150001525878906,3436
2019-10-04 00:00:00+00:00,36.263858795166016,37.70000076293945,38.75,37.70000076293945,38.70000076293945,3713
2019-10-07 00:00:00+00:00,36.84100341796875,38.29999923706055,38.599998474121094,37.0,37.0,4814
2019-10-09 00:00:00+00:00,36.11957550048828,37.54999923706055,38.349998474121094,36.54999923706055,38.349998474121094,4249
2019-10-10 00:00:00+00:00,36.360050201416016,37.79999923706055,38.099998474121094,36.70000076293945,37.5,2187
2019-10-11 00:00:00+00:00,36.07147216796875,37.5,39.70000076293945,37.0,37.5,3561
2019-10-14 00:00:00+00:00,36.11957550048828,37.54999923706055,38.95000076293945,37.150001525878906,37.20000076293945,3557
2019-10-15 00:00:00+00:00,36.21576690673828,37.650001525878906,38.75,36.29999923706055,37.45000076293945,2821
2019-10-16 00:00:00+00:00,36.263858795166016,37.70000076293945,38.25,36.150001525878906,38.25,5657
2019-10-17 00:00:00+00:00,36.504337310791016,37.95000076293945,38.400001525878906,37.54999923706055,37.650001525878906,5441
2019-10-18 00:00:00+00:00,35.927188873291016,37.349998474121094,37.79999923706055,36.599998474121094,37.04999923706055,16704
2019-10-22 00:00:00+00:00,36.11957550048828,37.54999923706055,40.0,36.75,36.79999923706055,12958
2019-10-23 00:00:00+00:00,36.40814208984375,37.849998474121094,40.04999923706055,36.849998474121094,39.04999923706055,4815
2019-10-24 00:00:00+00:00,36.40814208984375,37.849998474121094,38.5,37.54999923706055,38.349998474121094,2218
2019-10-25 00:00:00+00:00,35.87909698486328,37.29999923706055,38.5,37.25,37.349998474121094,4049
2019-10-27 00:00:00+00:00,36.45624542236328,37.900001525878906,38.849998474121094,37.5,38.400001525878906,311
2019-10-29 00:00:00+00:00,36.648616790771484,38.099998474121094,40.5,37.099998474121094,40.45000076293945,13337
2019-10-30 00:00:00+00:00,37.418148040771484,38.900001525878906,39.349998474121094,38.099998474121094,38.95000076293945,5874
2019-10-31 00:00:00+00:00,37.658626556396484,39.150001525878906,39.599998474121094,38.54999923706055,38.54999923706055,6538
2019-11-01 00:00:00+00:00,41.073387145996094,42.70000076293945,43.45000076293945,39.400001525878906,39.45000076293945,24780
2019-11-04 00:00:00+00:00,45.11339569091797,46.900001525878906,48.5,43.0,43.0,53371
2019-11-05 00:00:00+00:00,45.30577087402344,47.099998474121094,48.900001525878906,46.0,48.5,27574
2019-11-06 00:00:00+00:00,45.4981575012207,47.29999923706055,50.0,47.099998474121094,47.75,68854
2019-11-07 00:00:00+00:00,43.670536041259766,45.400001525878906,48.5,44.20000076293945,48.5,17300
2019-11-08 00:00:00+00:00,45.01720428466797,46.79999923706055,48.900001525878906,44.099998474121094,45.04999923706055,27912
2019-11-11 00:00:00+00:00,43.9110107421875,45.650001525878906,47.900001525878906,45.04999923706055,47.900001525878906,7468
2019-11-13 00:00:00+00:00,44.0552978515625,45.79999923706055,46.900001525878906,44.5,44.5,8024
2019-11-14 00:00:00+00:00,43.622440338134766,45.349998474121094,46.0,44.0,45.79999923706055,6392
2019-11-15 00:00:00+00:00,41.89101028442383,43.54999923706055,44.400001525878906,43.29999923706055,43.349998474121094,8736
2019-11-18 00:00:00+00:00,40.01529312133789,41.599998474121094,44.04999923706055,41.29999923706055,43.349998474121094,11567
2019-11-19 00:00:00+00:00,39.293861389160156,40.849998474121094,42.0,40.5,41.5,5364
2019-11-20 00:00:00+00:00,38.04338455200195,39.54999923706055,41.25,38.5,40.5,14251
2019-11-21 00:00:00+00:00,39.197669982910156,40.75,41.45000076293945,39.5,39.5,6412
2019-11-22 00:00:00+00:00,39.10148239135742,40.650001525878906,41.5,40.349998474121094,40.849998474121094,2711
2019-11-25 00:00:00+00:00,37.99528884887695,39.5,40.5,39.0,40.5,9482
2019-11-26 00:00:00+00:00,38.76481628417969,40.29999923706055,40.900001525878906,39.0,39.54999923706055,9066
2019-11-27 00:00:00+00:00,37.89910125732422,39.400001525878906,40.099998474121094,39.150001525878906,40.099998474121094,5533
2019-11-28 00:00:00+00:00,38.18767166137695,39.70000076293945,40.70000076293945,39.29999923706055,39.900001525878906,3136
2019-11-29 00:00:00+00:00,38.71671676635742,40.25,41.29999923706055,39.79999923706055,40.900001525878906,6251
2019-12-02 00:00:00+00:00,38.09147644042969,39.599998474121094,40.25,39.400001525878906,40.04999923706055,3093
2019-12-03 00:00:00+00:00,37.80290985107422,39.29999923706055,39.95000076293945,39.25,39.5,2548
2019-12-04 00:00:00+00:00,37.80290985107422,39.29999923706055,39.70000076293945,39.0,39.0,1970
2019-12-05 00:00:00+00:00,38.66862487792969,40.20000076293945,40.599998474121094,39.45000076293945,39.95000076293945,2500
2019-12-06 00:00:00+00:00,38.86100387573242,40.400001525878906,42.0,39.599998474121094,42.0,3955
2019-12-09 00:00:00+00:00,38.23576354980469,39.75,42.099998474121094,39.20000076293945,41.5,1738
2019-12-10 00:00:00+00:00,38.04338455200195,39.54999923706055,40.599998474121094,39.45000076293945,40.20000076293945,3431
2019-12-11 00:00:00+00:00,37.85100173950195,39.349998474121094,39.54999923706055,39.0,39.20000076293945,2409
2019-12-12 00:00:00+00:00,38.28386306762695,39.79999923706055,40.0,39.20000076293945,39.349998474121094,5682
2019-12-13 00:00:00+00:00,38.42815017700195,39.95000076293945,40.400001525878906,39.29999923706055,39.849998474121094,2960
2019-12-16 00:00:00+00:00,38.95719528198242,40.5,41.900001525878906,39.25,39.29999923706055,1784
2019-12-17 00:00:00+00:00,38.62052536010742,40.150001525878906,41.0,39.650001525878906,41.0,4150
2019-12-18 00:00:00+00:00,38.28386306762695,39.79999923706055,40.79999923706055,39.54999923706055,39.79999923706055,5619
2019-12-19 00:00:00+00:00,39.05338668823242,40.599998474121094,40.849998474121094,40.0,40.849998474121094,6472
2019-12-20 00:00:00+00:00,38.18767166137695,39.70000076293945,40.5,39.20000076293945,40.04999923706055,2064
2019-12-23 00:00:00+00:00,38.04338455200195,39.54999923706055,40.04999923706055,39.29999923706055,39.75,2985
2019-12-24 00:00:00+00:00,38.13957214355469,39.650001525878906,41.54999923706055,39.04999923706055,39.099998474121094,3479
2019-12-26 00:00:00+00:00,37.75481414794922,39.25,40.349998474121094,39.0,40.349998474121094,7845
2019-12-27 00:00:00+00:00,39.582435607910156,41.150001525878906,44.20000076293945,38.349998474121094,39.349998474121094,26868
2019-12-30 00:00:00+00:00,38.90909957885742,40.45000076293945,42.70000076293945,39.5,39.5,5177
2019-12-31 00:00:00+00:00,39.630531311035156,41.20000076293945,41.849998474121094,39.54999923706055,40.29999923706055,5919
2020-01-01 00:00:00+00:00,40.59244155883789,42.20000076293945,42.900001525878906,39.75,41.099998474121094,13307
2020-01-02 00:00:00+00:00,41.794822692871094,43.45000076293945,43.79999923706055,41.25,41.25,15022
2020-01-03 00:00:00+00:00,42.17958068847656,43.849998474121094,46.900001525878906,41.650001525878906,45.0,82016
2020-01-06 00:00:00+00:00,40.207672119140625,41.79999923706055,48.0,41.0,48.0,15894
2020-01-07 00:00:00+00:00,40.44814682006836,42.04999923706055,43.75,41.20000076293945,42.29999923706055,13041
2020-01-08 00:00:00+00:00,40.159576416015625,41.75,42.650001525878906,40.650001525878906,40.650001525878906,4438
2020-01-09 00:00:00+00:00,42.8048210144043,44.5,45.25,42.29999923706055,43.95000076293945,21982
2020-01-10 00:00:00+00:00,41.361961364746094,43.0,45.79999923706055,42.25,44.54999923706055,5450
2020-01-13 00:00:00+00:00,42.08338928222656,43.75,44.650001525878906,42.70000076293945,42.70000076293945,8191
2020-01-14 00:00:00+00:00,47.037208557128906,48.900001525878906,49.099998474121094,44.400001525878906,44.5,173269
2020-01-15 00:00:00+00:00,45.3538703918457,47.150001525878906,50.5,47.0,49.650001525878906,86804
2020-01-16 00:00:00+00:00,45.73863220214844,47.54999923706055,48.45000076293945,46.5,48.25,18430
2020-01-17 00:00:00+00:00,44.440059661865234,46.20000076293945,47.54999923706055,45.54999923706055,47.54999923706055,11653
2020-01-20 00:00:00+00:00,43.9110107421875,45.650001525878906,47.70000076293945,45.5,47.29999923706055,9586
2020-01-21 00:00:00+00:00,43.670536041259766,45.400001525878906,46.29999923706055,45.0,45.0,3555
2020-01-22 00:00:00+00:00,43.0452995300293,44.75,47.650001525878906,44.29999923706055,47.650001525878906,11246
2020-01-23 00:00:00+00:00,43.38196563720703,45.099998474121094,45.79999923706055,44.0,45.79999923706055,7973
2020-01-24 00:00:00+00:00,45.0652961730957,46.849998474121094,47.400001525878906,44.70000076293945,45.849998474121094,12196
2020-01-27 00:00:00+00:00,50.788639068603516,52.79999923706055,53.599998474121094,46.099998474121094,47.849998474121094,235911
2020-01-28 00:00:00+00:00,47.614349365234375,49.5,53.900001525878906,49.04999923706055,53.099998474121094,39253
2020-01-29 00:00:00+00:00,46.84482955932617,48.70000076293945,50.900001525878906,48.0,49.25,10285
2020-01-30 00:00:00+00:00,45.2576789855957,47.04999923706055,48.95000076293945,46.20000076293945,48.900001525878906,7315
2020-01-31 00:00:00+00:00,44.82482147216797,46.599998474121094,48.5,46.5,47.650001525878906,4580
2020-02-03 00:00:00+00:00,41.025291442871094,42.650001525878906,45.95000076293945,41.79999923706055,44.04999923706055,10078
2020-02-04 00:00:00+00:00,41.506248474121094,43.150001525878906,44.900001525878906,40.25,42.0,22098
2020-02-05 00:00:00+00:00,41.74671936035156,43.400001525878906,45.25,42.70000076293945,43.0,14158
2020-02-06 00:00:00+00:00,43.28577423095703,45.0,45.79999923706055,43.849998474121094,44.349998474121094,10011
2020-02-07 00:00:00+00:00,43.237674713134766,44.95000076293945,45.5,44.650001525878906,45.20000076293945,4585
2020-02-10 00:00:00+00:00,42.03529739379883,43.70000076293945,44.95000076293945,43.25,43.25,6996
2020-02-11 00:00:00+00:00,41.842918395996094,43.5,44.900001525878906,43.150001525878906,43.95000076293945,6976
2020-02-12 00:00:00+00:00,42.46815490722656,44.150001525878906,45.45000076293945,43.20000076293945,43.25,11805
2020-02-13 00:00:00+00:00,40.68862533569336,42.29999923706055,44.04999923706055,40.599998474121094,44.04999923706055,13718
2020-02-14 00:00:00+00:00,40.255767822265625,41.849998474121094,44.79999923706055,41.099998474121094,43.650001525878906,6371
2020-02-17 00:00:00+00:00,38.86100387573242,40.400001525878906,42.5,40.0,41.45000076293945,6074
2020-02-18 00:00:00+00:00,38.18767166137695,39.70000076293945,41.150001525878906,39.0,40.29999923706055,6952
2020-02-19 00:00:00+00:00,37.75481414794922,39.25,40.599998474121094,38.599998474121094,38.599998474121094,9497
2020-02-20 00:00:00+00:00,36.792903900146484,38.25,39.650001525878906,38.0,39.25,3763
2020-02-24 00:00:00+00:00,36.167667388916016,37.599998474121094,38.95000076293945,37.5,38.25,8159
2020-02-25 00:00:00+00:00,35.59052658081055,37.0,38.150001525878906,37.0,37.95000076293945,3944
2020-02-26 00:00:00+00:00,36.263858795166016,37.70000076293945,39.0,35.099998474121094,37.04999923706055,9964
2020-02-27 00:00:00+00:00,39.00529479980469,40.54999923706055,44.0,35.650001525878906,35.650001525878906,60894
2020-02-28 00:00:00+00:00,37.562435150146484,39.04999923706055,42.95000076293945,38.0,40.900001525878906,22115
2020-03-02 00:00:00+00:00,36.98529052734375,38.45000076293945,42.400001525878906,37.54999923706055,40.0,7099
2020-03-03 00:00:00+00:00,36.98529052734375,38.45000076293945,41.849998474121094,37.79999923706055,39.95000076293945,4945
2020-03-04 00:00:00+00:00,36.55242919921875,38.0,39.0,37.29999923706055,38.5,2600
2020-03-05 00:00:00+00:00,36.263858795166016,37.70000076293945,39.79999923706055,37.400001525878906,37.5,2221
2020-03-06 00:00:00+00:00,35.20576095581055,36.599998474121094,37.5,33.849998474121094,36.04999923706055,7974
2020-03-09 00:00:00+00:00,34.099571228027344,35.45000076293945,36.0,33.54999923706055,36.0,19888
2020-03-11 00:00:00+00:00,34.91719055175781,36.29999923706055,37.0,34.20000076293945,34.25,7829
2020-03-12 00:00:00+00:00,30.588613510131836,31.799999237060547,34.54999923706055,30.700000762939453,33.29999923706055,18239
2020-03-13 00:00:00+00:00,28.905275344848633,30.049999237060547,32.95000076293945,25.450000762939453,29.25,17015
2020-03-16 00:00:00+00:00,26.93337059020996,28.0,30.0,27.5,30.0,19154
2020-03-17 00:00:00+00:00,27.221940994262695,28.299999237060547,29.700000762939453,27.0,28.0,11445
2020-03-18 00:00:00+00:00,25.779083251953125,26.799999237060547,30.0,26.549999237060547,30.0,7983
2020-03-19 00:00:00+00:00,25.394319534301758,26.399999618530273,27.0,24.200000762939453,26.0,7681
2020-03-20 00:00:00+00:00,26.356225967407227,27.399999618530273,28.899999618530273,25.25,25.299999237060547,6688
2020-03-23 00:00:00+00:00,25.394319534301758,26.399999618530273,27.399999618530273,23.0,27.399999618530273,12494
2020-03-24 00:00:00+00:00,26.211938858032227,27.25,28.700000762939453,24.549999237060547,26.399999618530273,13041
2020-03-25 00:00:00+00:00,24.769079208374023,25.75,27.700000762939453,24.549999237060547,27.25,6163
2020-03-26 00:00:00+00:00,25.538604736328125,26.549999237060547,28.0,23.850000381469727,27.700000762939453,4716
2020-03-27 00:00:00+00:00,27.125751495361328,28.200000762939453,29.0,26.549999237060547,26.549999237060547,6563
2020-03-30 00:00:00+00:00,29.722898483276367,30.899999618530273,33.70000076293945,28.200000762939453,30.0,43941
2020-03-31 00:00:00+00:00,30.684803009033203,31.899999618530273,34.650001525878906,28.75,34.650001525878906,26848
2020-04-01 00:00:00+00:00,29.915281295776367,31.100000381469727,32.95000076293945,30.100000381469727,32.0,6032
2020-04-03 00:00:00+00:00,30.444324493408203,31.649999618530273,34.400001525878906,29.549999237060547,30.850000381469727,26402
2020-04-07 00:00:00+00:00,36.504337310791016,37.95000076293945,37.95000076293945,32.5,34.95000076293945,79367
2020-04-08 00:00:00+00:00,40.11148452758789,41.70000076293945,41.70000076293945,38.900001525878906,38.900001525878906,40933
2020-04-09 00:00:00+00:00,44.1033935546875,45.849998474121094,45.849998474121094,43.349998474121094,45.400001525878906,16335
2020-04-13 00:00:00+00:00,48.48006820678711,50.400001525878906,50.400001525878906,41.29999923706055,50.400001525878906,232651
2020-04-15 00:00:00+00:00,49.87482833862305,51.849998474121094,52.900001525878906,48.5,52.79999923706055,110018
2020-04-16 00:00:00+00:00,47.95101547241211,49.849998474121094,51.849998474121094,49.29999923706055,51.5,56395
2020-04-17 00:00:00+00:00,45.88291931152344,47.70000076293945,52.0,47.400001525878906,51.95000076293945,46263
2020-04-20 00:00:00+00:00,43.622440338134766,45.349998474121094,47.900001525878906,45.349998474121094,47.900001525878906,21401
2020-04-21 00:00:00+00:00,42.42005920410156,44.099998474121094,46.5,43.099998474121094,44.20000076293945,42247
2020-04-22 00:00:00+00:00,40.303863525390625,41.900001525878906,43.650001525878906,41.900001525878906,43.0,24129
2020-04-23 00:00:00+00:00,40.83291244506836,42.45000076293945,43.900001525878906,40.04999923706055,43.900001525878906,12975
2020-04-24 00:00:00+00:00,39.87100601196289,41.45000076293945,41.95000076293945,40.349998474121094,40.349998474121094,10000
2020-04-27 00:00:00+00:00,38.52433776855469,40.04999923706055,43.20000076293945,39.5,41.45000076293945,11863
2020-04-28 00:00:00+00:00,37.32195281982422,38.79999923706055,42.0,38.04999923706055,42.0,12172
2020-04-29 00:00:00+00:00,38.95719528198242,40.5,40.70000076293945,37.099998474121094,37.099998474121094,12252
2020-04-30 00:00:00+00:00,38.62052536010742,40.150001525878906,41.5,39.5,41.04999923706055,4757
2020-05-04 00:00:00+00:00,37.706722259521484,39.20000076293945,41.900001525878906,38.150001525878906,39.599998474121094,9617
2020-05-05 00:00:00+00:00,37.08148193359375,38.54999923706055,40.0,38.20000076293945,39.20000076293945,4342
2020-05-06 00:00:00+00:00,36.60052490234375,38.04999923706055,39.849998474121094,37.349998474121094,38.0,4049
2020-05-07 00:00:00+00:00,36.55242919921875,38.0,39.75,37.0,38.29999923706055,3966
2020-05-08 00:00:00+00:00,36.69671630859375,38.150001525878906,39.849998474121094,37.5,38.0,6578
2020-05-11 00:00:00+00:00,34.91719055175781,36.29999923706055,39.79999923706055,36.25,39.79999923706055,30645
2020-05-12 00:00:00+00:00,33.810997009277344,35.150001525878906,36.29999923706055,34.599998474121094,36.29999923706055,6565
2020-05-13 00:00:00+00:00,35.06147384643555,36.45000076293945,36.900001525878906,35.25,36.900001525878906,14063
2020-05-14 00:00:00+00:00,34.38814163208008,35.75,37.0,35.0,37.0,6187
2020-05-15 00:00:00+00:00,35.39814376831055,36.79999923706055,36.900001525878906,35.099998474121094,35.849998474121094,8019
2020-05-18 00:00:00+00:00,33.762901306152344,35.099998474121094,37.45000076293945,35.0,36.79999923706055,12512
2020-05-19 00:00:00+00:00,33.18575668334961,34.5,36.70000076293945,34.04999923706055,36.70000076293945,4502
2020-05-20 00:00:00+00:00,33.233848571777344,34.54999923706055,35.5,34.0,35.0,6762
2020-05-21 00:00:00+00:00,33.426239013671875,34.75,35.5,33.5,33.5,5481
2020-05-22 00:00:00+00:00,33.907188415527344,35.25,36.0,33.400001525878906,35.0,7689
2020-05-26 00:00:00+00:00,34.96528244018555,36.349998474121094,37.0,34.04999923706055,36.95000076293945,10923
2020-05-27 00:00:00+00:00,34.53242874145508,35.900001525878906,37.0,34.599998474121094,37.0,23221
2020-05-28 00:00:00+00:00,35.06147384643555,36.45000076293945,36.849998474121094,35.099998474121094,35.099998474121094,2130
2020-05-29 00:00:00+00:00,34.38814163208008,35.75,36.79999923706055,34.650001525878906,36.5,10776
2020-06-01 00:00:00+00:00,35.686710357666016,37.099998474121094,37.5,35.75,36.20000076293945,9660
2020-06-02 00:00:00+00:00,36.45624542236328,37.900001525878906,38.5,36.150001525878906,36.150001525878906,4685
2020-06-03 00:00:00+00:00,37.08148193359375,38.54999923706055,39.650001525878906,37.25,39.650001525878906,7747
2020-06-04 00:00:00+00:00,38.23576354980469,39.75,40.0,37.400001525878906,38.849998474121094,17412
2020-06-05 00:00:00+00:00,39.77481460571289,41.349998474121094,42.0,39.04999923706055,39.75,24132
2020-06-08 00:00:00+00:00,39.245765686035156,40.79999923706055,43.900001525878906,40.29999923706055,43.900001525878906,28098
2020-06-09 00:00:00+00:00,37.562435150146484,39.04999923706055,43.5,38.20000076293945,43.5,20645
2020-06-10 00:00:00+00:00,40.929100036621094,42.54999923706055,42.95000076293945,39.150001525878906,40.95000076293945,127361
2020-06-11 00:00:00+00:00,38.66862487792969,40.20000076293945,42.5,39.599998474121094,42.5,35483
2020-06-12 00:00:00+00:00,39.293861389160156,40.849998474121094,41.900001525878906,36.29999923706055,38.04999923706055,17272
2020-06-15 00:00:00+00:00,39.91910171508789,41.5,42.79999923706055,40.0,42.79999923706055,12596
2020-06-16 00:00:00+00:00,40.01529312133789,41.599998474121094,44.70000076293945,40.400001525878906,42.5,65053
2020-06-17 00:00:00+00:00,40.544342041015625,42.150001525878906,44.5,38.0,41.599998474121094,90814
2020-06-18 00:00:00+00:00,44.5843391418457,46.349998474121094,46.349998474121094,42.849998474121094,42.900001525878906,129762
2020-06-19 00:00:00+00:00,42.6124382019043,44.29999923706055,48.29999923706055,43.0,46.0,97949
2020-06-22 00:00:00+00:00,45.73863220214844,47.54999923706055,48.5,44.400001525878906,44.5,121238
2020-06-23 00:00:00+00:00,46.652442932128906,48.5,49.95000076293945,47.20000076293945,48.5,69532
2020-06-24 00:00:00+00:00,46.36387252807617,48.20000076293945,50.0,48.0,49.0,59179
2020-06-25 00:00:00+00:00,45.6905403137207,47.5,48.70000076293945,46.29999923706055,47.70000076293945,50593
2020-06-26 00:00:00+00:00,44.2476806640625,46.0,48.45000076293945,45.599998474121094,46.20000076293945,23172
2020-06-29 00:00:00+00:00,42.56434631347656,44.25,46.75,43.79999923706055,46.0,33378
2020-06-30 00:00:00+00:00,41.60243606567383,43.25,46.0,43.0,44.29999923706055,15586
2020-07-01 00:00:00+00:00,40.544342041015625,42.150001525878906,44.54999923706055,39.45000076293945,43.25,13198
2020-07-02 00:00:00+00:00,40.78481674194336,42.400001525878906,43.650001525878906,40.54999923706055,43.650001525878906,16686
2020-07-03 00:00:00+00:00,41.073387145996094,42.70000076293945,43.79999923706055,42.29999923706055,43.04999923706055,5668
2020-07-06 00:00:00+00:00,40.977195739746094,42.599998474121094,44.150001525878906,41.29999923706055,42.75,16987
2020-07-07 00:00:00+00:00,40.88100814819336,42.5,43.5,41.599998474121094,42.599998474121094,13875
2020-07-08 00:00:00+00:00,40.44814682006836,42.04999923706055,44.95000076293945,40.70000076293945,42.5,9933
2020-07-09 00:00:00+00:00,40.255767822265625,41.849998474121094,43.349998474121094,41.5,42.150001525878906,11105
2020-07-10 00:00:00+00:00,41.361961364746094,43.0,43.5,42.25,42.5,55280
2020-07-13 00:00:00+00:00,41.89101028442383,43.54999923706055,44.099998474121094,42.099998474121094,44.0,14900
2020-07-14 00:00:00+00:00,40.400054931640625,42.0,44.70000076293945,41.25,44.70000076293945,8261
2020-07-15 00:00:00+00:00,39.91910171508789,41.5,43.400001525878906,41.0,42.0,5806
2020-07-16 00:00:00+00:00,39.726722717285156,41.29999923706055,42.349998474121094,41.0,41.5,5828
2020-07-17 00:00:00+00:00,40.640533447265625,42.25,42.95000076293945,41.099998474121094,41.099998474121094,8310
2020-07-20 00:00:00+00:00,41.26577377319336,42.900001525878906,43.79999923706055,41.45000076293945,42.20000076293945,15321
2020-07-21 00:00:00+00:00,41.025291442871094,42.650001525878906,43.5,42.5,43.04999923706055,7703
2020-07-22 00:00:00+00:00,40.929100036621094,42.54999923706055,43.29999923706055,42.20000076293945,42.54999923706055,4577
2020-07-23 00:00:00+00:00,40.78481674194336,42.400001525878906,43.400001525878906,41.54999923706055,43.25,12602
2020-07-24 00:00:00+00:00,40.44814682006836,42.04999923706055,43.79999923706055,41.5,43.79999923706055,7559
2020-07-27 00:00:00+00:00,39.438148498535156,41.0,42.5,40.900001525878906,42.5,15864
2020-07-28 00:00:00+00:00,41.025291442871094,42.650001525878906,44.79999923706055,40.79999923706055,40.79999923706055,25811
2020-07-29 00:00:00+00:00,41.65052795410156,43.29999923706055,44.79999923706055,42.0,43.79999923706055,14243
2020-07-30 00:00:00+00:00,39.53433609008789,41.099998474121094,43.29999923706055,41.0,43.29999923706055,33813
2020-07-31 00:00:00+00:00,41.26577377319336,42.900001525878906,43.79999923706055,39.0,41.099998474121094,49542
2020-08-03 00:00:00+00:00,45.1614875793457,46.95000076293945,47.150001525878906,42.5,43.04999923706055,172988
2020-08-04 00:00:00+00:00,44.53624725341797,46.29999923706055,49.5,44.95000076293945,49.5,76116
2020-08-05 00:00:00+00:00,42.7567253112793,44.45000076293945,48.79999923706055,43.95000076293945,46.5,52405
2020-08-06 00:00:00+00:00,44.3919677734375,46.150001525878906,47.0,44.45000076293945,46.29999923706055,30292
2020-08-07 00:00:00+00:00,41.842918395996094,43.5,46.849998474121094,42.20000076293945,46.70000076293945,39708
2020-08-10 00:00:00+00:00,46.02720260620117,47.849998474121094,47.849998474121094,42.0,42.0,74215
2020-08-11 00:00:00+00:00,50.01911544799805,52.0,52.599998474121094,49.04999923706055,50.79999923706055,220234
2020-08-12 00:00:00+00:00,47.181495666503906,49.04999923706055,51.650001525878906,48.20000076293945,50.5,148527
2020-08-13 00:00:00+00:00,47.71053695678711,49.599998474121094,50.95000076293945,48.5,48.5,79133
2020-08-14 00:00:00+00:00,46.508155822753906,48.349998474121094,51.45000076293945,47.25,49.599998474121094,46090
2020-08-17 00:00:00+00:00,46.98910903930664,48.849998474121094,50.599998474121094,48.0,50.599998474121094,22046
2020-08-18 00:00:00+00:00,46.07530212402344,47.900001525878906,49.400001525878906,47.400001525878906,48.400001525878906,28859
2020-08-19 00:00:00+00:00,46.26768112182617,48.099998474121094,49.20000076293945,47.54999923706055,47.900001525878906,19148
2020-08-20 00:00:00+00:00,46.652442932128906,48.5,49.0,47.0,47.25,25663
2020-08-21 00:00:00+00:00,46.411964416503906,48.25,49.20000076293945,48.04999923706055,48.5,20331
2020-08-24 00:00:00+00:00,46.21958923339844,48.04999923706055,49.79999923706055,47.900001525878906,49.0,22713
2020-08-25 00:00:00+00:00,45.78672409057617,47.599998474121094,49.0,47.45000076293945,49.0,11372
2020-08-26 00:00:00+00:00,45.97911071777344,47.79999923706055,48.400001525878906,47.099998474121094,48.400001525878906,13719
2020-08-27 00:00:00+00:00,45.1614875793457,46.95000076293945,49.29999923706055,46.25,47.79999923706055,39932
2020-08-28 00:00:00+00:00,44.488155364990234,46.25,48.0,46.099998474121094,48.0,18563
2020-08-31 00:00:00+00:00,40.68862533569336,42.29999923706055,47.0,41.650001525878906,46.0,53924
2020-09-01 00:00:00+00:00,42.08338928222656,43.75,45.54999923706055,41.20000076293945,44.599998474121094,18487
2020-09-02 00:00:00+00:00,43.478153228759766,45.20000076293945,46.0,42.5,44.0,18251
2020-09-03 00:00:00+00:00,44.295772552490234,46.04999923706055,46.29999923706055,44.099998474121094,44.25,38781
2020-09-04 00:00:00+00:00,43.28577423095703,45.0,46.0,44.400001525878906,46.0,9878
2020-09-07 00:00:00+00:00,42.42005920410156,44.099998474121094,45.0,43.20000076293945,45.0,8931
2020-09-08 00:00:00+00:00,42.3719596862793,44.04999923706055,45.0,43.150001525878906,45.0,20802
2020-09-09 00:00:00+00:00,42.7086296081543,44.400001525878906,46.0,43.099998474121094,44.0,39826
2020-09-10 00:00:00+00:00,42.6124382019043,44.29999923706055,45.5,44.099998474121094,45.25,25313
2020-09-11 00:00:00+00:00,41.65052795410156,43.29999923706055,44.5,43.0,44.29999923706055,14956
2020-09-14 00:00:00+00:00,41.69862365722656,43.349998474121094,43.95000076293945,41.650001525878906,42.70000076293945,21941
2020-09-15 00:00:00+00:00,43.28577423095703,45.0,46.04999923706055,43.20000076293945,44.0,64659
2020-09-16 00:00:00+00:00,44.776729583740234,46.54999923706055,48.45000076293945,42.099998474121094,45.75,139172
2020-09-17 00:00:00+00:00,44.728633880615234,46.5,47.79999923706055,46.04999923706055,46.95000076293945,32556
2020-09-18 00:00:00+00:00,44.776729583740234,46.54999923706055,48.95000076293945,45.25,47.0,127151
2020-09-21 00:00:00+00:00,43.28577423095703,45.0,48.0,44.099998474121094,48.0,72355
2020-09-22 00:00:00+00:00,41.93910598754883,43.599998474121094,45.04999923706055,42.04999923706055,45.0,21394
2020-09-23 00:00:00+00:00,42.56434631347656,44.25,46.599998474121094,43.599998474121094,43.849998474121094,22342
2020-09-24 00:00:00+00:00,40.544342041015625,42.150001525878906,43.900001525878906,42.0,43.400001525878906,18814
2020-09-25 00:00:00+00:00,42.99720001220703,44.70000076293945,45.0,42.25,42.25,9162
2020-09-28 00:00:00+00:00,42.6605339050293,44.349998474121094,45.0,43.79999923706055,44.70000076293945,28165
2020-09-29 00:00:00+00:00,42.2757682800293,43.95000076293945,44.900001525878906,43.54999923706055,44.849998474121094,34024
2020-09-30 00:00:00+00:00,41.41005325317383,43.04999923706055,44.0,42.79999923706055,43.95000076293945,6987
2020-10-01 00:00:00+00:00,41.361961364746094,43.0,44.45000076293945,42.599998474121094,43.45000076293945,27006
2020-10-05 00:00:00+00:00,41.842918395996094,43.5,44.95000076293945,43.04999923706055,43.5,10124
2020-10-06 00:00:00+00:00,42.6124382019043,44.29999923706055,44.900001525878906,42.79999923706055,43.5,62000
2020-10-07 00:00:00+00:00,43.9110107421875,45.650001525878906,47.599998474121094,44.95000076293945,45.0,130260
2020-10-08 00:00:00+00:00,52.66436004638672,54.75,54.75,45.70000076293945,45.70000076293945,586896
2020-10-09 00:00:00+00:00,63.19722366333008,65.69999694824219,65.69999694824219,55.5,56.0,1071120
2020-10-12 00:00:00+00:00,69.49771118164062,72.25,72.25,68.05000305175781,69.0,782322
2020-10-13 00:00:00+00:00,62.57199478149414,65.05000305175781,72.19999694824219,65.05000305175781,72.19999694824219,150286
2020-10-14 00:00:00+00:00,57.47388458251953,59.75,63.20000076293945,58.54999923706055,61.04999923706055,636668
2020-10-15 00:00:00+00:00,63.19722366333008,65.69999694824219,65.69999694824219,60.0,60.75,233903
2020-10-16 00:00:00+00:00,68.24723052978516,70.94999694824219,72.25,63.04999923706055,68.0,918590
2020-10-19 00:00:00+00:00,65.74627685546875,68.3499984741211,73.5999984741211,67.1500015258789,71.80000305175781,213422
2020-10-20 00:00:00+00:00,62.57199478149414,65.05000305175781,68.0,64.44999694824219,68.0,168510
2020-10-21 00:00:00+00:00,64.25532531738281,66.80000305175781,68.9000015258789,65.5,66.44999694824219,115041
2020-10-22 00:00:00+00:00,61.513893127441406,63.95000076293945,67.0,63.5,67.0,33294
2020-10-23 00:00:00+00:00,60.5038948059082,62.900001525878906,64.94999694824219,62.04999923706055,63.95000076293945,29848
2020-10-26 00:00:00+00:00,58.67626953125,61.0,62.0,59.79999923706055,62.0,32121
2020-10-27 00:00:00+00:00,57.810550689697266,60.099998474121094,61.900001525878906,58.650001525878906,61.900001525878906,26139
2020-10-28 00:00:00+00:00,56.51197814941406,58.75,59.70000076293945,57.349998474121094,59.45000076293945,21491
2020-10-29 00:00:00+00:00,53.722450256347656,55.849998474121094,56.29999923706055,55.849998474121094,56.25,28956
2020-10-30 00:00:00+00:00,55.50197982788086,57.70000076293945,58.599998474121094,53.099998474121094,56.0,30494
2020-11-02 00:00:00+00:00,52.76054763793945,54.849998474121094,57.900001525878906,54.849998474121094,57.900001525878906,16699
2020-11-03 00:00:00+00:00,50.16339874267578,52.150001525878906,56.79999923706055,52.150001525878906,54.849998474121094,45266
2020-11-04 00:00:00+00:00,49.105308532714844,51.04999923706055,52.150001525878906,49.54999923706055,50.0,39722
2020-11-05 00:00:00+00:00,51.55816650390625,53.599998474121094,53.599998474121094,49.5,49.599998474121094,15728
2020-11-06 00:00:00+00:00,54.10721969604492,56.25,56.25,53.849998474121094,53.849998474121094,33742
2020-11-09 00:00:00+00:00,56.7524528503418,59.0,59.04999923706055,56.54999923706055,58.70000076293945,42713
2020-11-10 00:00:00+00:00,54.01102828979492,56.150001525878906,60.900001525878906,56.04999923706055,60.900001525878906,31038
2020-11-11 00:00:00+00:00,55.213409423828125,57.400001525878906,58.0,53.45000076293945,56.400001525878906,15742
2020-11-12 00:00:00+00:00,54.10721969604492,56.25,58.400001525878906,55.099998474121094,57.900001525878906,22561
2020-11-13 00:00:00+00:00,54.58816909790039,56.75,58.0,54.099998474121094,54.849998474121094,43847
2020-11-14 00:00:00+00:00,54.58816909790039,56.75,57.5,55.5,57.0,7450
2020-11-17 00:00:00+00:00,53.57816696166992,55.70000076293945,57.900001525878906,55.04999923706055,57.900001525878906,31767
2020-11-18 00:00:00+00:00,53.04911804199219,55.150001525878906,56.599998474121094,53.04999923706055,55.099998474121094,21977
2020-11-19 00:00:00+00:00,52.76054763793945,54.849998474121094,55.95000076293945,54.04999923706055,55.0,22598
2020-11-20 00:00:00+00:00,52.56816864013672,54.650001525878906,56.45000076293945,53.150001525878906,56.45000076293945,10674
2020-11-23 00:00:00+00:00,53.914833068847656,56.04999923706055,56.900001525878906,54.29999923706055,55.099998474121094,22077
2020-11-24 00:00:00+00:00,53.00102233886719,55.099998474121094,56.04999923706055,54.349998474121094,56.04999923706055,14315
2020-11-25 00:00:00+00:00,52.42387771606445,54.5,56.54999923706055,54.099998474121094,56.54999923706055,15011
2020-11-26 00:00:00+00:00,52.27959442138672,54.349998474121094,55.400001525878906,53.650001525878906,55.400001525878906,10042
2020-11-27 00:00:00+00:00,53.62626266479492,55.75,56.75,53.70000076293945,54.0,23824
2020-12-01 00:00:00+00:00,53.674354553222656,55.79999923706055,56.849998474121094,54.349998474121094,54.349998474121094,29083
2020-12-02 00:00:00+00:00,52.85673904418945,54.95000076293945,56.0,54.79999923706055,56.0,23194
2020-12-03 00:00:00+00:00,52.95292663574219,55.04999923706055,55.79999923706055,54.45000076293945,55.79999923706055,16647
2020-12-04 00:00:00+00:00,52.90483474731445,55.0,55.54999923706055,54.150001525878906,55.54999923706055,39716
2020-12-07 00:00:00+00:00,55.55007553100586,57.75,57.75,55.0,55.70000076293945,45610
2020-12-08 00:00:00+00:00,56.223411560058594,58.45000076293945,60.599998474121094,57.5,59.599998474121094,67955
2020-12-09 00:00:00+00:00,57.0891227722168,59.349998474121094,60.400001525878906,58.5,60.400001525878906,19348
2020-12-10 00:00:00+00:00,55.06912612915039,57.25,58.900001525878906,56.54999923706055,57.5,18465
2020-12-11 00:00:00+00:00,55.06912612915039,57.25,58.349998474121094,56.5,57.400001525878906,16034
2020-12-14 00:00:00+00:00,56.031028747558594,58.25,58.900001525878906,56.0,57.25,29243
2020-12-15 00:00:00+00:00,55.30959701538086,57.5,59.900001525878906,56.5,59.900001525878906,15047
2020-12-16 00:00:00+00:00,54.92483139038086,57.099998474121094,59.0,56.650001525878906,58.25,21733
2020-12-17 00:00:00+00:00,54.78055191040039,56.95000076293945,58.599998474121094,56.20000076293945,58.599998474121094,15411
2020-12-18 00:00:00+00:00,54.395790100097656,56.54999923706055,57.0,55.5,57.0,6525
2020-12-21 00:00:00+00:00,52.135311126708984,54.20000076293945,57.0,54.0,56.0,18331
2020-12-22 00:00:00+00:00,51.22149658203125,53.25,54.20000076293945,51.599998474121094,51.599998474121094,11908
2020-12-23 00:00:00+00:00,53.00102233886719,55.099998474121094,55.79999923706055,53.0,53.25,9160
2020-12-24 00:00:00+00:00,53.14530944824219,55.25,56.900001525878906,54.349998474121094,54.349998474121094,7121
2020-12-28 00:00:00+00:00,52.32769012451172,54.400001525878906,57.900001525878906,52.599998474121094,54.400001525878906,29232
2020-12-29 00:00:00+00:00,53.14530944824219,55.25,56.70000076293945,54.099998474121094,54.400001525878906,7159
2020-12-30 00:00:00+00:00,53.33769226074219,55.45000076293945,56.349998474121094,53.20000076293945,55.0,13357
2020-12-31 00:00:00+00:00,54.203407287597656,56.349998474121094,57.0,54.099998474121094,55.45000076293945,17136
2021-01-01 00:00:00+00:00,54.059120178222656,56.20000076293945,56.5,54.54999923706055,56.29999923706055,7671
2021-01-04 00:00:00+00:00,54.684356689453125,56.849998474121094,57.70000076293945,55.599998474121094,56.5,27541
2021-01-05 00:00:00+00:00,54.54007339477539,56.70000076293945,57.79999923706055,55.79999923706055,57.04999923706055,24540
2021-01-06 00:00:00+00:00,54.491981506347656,56.650001525878906,57.70000076293945,56.20000076293945,56.70000076293945,19606
2021-01-07 00:00:00+00:00,54.34769058227539,56.5,59.0,56.29999923706055,56.650001525878906,17724
2021-01-08 00:00:00+00:00,55.35769271850586,57.54999923706055,58.0,56.04999923706055,57.0,27863
2021-01-11 00:00:00+00:00,54.203407287597656,56.349998474121094,58.5,55.25,57.099998474121094,26007
2021-01-12 00:00:00+00:00,54.684356689453125,56.849998474121094,57.79999923706055,56.349998474121094,57.5,14847
2021-01-13 00:00:00+00:00,53.86674118041992,56.0,57.5,55.650001525878906,57.0,22531
2021-01-14 00:00:00+00:00,54.29959487915039,56.45000076293945,56.900001525878906,55.099998474121094,56.0,5769
2021-01-15 00:00:00+00:00,54.01102828979492,56.150001525878906,56.95000076293945,55.04999923706055,55.20000076293945,12184
2021-01-18 00:00:00+00:00,52.76054763793945,54.849998474121094,55.95000076293945,54.400001525878906,55.0,8668
2021-01-19 00:00:00+00:00,53.43387985229492,55.54999923706055,56.0,53.0,54.599998474121094,12640
2021-01-20 00:00:00+00:00,52.66436004638672,54.75,56.25,53.650001525878906,56.099998474121094,9800
2021-01-21 00:00:00+00:00,52.85673904418945,54.95000076293945,55.70000076293945,53.95000076293945,54.0,9592
2021-01-22 00:00:00+00:00,51.65435791015625,53.70000076293945,55.0,53.20000076293945,55.0,6454
2021-01-25 00:00:00+00:00,51.942928314208984,54.0,55.45000076293945,51.79999923706055,51.79999923706055,6685
2021-01-27 00:00:00+00:00,50.40388107299805,52.400001525878906,54.0,51.29999923706055,54.0,26241
2021-01-28 00:00:00+00:00,49.39387512207031,51.349998474121094,52.70000076293945,50.04999923706055,52.349998474121094,11793
2021-01-29 00:00:00+00:00,49.63434982299805,51.599998474121094,52.900001525878906,51.20000076293945,52.900001525878906,6880
2021-02-01 00:00:00+00:00,50.06721115112305,52.04999923706055,53.099998474121094,50.0,50.099998474121094,8454
2021-02-02 00:00:00+00:00,51.60626220703125,53.650001525878906,54.400001525878906,52.0,53.0,15217
2021-02-03 00:00:00+00:00,51.942928314208984,54.0,55.04999923706055,53.349998474121094,53.900001525878906,23368
2021-02-04 00:00:00+00:00,51.31768798828125,53.349998474121094,54.400001525878906,52.5,52.5,12516
2021-02-05 00:00:00+00:00,52.27959442138672,54.349998474121094,56.29999923706055,53.650001525878906,54.04999923706055,64509
2021-02-08 00:00:00+00:00,56.223411560058594,58.45000076293945,59.5,54.349998474121094,55.0,152809
2021-02-09 00:00:00+00:00,55.26150131225586,57.45000076293945,59.79999923706055,57.04999923706055,59.79999923706055,56124
2021-02-10 00:00:00+00:00,53.81864547729492,55.95000076293945,58.0,55.099998474121094,57.5,33329
2021-02-11 00:00:00+00:00,57.04103088378906,59.29999923706055,60.5,56.45000076293945,56.95000076293945,135546
2021-02-12 00:00:00+00:00,55.06912612915039,57.25,65.19999694824219,56.29999923706055,65.19999694824219,107873
2021-02-15 00:00:00+00:00,53.14530944824219,55.25,58.5,54.650001525878906,58.5,26056
2021-02-16 00:00:00+00:00,52.52006912231445,54.599998474121094,57.45000076293945,54.0,56.79999923706055,17958
2021-02-17 00:00:00+00:00,52.85673904418945,54.95000076293945,56.79999923706055,54.599998474121094,55.650001525878906,20016
2021-02-18 00:00:00+00:00,51.991024017333984,54.04999923706055,55.45000076293945,53.599998474121094,54.900001525878906,18979
2021-02-19 00:00:00+00:00,51.60626220703125,53.650001525878906,55.25,53.04999923706055,53.79999923706055,15210
2021-02-22 00:00:00+00:00,50.21149826049805,52.20000076293945,55.0,51.5,52.29999923706055,36966
2021-02-23 00:00:00+00:00,49.77864074707031,51.75,52.900001525878906,51.20000076293945,52.5,25562
2021-02-24 00:00:00+00:00,50.06721115112305,52.04999923706055,53.599998474121094,51.150001525878906,52.849998474121094,6286
2021-02-25 00:00:00+00:00,53.38578796386719,55.5,57.25,52.099998474121094,52.75,115238
2021-02-26 00:00:00+00:00,52.52006912231445,54.599998474121094,55.900001525878906,53.25,55.0,14920
2021-03-01 00:00:00+00:00,51.75054168701172,53.79999923706055,56.849998474121094,49.54999923706055,55.70000076293945,25462
2021-03-02 00:00:00+00:00,51.31768798828125,53.349998474121094,55.79999923706055,53.0,53.79999923706055,32471
2021-03-03 00:00:00+00:00,51.79863739013672,53.849998474121094,54.900001525878906,53.20000076293945,54.20000076293945,23053
2021-03-04 00:00:00+00:00,51.413883209228516,53.45000076293945,54.54999923706055,53.0,53.29999923706055,17565
2021-03-05 00:00:00+00:00,50.06721115112305,52.04999923706055,54.25,50.400001525878906,53.20000076293945,18753
2021-03-08 00:00:00+00:00,55.06912612915039,57.25,57.25,53.0,53.849998474121094,219621
2021-03-09 00:00:00+00:00,52.27959442138672,54.349998474121094,57.849998474121094,54.0,57.849998474121094,105888
2021-03-10 00:00:00+00:00,53.57816696166992,55.70000076293945,58.099998474121094,53.650001525878906,54.0,121080
2021-03-12 00:00:00+00:00,54.491981506347656,56.650001525878906,59.0,55.25,55.25,99265
2021-03-15 00:00:00+00:00,58.48388671875,60.79999923706055,62.0,55.349998474121094,56.650001525878906,163941
2021-03-16 00:00:00+00:00,58.580078125,60.900001525878906,64.30000305175781,60.150001525878906,63.29999923706055,225701
2021-03-17 00:00:00+00:00,54.732460021972656,56.900001525878906,63.150001525878906,55.849998474121094,63.150001525878906,58383
2021-03-18 00:00:00+00:00,51.89483642578125,53.95000076293945,58.95000076293945,53.20000076293945,56.5,53533
2021-03-19 00:00:00+00:00,52.27959442138672,54.349998474121094,54.599998474121094,51.599998474121094,53.54999923706055,42412
2021-03-22 00:00:00+00:00,54.34769058227539,56.5,59.0,54.0,54.0,96875
2021-03-23 00:00:00+00:00,55.88673782348633,58.099998474121094,60.70000076293945,56.20000076293945,57.79999923706055,144113
2021-03-24 00:00:00+00:00,54.059120178222656,56.20000076293945,58.900001525878906,55.5,58.150001525878906,74083
2021-03-25 00:00:00+00:00,52.18340301513672,54.25,57.349998474121094,52.5,57.349998474121094,42300
2021-03-26 00:00:00+00:00,51.75054168701172,53.79999923706055,55.79999923706055,52.599998474121094,55.599998474121094,20403
2021-03-30 00:00:00+00:00,51.942928314208984,54.0,55.20000076293945,53.150001525878906,53.150001525878906,11572
2021-03-31 00:00:00+00:00,51.65435791015625,53.70000076293945,54.900001525878906,53.349998474121094,54.900001525878906,13537
2021-04-01 00:00:00+00:00,53.14530944824219,55.25,55.79999923706055,53.95000076293945,53.95000076293945,14612
2021-04-05 00:00:00+00:00,51.942928314208984,54.0,55.70000076293945,53.0,55.70000076293945,19739
2021-04-06 00:00:00+00:00,52.80864334106445,54.900001525878906,55.70000076293945,53.849998474121094,55.25,28197
2021-04-07 00:00:00+00:00,54.58816909790039,56.75,58.0,54.95000076293945,55.0,67631
2021-04-08 00:00:00+00:00,59.301509857177734,61.650001525878906,62.75,58.099998474121094,59.0,345408
2021-04-09 00:00:00+00:00,63.05295181274414,65.55000305175781,68.44999694824219,62.79999923706055,62.79999923706055,334519
2021-04-12 00:00:00+00:00,60.21531677246094,62.599998474121094,67.5,61.04999923706055,67.5,165692
2021-04-13 00:00:00+00:00,60.74436950683594,63.150001525878906,65.0999984741211,62.04999923706055,63.04999923706055,74033
2021-04-15 00:00:00+00:00,60.26341247558594,62.650001525878906,64.80000305175781,60.75,63.150001525878906,35539
2021-04-16 00:00:00+00:00,60.1672248840332,62.54999923706055,64.25,62.150001525878906,63.5,48071
2021-04-19 00:00:00+00:00,58.051029205322266,60.349998474121094,63.5,59.25,63.5,40941
2021-04-20 00:00:00+00:00,69.16104888916016,71.9000015258789,72.4000015258789,60.75,61.900001525878906,762018
2021-04-22 00:00:00+00:00,82.96440124511719,86.25,86.25,75.0,75.4000015258789,905621
2021-04-23 00:00:00+00:00,99.55728149414062,103.5,103.5,91.55000305175781,93.0,2842705
2021-04-26 00:00:00+00:00,109.51300811767578,113.8499984741211,113.8499984741211,108.5,109.9000015258789,288401
2021-04-27 00:00:00+00:00,120.43063354492188,125.19999694824219,125.19999694824219,116.0,122.0,1225317
2021-04-28 00:00:00+00:00,113.40872192382812,117.9000015258789,137.6999969482422,112.69999694824219,130.0,3547961
2021-04-29 00:00:00+00:00,109.94586181640625,114.30000305175781,126.9000015258789,112.4000015258789,117.94999694824219,651181
2021-04-30 00:00:00+00:00,102.34680938720703,106.4000015258789,119.80000305175781,105.30000305175781,116.0,484978
2021-05-03 00:00:00+00:00,112.01396179199219,116.44999694824219,117.0,101.0,103.5,964257
2021-05-04 00:00:00+00:00,104.46299743652344,108.5999984741211,119.19999694824219,107.5,118.5,421242
2021-05-05 00:00:00+00:00,105.23252868652344,109.4000015258789,112.5,105.05000305175781,109.0,259644
2021-05-06 00:00:00+00:00,103.93395233154297,108.05000305175781,113.0,103.94999694824219,104.0,72241
2021-05-07 00:00:00+00:00,101.14442443847656,105.1500015258789,111.69999694824219,104.0,108.0,71800
2021-05-10 00:00:00+00:00,99.55728149414062,103.5,107.5,100.05000305175781,106.9000015258789,90512
2021-05-11 00:00:00+00:00,97.63346099853516,101.5,103.5999984741211,100.0,103.5999984741211,62685
2021-05-12 00:00:00+00:00,93.40107727050781,97.0999984741211,101.44999694824219,96.44999694824219,101.44999694824219,90360
2021-05-14 00:00:00+00:00,88.73583221435547,92.25,98.4000015258789,92.25,98.0,39142
2021-05-17 00:00:00+00:00,84.31106567382812,87.6500015258789,91.94999694824219,87.6500015258789,91.94999694824219,46936
2021-05-18 00:00:00+00:00,88.495361328125,92.0,92.0,83.30000305175781,85.5999984741211,100707
2021-05-19 00:00:00+00:00,92.92012023925781,96.5999984741211,96.5999984741211,88.0999984741211,91.69999694824219,57243
2021-05-20 00:00:00+00:00,95.46917724609375,99.25,101.4000015258789,97.5,99.0,77626
2021-05-21 00:00:00+00:00,92.72774505615234,96.4000015258789,101.25,95.05000305175781,100.0,36031
2021-05-24 00:00:00+00:00,90.6596450805664,94.25,97.0,92.0999984741211,97.0,37155
2021-05-25 00:00:00+00:00,95.18060302734375,98.94999694824219,98.94999694824219,98.94999694824219,98.94999694824219,40700
2021-05-26 00:00:00+00:00,99.8939437866211,103.8499984741211,103.8499984741211,103.8499984741211,103.8499984741211,51885
2021-05-27 00:00:00+00:00,104.8477554321289,109.0,109.0,106.0,108.0,198529
2021-05-28 00:00:00+00:00,104.60728454589844,108.75,114.0,108.0,113.80000305175781,213989
2021-05-31 00:00:00+00:00,99.65347290039062,103.5999984741211,109.69999694824219,103.3499984741211,104.25,63710
2021-06-01 00:00:00+00:00,96.04631805419922,99.8499984741211,103.0,98.94999694824219,102.94999694824219,45785
2021-06-02 00:00:00+00:00,99.36489868164062,103.30000305175781,104.80000305175781,95.0999984741211,95.0999984741211,78056
2021-06-03 00:00:00+00:00,98.78775024414062,102.69999694824219,106.0,100.25,103.8499984741211,36380
2021-06-04 00:00:00+00:00,97.24870300292969,101.0999984741211,103.0,101.0,103.0,28452
2021-06-07 00:00:00+00:00,96.38298034667969,100.19999694824219,103.0,99.0999984741211,101.5,51096
2021-06-08 00:00:00+00:00,95.85394287109375,99.6500015258789,101.94999694824219,98.0,101.94999694824219,32247
2021-06-09 00:00:00+00:00,94.02632141113281,97.75,101.0,95.19999694824219,101.0,43368
2021-06-10 00:00:00+00:00,93.93013000488281,97.6500015258789,99.25,96.0,96.0,42534
2021-06-11 00:00:00+00:00,94.79584503173828,98.55000305175781,99.5,97.0,97.6500015258789,32622
2021-06-14 00:00:00+00:00,94.74774169921875,98.5,100.0,96.0,99.80000305175781,48721
2021-06-15 00:00:00+00:00,95.03632354736328,98.80000305175781,100.0,97.69999694824219,100.0,39049
2021-06-16 00:00:00+00:00,94.55537414550781,98.30000305175781,100.0,97.0,99.94999694824219,50649
2021-06-17 00:00:00+00:00,95.18060302734375,98.94999694824219,99.8499984741211,94.4000015258789,94.4000015258789,38355
2021-06-18 00:00:00+00:00,93.40107727050781,97.0999984741211,99.8499984741211,94.4000015258789,99.0,44481
2021-06-21 00:00:00+00:00,95.46917724609375,99.25,100.0,95.0999984741211,96.0,38023
2021-06-22 00:00:00+00:00,95.51727294921875,99.30000305175781,100.0,97.0,97.0,26625
2021-06-23 00:00:00+00:00,93.88203430175781,97.5999984741211,100.0,97.0,100.0,14261
2021-06-24 00:00:00+00:00,95.18060302734375,98.94999694824219,99.5,98.0,99.44999694824219,29397
2021-06-25 00:00:00+00:00,94.69965362548828,98.44999694824219,99.5,97.0,97.0,14718
2021-06-28 00:00:00+00:00,93.93013000488281,97.6500015258789,99.5,97.0,98.44999694824219,12190
2021-06-29 00:00:00+00:00,94.17060089111328,97.9000015258789,99.3499984741211,97.0999984741211,99.3499984741211,19234
2021-06-30 00:00:00+00:00,98.83585357666016,102.75,102.75,101.1500015258789,102.75,91764
2021-07-01 00:00:00+00:00,97.20060729980469,101.05000305175781,106.4000015258789,100.5,106.4000015258789,38756
2021-07-02 00:00:00+00:00,95.99822998046875,99.80000305175781,102.0,99.0999984741211,99.0999984741211,14656
2021-07-05 00:00:00+00:00,93.40107727050781,97.0999984741211,100.0,95.0999984741211,97.44999694824219,29528
2021-07-06 00:00:00+00:00,93.35298919677734,97.05000305175781,99.44999694824219,96.80000305175781,97.0999984741211,28643
2021-07-07 00:00:00+00:00,94.79584503173828,98.55000305175781,99.0,94.6500015258789,94.6500015258789,19624
2021-07-08 00:00:00+00:00,93.25679016113281,96.94999694824219,99.9000015258789,96.5,97.9000015258789,19734
2021-07-09 00:00:00+00:00,94.45917510986328,98.19999694824219,98.75,97.0,97.75,17971
2021-07-12 00:00:00+00:00,94.07441711425781,97.80000305175781,99.80000305175781,97.30000305175781,99.80000305175781,15573
2021-07-13 00:00:00+00:00,93.49726104736328,97.19999694824219,98.9000015258789,97.0,97.80000305175781,20309
2021-07-14 00:00:00+00:00,93.54536437988281,97.25,98.30000305175781,96.0,97.19999694824219,17733
2021-07-15 00:00:00+00:00,93.35298919677734,97.05000305175781,98.0,96.55000305175781,97.25,10196
2021-07-16 00:00:00+00:00,97.97013092041016,101.8499984741211,101.9000015258789,97.0,97.9000015258789,67236
2021-07-19 00:00:00+00:00,97.53727722167969,101.4000015258789,104.4000015258789,100.0,102.0,53277
2021-07-20 00:00:00+00:00,95.18060302734375,98.94999694824219,102.3499984741211,97.0,100.55000305175781,56185
2021-07-22 00:00:00+00:00,93.44918060302734,97.1500015258789,100.5,94.30000305175781,99.0,40638
2021-07-23 00:00:00+00:00,93.78584289550781,97.5,100.25,96.5,100.25,27334
2021-07-26 00:00:00+00:00,93.20870208740234,96.9000015258789,98.0999984741211,96.5,97.5,20262
2021-07-27 00:00:00+00:00,93.11251068115234,96.80000305175781,98.9000015258789,96.0,97.05000305175781,24390
2021-07-28 00:00:00+00:00,90.8520278930664,94.44999694824219,98.5,92.55000305175781,98.5,34065
2021-07-29 00:00:00+00:00,91.18870544433594,94.80000305175781,96.44999694824219,93.1500015258789,93.1500015258789,11537
2021-07-30 00:00:00+00:00,91.42916870117188,95.05000305175781,96.3499984741211,94.0,95.9000015258789,15146
2021-08-02 00:00:00+00:00,95.99822998046875,99.80000305175781,99.80000305175781,95.30000305175781,96.3499984741211,54423
2021-08-03 00:00:00+00:00,100.75965881347656,104.75,104.75,100.5999984741211,103.75,179228
2021-08-04 00:00:00+00:00,97.53727722167969,101.4000015258789,109.94999694824219,99.55000305175781,109.5,361351
2021-08-05 00:00:00+00:00,97.20060729980469,101.05000305175781,106.44999694824219,96.3499984741211,103.3499984741211,279867
2021-08-06 00:00:00+00:00,93.73774719238281,97.44999694824219,103.80000305175781,94.8499984741211,101.44999694824219,136928
2021-08-09 00:00:00+00:00,94.65155792236328,98.4000015258789,100.4000015258789,97.44999694824219,98.0,35521
2021-08-10 00:00:00+00:00,90.37107849121094,93.94999694824219,99.69999694824219,91.0,98.0999984741211,60801
2021-08-11 00:00:00+00:00,92.10250854492188,95.75,98.5,87.6500015258789,92.0,120059
2021-08-12 00:00:00+00:00,96.43108367919922,100.25,102.80000305175781,95.05000305175781,98.69999694824219,110451
2021-08-13 00:00:00+00:00,99.46109771728516,103.4000015258789,104.80000305175781,98.3499984741211,100.94999694824219,119872
2021-08-16 00:00:00+00:00,97.20060729980469,101.05000305175781,105.6500015258789,99.0,104.9000015258789,113539
2021-08-17 00:00:00+00:00,93.16059875488281,96.8499984741211,101.80000305175781,96.55000305175781,101.0,30387
2021-08-18 00:00:00+00:00,92.58345794677734,96.25,99.19999694824219,94.80000305175781,99.19999694824219,24940
2021-08-20 00:00:00+00:00,91.66964721679688,95.30000305175781,98.94999694824219,94.05000305175781,96.25,34327
2021-08-23 00:00:00+00:00,87.96630859375,91.44999694824219,96.5999984741211,90.0,95.30000305175781,35230
2021-08-24 00:00:00+00:00,89.40916442871094,92.94999694824219,93.9000015258789,91.0,91.69999694824219,19376
2021-08-25 00:00:00+00:00,89.69773864746094,93.25,94.9000015258789,92.55000305175781,93.94999694824219,14914
2021-08-26 00:00:00+00:00,88.68773651123047,92.19999694824219,94.9000015258789,91.30000305175781,94.9000015258789,17134
2021-08-27 00:00:00+00:00,89.74584197998047,93.30000305175781,94.0,91.75,92.94999694824219,325403
2021-08-30 00:00:00+00:00,98.64347076416016,102.55000305175781,102.5999984741211,97.94999694824219,97.94999694824219,441765
2021-08-31 00:00:00+00:00,94.55537414550781,98.30000305175781,102.0,96.1500015258789,101.4000015258789,254932
2021-09-01 00:00:00+00:00,93.30488586425781,97.0,99.75,96.5,98.30000305175781,47267
2021-09-02 00:00:00+00:00,95.85394287109375,99.6500015258789,103.8499984741211,97.80000305175781,99.0,88594
2021-09-03 00:00:00+00:00,94.26678466796875,98.0,101.4000015258789,97.5,100.6500015258789,38356
2021-09-06 00:00:00+00:00,94.60346221923828,98.3499984741211,100.55000305175781,97.0999984741211,98.25,41272
2021-09-07 00:00:00+00:00,93.40107727050781,97.0999984741211,99.80000305175781,96.94999694824219,98.9000015258789,29716
2021-09-08 00:00:00+00:00,91.52537536621094,95.1500015258789,98.80000305175781,94.5,98.80000305175781,57747
2021-09-09 00:00:00+00:00,96.19060516357422,100.0,104.6500015258789,94.69999694824219,96.0,155719
2021-09-13 00:00:00+00:00,93.83393859863281,97.55000305175781,100.25,96.5,100.0,59925
2021-09-14 00:00:00+00:00,94.45917510986328,98.19999694824219,99.55000305175781,96.1500015258789,99.55000305175781,28173
2021-09-15 00:00:00+00:00,102.1544189453125,106.19999694824219,108.0,101.9000015258789,102.0,613555
2021-09-16 00:00:00+00:00,99.43549346923828,102.4000015258789,106.4000015258789,101.75,105.0,101990
2021-09-17 00:00:00+00:00,101.3775863647461,104.4000015258789,107.6500015258789,100.3499984741211,102.4000015258789,205099
2021-09-20 00:00:00+00:00,99.62969970703125,102.5999984741211,104.4000015258789,101.19999694824219,103.69999694824219,50658
2021-09-21 00:00:00+00:00,103.36823272705078,106.44999694824219,112.0,101.69999694824219,102.5999984741211,778994
2021-09-22 00:00:00+00:00,104.97046661376953,108.0999984741211,110.44999694824219,105.19999694824219,107.0999984741211,252817
2021-09-23 00:00:00+00:00,103.85375213623047,106.94999694824219,111.80000305175781,106.05000305175781,110.0,84255
2021-09-24 00:00:00+00:00,101.28047943115234,104.30000305175781,107.55000305175781,103.0,107.55000305175781,95296
2021-09-27 00:00:00+00:00,99.82390594482422,102.80000305175781,106.3499984741211,101.5,105.1500015258789,44128
2021-09-28 00:00:00+00:00,101.0377197265625,104.05000305175781,107.0,102.0,104.80000305175781,84580
2021-09-29 00:00:00+00:00,100.16377258300781,103.1500015258789,104.5999984741211,102.4000015258789,103.9000015258789,37229
2021-09-30 00:00:00+00:00,99.96955871582031,102.94999694824219,104.9000015258789,102.5999984741211,104.8499984741211,30742
2021-10-01 00:00:00+00:00,99.67825317382812,102.6500015258789,104.44999694824219,101.94999694824219,102.94999694824219,37342
2021-10-04 00:00:00+00:00,100.01811218261719,103.0,104.5999984741211,102.5,104.0,46270
2021-10-05 00:00:00+00:00,99.96955871582031,102.94999694824219,104.5,102.0,104.0,55218
2021-10-06 00:00:00+00:00,98.65864562988281,101.5999984741211,105.0,101.05000305175781,104.44999694824219,40209
2021-10-07 00:00:00+00:00,105.26179504394531,108.4000015258789,111.8499984741211,102.0,102.0,470238
2021-10-08 00:00:00+00:00,105.65020751953125,108.80000305175781,114.4000015258789,108.5,112.5,217129
2021-10-11 00:00:00+00:00,104.72770690917969,107.8499984741211,110.4000015258789,106.8499984741211,109.0,62823
2021-10-12 00:00:00+00:00,102.34864044189453,105.4000015258789,108.4000015258789,102.8499984741211,107.8499984741211,121467
2021-10-13 00:00:00+00:00,102.49430084228516,105.55000305175781,110.75,103.5,104.0,107544
2021-10-14 00:00:00+00:00,101.13482666015625,104.1500015258789,106.94999694824219,103.94999694824219,106.94999694824219,51234
2021-10-18 00:00:00+00:00,100.6978530883789,103.69999694824219,106.69999694824219,103.0,103.55000305175781,48827
2021-10-19 00:00:00+00:00,98.56153869628906,101.5,105.4000015258789,101.0,105.4000015258789,72763
2021-10-20 00:00:00+00:00,95.93971252441406,98.80000305175781,101.5,95.30000305175781,101.5,107838
2021-10-21 00:00:00+00:00,96.13391876220703,99.0,101.94999694824219,97.3499984741211,101.94999694824219,25596
2021-10-22 00:00:00+00:00,95.40563201904297,98.25,101.5,97.0999984741211,101.5,24557
2021-10-25 00:00:00+00:00,93.3664321899414,96.1500015258789,99.75,93.05000305175781,98.25,31801
2021-10-26 00:00:00+00:00,93.02655792236328,95.80000305175781,98.9000015258789,95.5,97.3499984741211,34049
2021-10-27 00:00:00+00:00,95.11431121826172,97.94999694824219,102.0,95.5,95.5,55082
2021-10-28 00:00:00+00:00,93.31787872314453,96.0999984741211,100.3499984741211,96.0,98.94999694824219,25072
2021-10-29 00:00:00+00:00,93.31787872314453,96.0999984741211,97.8499984741211,94.0,97.8499984741211,20558
2021-11-01 00:00:00+00:00,93.3664321899414,96.1500015258789,97.8499984741211,95.0,96.0999984741211,12236
2021-11-02 00:00:00+00:00,94.33748626708984,97.1500015258789,97.80000305175781,96.19999694824219,97.80000305175781,11982
2021-11-03 00:00:00+00:00,94.38602447509766,97.19999694824219,98.44999694824219,96.3499984741211,98.05000305175781,10698
2021-11-04 00:00:00+00:00,94.48313903808594,97.30000305175781,100.9000015258789,96.0,100.8499984741211,5882
2021-11-08 00:00:00+00:00,96.1824722290039,99.05000305175781,103.0,96.5,96.5,51560
2021-11-09 00:00:00+00:00,95.5512924194336,98.4000015258789,100.9000015258789,98.0,99.0,22411
2021-11-10 00:00:00+00:00,96.716552734375,99.5999984741211,100.69999694824219,98.05000305175781,100.0,20618
2021-11-11 00:00:00+00:00,95.74549865722656,98.5999984741211,100.0,98.0,100.0,15403
2021-11-12 00:00:00+00:00,93.94905853271484,96.75,99.75,95.0,99.75,45013
2021-11-15 00:00:00+00:00,92.929443359375,95.69999694824219,98.44999694824219,95.5999984741211,97.5,24213
2021-11-16 00:00:00+00:00,92.68669128417969,95.44999694824219,97.25,95.0,95.75,18618
2021-11-17 00:00:00+00:00,92.0069580078125,94.75,96.94999694824219,94.5999984741211,94.6500015258789,17106
2021-11-18 00:00:00+00:00,90.64749145507812,93.3499984741211,96.44999694824219,91.0999984741211,95.94999694824219,42879
2021-11-22 00:00:00+00:00,90.35617065429688,93.05000305175781,95.0,90.80000305175781,93.5,44735
2021-11-23 00:00:00+00:00,90.1619644165039,92.8499984741211,94.75,91.30000305175781,92.0,161513
2021-11-24 00:00:00+00:00,103.17403411865234,106.25,109.4000015258789,94.80000305175781,94.80000305175781,574660
2021-11-25 00:00:00+00:00,99.33838653564453,102.30000305175781,107.4000015258789,101.19999694824219,106.6500015258789,141838
2021-11-26 00:00:00+00:00,97.34773254394531,100.25,108.0,97.0999984741211,99.94999694824219,282241
2021-11-29 00:00:00+00:00,97.10496520996094,100.0,104.9000015258789,98.25,102.0,117512
2021-11-30 00:00:00+00:00,95.1628646850586,98.0,103.3499984741211,97.5999984741211,100.80000305175781,63270
2021-12-01 00:00:00+00:00,94.58024597167969,97.4000015258789,100.0,96.25,98.5999984741211,35832
2021-12-02 00:00:00+00:00,95.59984588623047,98.44999694824219,100.5,96.25,98.30000305175781,44968
2021-12-03 00:00:00+00:00,95.21141815185547,98.05000305175781,100.0,97.1500015258789,99.4000015258789,28135
2021-12-06 00:00:00+00:00,97.39627838134766,100.30000305175781,103.80000305175781,97.44999694824219,98.05000305175781,106976
2021-12-07 00:00:00+00:00,98.3673324584961,101.30000305175781,103.0,99.5,100.19999694824219,34010
2021-12-08 00:00:00+00:00,96.4737777709961,99.3499984741211,102.5999984741211,99.0,102.55000305175781,54789
2021-12-09 00:00:00+00:00,98.65864562988281,101.5999984741211,103.30000305175781,99.0,100.19999694824219,61511
2021-12-10 00:00:00+00:00,98.07601928710938,101.0,102.44999694824219,100.0,102.19999694824219,28840
2021-12-13 00:00:00+00:00,98.27022552490234,101.19999694824219,103.9000015258789,100.05000305175781,101.0,45917
2021-12-14 00:00:00+00:00,99.43549346923828,102.4000015258789,104.0999984741211,99.25,100.94999694824219,54795
2021-12-15 00:00:00+00:00,98.46443939208984,101.4000015258789,103.3499984741211,101.05000305175781,101.5,21402
2021-12-16 00:00:00+00:00,96.9107666015625,99.80000305175781,102.75,99.30000305175781,101.5,28818
2021-12-17 00:00:00+00:00,95.06576538085938,97.9000015258789,100.75,97.3499984741211,99.69999694824219,26128
2021-12-20 00:00:00+00:00,92.78379821777344,95.55000305175781,97.8499984741211,93.6500015258789,97.4000015258789,31508
2021-12-21 00:00:00+00:00,93.99761199951172,96.80000305175781,98.94999694824219,96.30000305175781,98.9000015258789,15664
2021-12-22 00:00:00+00:00,96.76510620117188,99.6500015258789,102.25,99.05000305175781,100.0,40634
2021-12-23 00:00:00+00:00,98.0274658203125,100.94999694824219,102.4000015258789,98.0,100.0,35551
2021-12-24 00:00:00+00:00,97.54193878173828,100.44999694824219,102.5999984741211,100.0,101.94999694824219,21127
2021-12-27 00:00:00+00:00,97.88180541992188,100.80000305175781,102.75,99.55000305175781,101.75,30307
2021-12-28 00:00:00+00:00,97.78469848632812,100.69999694824219,102.5,99.55000305175781,101.0,30176
2021-12-29 00:00:00+00:00,97.63904571533203,100.55000305175781,101.9000015258789,99.6500015258789,100.1500015258789,34221
2021-12-30 00:00:00+00:00,99.24127960205078,102.19999694824219,103.94999694824219,99.6500015258789,101.5999984741211,68045
2021-12-31 00:00:00+00:00,102.78561401367188,105.8499984741211,108.69999694824219,101.0999984741211,103.9000015258789,180163
2022-01-03 00:00:00+00:00,123.32330322265625,127.0,127.0,105.8499984741211,106.5,1194304
2022-01-04 00:00:00+00:00,114.92372131347656,118.3499984741211,137.0,115.5999984741211,137.0,1036117
2022-01-05 00:00:00+00:00,111.71926879882812,115.05000305175781,125.4000015258789,113.6500015258789,119.44999694824219,329356
2022-01-06 00:00:00+00:00,116.283203125,119.75,127.1500015258789,114.3499984741211,115.0,603979
2022-01-07 00:00:00+00:00,116.47740936279297,119.94999694824219,123.0,119.0,120.75,163310
2022-01-10 00:00:00+00:00,120.02174377441406,123.5999984741211,127.19999694824219,121.6500015258789,125.0,230725
2022-01-11 00:00:00+00:00,115.06938934326172,118.5,124.4000015258789,116.55000305175781,124.4000015258789,149196
2022-01-12 00:00:00+00:00,113.2243881225586,116.5999984741211,120.30000305175781,114.80000305175781,119.80000305175781,101533
2022-01-13 00:00:00+00:00,118.17674255371094,121.69999694824219,125.0,116.8499984741211,119.5,251212
2022-01-14 00:00:00+00:00,122.4493637084961,126.0999984741211,129.5,122.5999984741211,122.9000015258789,418385
2022-01-17 00:00:00+00:00,132.111328125,136.0500030517578,148.0,125.0,126.0,1579050
2022-01-18 00:00:00+00:00,125.26541137695312,129.0,138.9499969482422,127.0,137.10000610351562,309995
2022-01-19 00:00:00+00:00,126.4306640625,130.1999969482422,133.64999389648438,128.25,129.5,145107
2022-01-20 00:00:00+00:00,134.73313903808594,138.75,148.85000610351562,128.64999389648438,131.10000610351562,1047091
2022-01-21 00:00:00+00:00,132.49972534179688,136.4499969482422,144.3000030517578,133.8000030517578,138.89999389648438,277241
2022-01-24 00:00:00+00:00,119.34201049804688,122.9000015258789,137.85000610351562,120.3499984741211,137.85000610351562,220176
2022-01-25 00:00:00+00:00,123.56607818603516,127.25,130.0,115.25,122.94999694824219,181541
2022-01-27 00:00:00+00:00,123.9544906616211,127.6500015258789,129.0,122.0,123.0999984741211,129414
2022-01-28 00:00:00+00:00,125.84803771972656,129.60000610351562,133.0,127.1500015258789,130.0,165525
2022-01-31 00:00:00+00:00,121.08989715576172,124.69999694824219,131.64999389648438,123.0999984741211,130.89999389648438,76609
2022-02-01 00:00:00+00:00,123.22620391845703,126.9000015258789,128.6999969482422,122.8499984741211,127.0,46416
2022-02-02 00:00:00+00:00,128.76119995117188,132.60000610351562,139.0,127.05000305175781,127.05000305175781,266689
2022-02-03 00:00:00+00:00,128.76119995117188,132.60000610351562,134.89999389648438,131.0,132.9499969482422,90399
2022-02-04 00:00:00+00:00,124.29435729980469,128.0,132.6999969482422,127.5,132.60000610351562,55250
2022-02-07 00:00:00+00:00,122.54647064208984,126.19999694824219,128.39999389648438,123.0,128.39999389648438,57391
2022-02-08 00:00:00+00:00,121.23554992675781,124.8499984741211,133.5,124.0,126.8499984741211,104083
2022-02-09 00:00:00+00:00,120.21595001220703,123.80000305175781,128.1999969482422,123.0,125.05000305175781,32600
2022-02-10 00:00:00+00:00,119.00214385986328,122.55000305175781,127.44999694824219,120.0999984741211,127.44999694824219,78844
2022-02-11 00:00:00+00:00,113.85557556152344,117.25,122.0,112.55000305175781,122.0,86637
2022-02-14 00:00:00+00:00,105.06757354736328,108.19999694824219,118.9000015258789,107.0,116.55000305175781,82164
2022-02-15 00:00:00+00:00,107.64086151123047,110.8499984741211,113.0,108.80000305175781,111.5,43540
2022-02-16 00:00:00+00:00,109.43730163574219,112.69999694824219,116.3499984741211,111.5,112.69999694824219,44145
2022-02-17 00:00:00+00:00,109.24309539794922,112.5,116.3499984741211,111.6500015258789,113.25,13914
2022-02-18 00:00:00+00:00,107.25243377685547,110.44999694824219,114.5999984741211,109.5999984741211,111.0,37122
2022-02-21 00:00:00+00:00,101.28047943115234,104.30000305175781,112.6500015258789,103.0,110.44999694824219,30555
2022-02-22 00:00:00+00:00,97.63904571533203,100.55000305175781,103.0,98.4000015258789,103.0,39661
2022-02-23 00:00:00+00:00,116.18609619140625,119.6500015258789,120.6500015258789,102.05000305175781,102.80000305175781,392590
2022-02-24 00:00:00+00:00,100.8920669555664,103.9000015258789,114.0,100.0999984741211,110.80000305175781,314256
2022-02-25 00:00:00+00:00,105.35889434814453,108.5,113.0,105.94999694824219,110.0,113871
2022-02-28 00:00:00+00:00,109.82571411132812,113.0999984741211,117.80000305175781,105.30000305175781,108.5,137765
2022-03-02 00:00:00+00:00,108.66045379638672,111.9000015258789,117.0,110.8499984741211,113.0999984741211,66397
2022-03-03 00:00:00+00:00,107.54374694824219,110.75,115.25,109.80000305175781,113.19999694824219,40962
2022-03-04 00:00:00+00:00,106.18428039550781,109.3499984741211,113.69999694824219,108.0,109.3499984741211,30625
2022-03-07 00:00:00+00:00,103.0769271850586,106.1500015258789,108.80000305175781,105.44999694824219,105.5999984741211,21970
2022-03-08 00:00:00+00:00,105.74730682373047,108.9000015258789,109.94999694824219,105.4000015258789,107.75,43341
2022-03-09 00:00:00+00:00,110.0684814453125,113.3499984741211,116.0,110.0,110.05000305175781,72549
2022-03-10 00:00:00+00:00,109.34019470214844,112.5999984741211,116.5,110.75,116.05000305175781,37293
2022-03-11 00:00:00+00:00,109.43730163574219,112.69999694824219,114.9000015258789,112.0,112.0,29952
2022-03-14 00:00:00+00:00,108.95177459716797,112.19999694824219,114.80000305175781,110.30000305175781,114.80000305175781,18792
2022-03-15 00:00:00+00:00,108.46624755859375,111.69999694824219,114.5,108.25,113.30000305175781,49719
2022-03-16 00:00:00+00:00,106.28137969970703,109.44999694824219,114.5999984741211,108.75,114.5999984741211,65551
2022-03-17 00:00:00+00:00,109.14598846435547,112.4000015258789,113.0,110.3499984741211,111.0,41788
2022-03-21 00:00:00+00:00,116.18609619140625,119.6500015258789,122.0,112.1500015258789,113.3499984741211,227252
2022-03-22 00:00:00+00:00,116.52596282958984,120.0,121.5,116.55000305175781,119.94999694824219,82689
2022-03-23 00:00:00+00:00,113.6128158569336,117.0,120.9000015258789,116.0,120.0,37083
2022-03-24 00:00:00+00:00,111.76781463623047,115.0999984741211,118.0999984741211,112.9000015258789,117.0,51297
2022-03-25 00:00:00+00:00,110.31124114990234,113.5999984741211,116.0,112.0,116.0,35615
2022-03-28 00:00:00+00:00,109.77716827392578,113.05000305175781,120.0,110.1500015258789,114.8499984741211,46222
2022-03-29 00:00:00+00:00,107.54374694824219,110.75,114.5,109.5,111.0,37473
2022-03-30 00:00:00+00:00,105.06757354736328,108.19999694824219,115.30000305175781,107.0,113.0,86312
2022-03-31 00:00:00+00:00,104.7762680053711,107.9000015258789,111.0,107.0,109.44999694824219,41008
2022-04-01 00:00:00+00:00,106.7183609008789,109.9000015258789,112.8499984741211,106.30000305175781,106.30000305175781,49305
2022-04-04 00:00:00+00:00,107.93217468261719,111.1500015258789,114.05000305175781,110.05000305175781,110.75,49026
2022-04-05 00:00:00+00:00,110.79676818847656,114.0999984741211,115.5,111.0,112.5,68016
2022-04-06 00:00:00+00:00,112.49610137939453,115.8499984741211,119.0,113.80000305175781,114.94999694824219,61174
2022-04-07 00:00:00+00:00,109.58295440673828,112.8499984741211,118.75,111.0999984741211,115.05000305175781,49866
2022-04-08 00:00:00+00:00,114.92372131347656,118.3499984741211,121.5,114.05000305175781,114.4000015258789,167349
2022-04-11 00:00:00+00:00,113.2243881225586,116.5999984741211,120.05000305175781,116.0,119.0999984741211,44212
2022-04-12 00:00:00+00:00,109.0974349975586,112.3499984741211,116.3499984741211,111.0999984741211,116.3499984741211,45620
2022-04-13 00:00:00+00:00,111.2337417602539,114.55000305175781,119.80000305175781,112.69999694824219,113.94999694824219,58841
2022-04-18 00:00:00+00:00,110.55400848388672,113.8499984741211,116.44999694824219,112.05000305175781,112.05000305175781,23452
2022-04-19 00:00:00+00:00,109.58295440673828,112.8499984741211,116.9000015258789,112.25,116.9000015258789,31081
2022-04-20 00:00:00+00:00,108.95177459716797,112.19999694824219,114.8499984741211,111.5,113.0999984741211,30132
2022-04-21 00:00:00+00:00,111.5736083984375,114.9000015258789,115.5,112.5,113.9000015258789,34729
2022-04-22 00:00:00+00:00,111.86492156982422,115.19999694824219,120.9000015258789,113.5999984741211,114.9000015258789,131515
2022-04-25 00:00:00+00:00,124.5856704711914,128.3000030517578,134.39999389648438,115.19999694824219,115.19999694824219,1337932
2022-04-26 00:00:00+00:00,118.51661682128906,122.05000305175781,130.1999969482422,120.5,129.4499969482422,290851
2022-04-27 00:00:00+00:00,118.61372375488281,122.1500015258789,124.69999694824219,117.0,121.4000015258789,169586
2022-04-28 00:00:00+00:00,113.70991516113281,117.0999984741211,124.0,115.69999694824219,122.9000015258789,80385
2022-04-29 00:00:00+00:00,110.4083480834961,113.69999694824219,119.0999984741211,112.80000305175781,117.9000015258789,57220
2022-05-02 00:00:00+00:00,107.73796081542969,110.94999694824219,115.69999694824219,109.30000305175781,112.0,57603
2022-05-04 00:00:00+00:00,105.5531005859375,108.69999694824219,113.94999694824219,107.0,113.25,71462
2022-05-05 00:00:00+00:00,105.40745544433594,108.55000305175781,111.5999984741211,105.9000015258789,108.69999694824219,56044
2022-05-06 00:00:00+00:00,102.15442657470703,105.19999694824219,108.55000305175781,104.5999984741211,107.0,37489
2022-05-09 00:00:00+00:00,102.05731964111328,105.0999984741211,108.30000305175781,103.8499984741211,105.69999694824219,27951
2022-05-10 00:00:00+00:00,99.5325927734375,102.5,107.55000305175781,100.8499984741211,105.0,27263
2022-05-11 00:00:00+00:00,96.37667846679688,99.25,104.80000305175781,97.75,103.44999694824219,40220
2022-05-12 00:00:00+00:00,95.89115905761719,98.75,100.5,97.05000305175781,99.0,22846
2022-05-13 00:00:00+00:00,98.3673324584961,101.30000305175781,104.1500015258789,100.05000305175781,103.4000015258789,15361
2022-05-16 00:00:00+00:00,98.46443939208984,101.4000015258789,103.44999694824219,99.55000305175781,101.19999694824219,14770
2022-05-17 00:00:00+00:00,100.26087951660156,103.25,104.9000015258789,102.0,102.3499984741211,17827
2022-05-18 00:00:00+00:00,101.7660140991211,104.80000305175781,106.4000015258789,103.69999694824219,103.9000015258789,23535
2022-05-19 00:00:00+00:00,98.31878662109375,101.25,103.5,100.3499984741211,103.5,15465
2022-05-20 00:00:00+00:00,101.0377197265625,104.05000305175781,105.0,102.0,102.0,17774
2022-05-23 00:00:00+00:00,98.70719909667969,101.6500015258789,104.9000015258789,101.0,104.9000015258789,20732
2022-05-24 00:00:00+00:00,97.20207214355469,100.0999984741211,103.19999694824219,99.0,102.6500015258789,11305
2022-05-25 00:00:00+00:00,92.49248504638672,95.25,101.05000305175781,93.8499984741211,101.05000305175781,43527
2022-05-26 00:00:00+00:00,97.6875991821289,100.5999984741211,101.9000015258789,93.0999984741211,94.19999694824219,28384
2022-05-27 00:00:00+00:00,96.57088470458984,99.44999694824219,104.0,97.5,101.55000305175781,17313
2022-05-30 00:00:00+00:00,97.15352630615234,100.05000305175781,104.0,97.55000305175781,100.0,44636
2022-05-31 00:00:00+00:00,96.4737777709961,99.3499984741211,102.6500015258789,98.19999694824219,99.9000015258789,38285
2022-06-01 00:00:00+00:00,98.70719909667969,101.6500015258789,105.94999694824219,99.80000305175781,100.1500015258789,60791
2022-06-02 00:00:00+00:00,99.24127960205078,102.19999694824219,103.8499984741211,100.9000015258789,101.8499984741211,12432
2022-06-03 00:00:00+00:00,97.833251953125,100.75,103.94999694824219,100.0999984741211,103.1500015258789,14659
2022-06-06 00:00:00+00:00,96.76510620117188,99.6500015258789,101.75,98.80000305175781,101.75,12781
2022-06-07 00:00:00+00:00,96.95931243896484,99.8499984741211,100.55000305175781,97.80000305175781,99.0,12108
2022-06-08 00:00:00+00:00,96.08536529541016,98.94999694824219,100.69999694824219,98.5,100.05000305175781,8946
2022-06-09 00:00:00+00:00,95.64839172363281,98.5,100.5,98.0,99.0,9589
2022-06-10 00:00:00+00:00,95.50273895263672,98.3499984741211,99.44999694824219,97.0999984741211,97.0999984741211,9689
2022-06-13 00:00:00+00:00,92.78379821777344,95.55000305175781,97.75,95.0,97.75,11252
2022-06-14 00:00:00+00:00,93.3664321899414,96.1500015258789,96.69999694824219,94.5,94.5,4225
2022-06-15 00:00:00+00:00,92.9780044555664,95.75,96.55000305175781,95.0,95.5,2737
2022-06-16 00:00:00+00:00,93.3664321899414,96.1500015258789,98.1500015258789,95.0,97.44999694824219,20826
2022-06-17 00:00:00+00:00,91.18156433105469,93.9000015258789,95.94999694824219,93.1500015258789,95.05000305175781,7662
2022-06-20 00:00:00+00:00,86.03500366210938,88.5999984741211,95.0,87.19999694824219,93.30000305175781,14985
2022-06-21 00:00:00+00:00,88.02565002441406,90.6500015258789,91.94999694824219,85.25,85.25,9573
2022-06-22 00:00:00+00:00,87.83143615722656,90.44999694824219,92.8499984741211,88.80000305175781,89.0,6857
2022-06-23 00:00:00+00:00,87.6372299194336,90.25,91.05000305175781,89.05000305175781,91.0,6799
2022-06-24 00:00:00+00:00,88.12275695800781,90.75,91.75,89.44999694824219,90.9000015258789,7252
2022-06-27 00:00:00+00:00,94.92010498046875,97.75,101.9000015258789,91.30000305175781,91.6500015258789,49359
2022-06-28 00:00:00+00:00,95.84259796142578,98.69999694824219,99.5999984741211,96.05000305175781,97.80000305175781,10223
2022-06-29 00:00:00+00:00,94.09471130371094,96.9000015258789,97.9000015258789,95.25,97.80000305175781,13585
2022-06-30 00:00:00+00:00,93.56063079833984,96.3499984741211,97.8499984741211,95.5,97.8499984741211,3548
2022-07-01 00:00:00+00:00,92.5410385131836,95.30000305175781,98.25,94.5999984741211,98.25,5755
2022-07-04 00:00:00+00:00,91.90985870361328,94.6500015258789,96.0,94.0999984741211,95.30000305175781,4906
2022-07-05 00:00:00+00:00,92.0069580078125,94.75,97.0999984741211,94.0999984741211,94.5999984741211,7077
2022-07-06 00:00:00+00:00,90.01629638671875,92.69999694824219,97.25,91.3499984741211,94.69999694824219,25960
2022-07-07 00:00:00+00:00,90.8416976928711,93.55000305175781,94.94999694824219,92.69999694824219,93.0,11789
2022-07-08 00:00:00+00:00,90.89025115966797,93.5999984741211,95.30000305175781,93.0,94.44999694824219,8315
2022-07-11 00:00:00+00:00,90.35617065429688,93.05000305175781,94.3499984741211,91.5,92.5,10789
2022-07-12 00:00:00+00:00,89.77354431152344,92.44999694824219,93.0,91.19999694824219,92.05000305175781,17275
2022-07-13 00:00:00+00:00,88.60828399658203,91.25,92.8499984741211,91.0,92.8499984741211,28232
2022-07-14 00:00:00+00:00,96.716552734375,99.5999984741211,104.44999694824219,90.6500015258789,92.0999984741211,343189
2022-07-15 00:00:00+00:00,97.833251953125,100.75,104.80000305175781,99.5,100.55000305175781,155371
2022-07-18 00:00:00+00:00,96.328125,99.19999694824219,101.80000305175781,97.44999694824219,101.80000305175781,27972
2022-07-19 00:00:00+00:00,95.21141815185547,98.05000305175781,99.3499984741211,97.80000305175781,99.19999694824219,25469
2022-07-20 00:00:00+00:00,95.93971252441406,98.80000305175781,104.9000015258789,98.0,98.0,37979
2022-07-21 00:00:00+00:00,96.08536529541016,98.94999694824219,100.94999694824219,98.30000305175781,99.5,21011
2022-07-22 00:00:00+00:00,95.59984588623047,98.44999694824219,99.8499984741211,98.0,98.55000305175781,12324
2022-07-25 00:00:00+00:00,95.1628646850586,98.0,99.5,97.0,99.3499984741211,10523
2022-07-26 00:00:00+00:00,93.41497802734375,96.19999694824219,98.94999694824219,91.19999694824219,98.94999694824219,21287
2022-07-27 00:00:00+00:00,96.61943817138672,99.5,102.94999694824219,95.1500015258789,96.9000015258789,64475
2022-07-28 00:00:00+00:00,95.79405212402344,98.6500015258789,100.5999984741211,98.25,100.44999694824219,13590
2022-07-29 00:00:00+00:00,95.69695281982422,98.55000305175781,99.6500015258789,98.25,99.55000305175781,11122
2022-08-01 00:00:00+00:00,97.44483184814453,100.3499984741211,101.5,98.55000305175781,99.0,24430
2022-08-02 00:00:00+00:00,97.34773254394531,100.25,101.0,99.0999984741211,101.0,8887
2022-08-03 00:00:00+00:00,96.716552734375,99.5999984741211,102.0,98.5,101.25,14681
2022-08-04 00:00:00+00:00,95.59984588623047,98.44999694824219,101.1500015258789,97.5,101.0,19081
2022-08-05 00:00:00+00:00,96.27957153320312,99.1500015258789,100.0,98.0999984741211,98.44999694824219,10608
2022-08-08 00:00:00+00:00,95.01720428466797,97.8499984741211,101.0,96.1500015258789,100.05000305175781,34874
2022-08-10 00:00:00+00:00,95.30852508544922,98.1500015258789,99.94999694824219,98.0,98.5,12735
2022-08-11 00:00:00+00:00,96.4737777709961,99.3499984741211,100.0,99.05000305175781,99.05000305175781,9544
2022-08-12 00:00:00+00:00,94.24037170410156,97.05000305175781,98.25,95.25,98.19999694824219,23063
2022-08-16 00:00:00+00:00,93.70629119873047,96.5,97.94999694824219,94.5999984741211,97.94999694824219,31017
2022-08-17 00:00:00+00:00,94.33748626708984,97.1500015258789,98.80000305175781,95.3499984741211,96.19999694824219,25672
2022-08-18 00:00:00+00:00,94.43458557128906,97.25,98.3499984741211,96.1500015258789,96.1500015258789,9790
2022-08-19 00:00:00+00:00,93.75484466552734,96.55000305175781,98.0,95.8499984741211,96.25,28165
2022-08-22 00:00:00+00:00,92.929443359375,95.69999694824219,96.55000305175781,95.5,95.75,11982
2022-08-23 00:00:00+00:00,93.70629119873047,96.5,97.19999694824219,94.9000015258789,95.0,12031
2022-08-24 00:00:00+00:00,93.26932525634766,96.05000305175781,99.30000305175781,95.5,96.5,24500
2022-08-25 00:00:00+00:00,92.9780044555664,95.75,97.5,95.0999984741211,96.05000305175781,23441
2022-08-26 00:00:00+00:00,92.88090515136719,95.6500015258789,97.25,95.5,97.25,11912
2022-08-29 00:00:00+00:00,91.52143096923828,94.25,96.0,93.69999694824219,95.3499984741211,21958
2022-08-30 00:00:00+00:00,92.10405731201172,94.8499984741211,96.9000015258789,93.6500015258789,95.1500015258789,31488
2022-09-01 00:00:00+00:00,92.29827117919922,95.05000305175781,95.9000015258789,94.0,95.5,16505
2022-09-02 00:00:00+00:00,91.42433166503906,94.1500015258789,95.55000305175781,93.6500015258789,94.5,21966
2022-09-05 00:00:00+00:00,92.78379821777344,95.55000305175781,96.94999694824219,94.05000305175781,95.69999694824219,20485
2022-09-06 00:00:00+00:00,95.9882583618164,98.8499984741211,101.0,95.4000015258789,96.0,76021
2022-09-07 00:00:00+00:00,95.93971252441406,98.80000305175781,100.80000305175781,97.5,99.44999694824219,26782
2022-09-08 00:00:00+00:00,94.28892517089844,97.0999984741211,99.75,95.6500015258789,98.75,33801
2022-09-09 00:00:00+00:00,96.23102569580078,99.0999984741211,99.9000015258789,97.3499984741211,97.3499984741211,34071
2022-09-12 00:00:00+00:00,97.6875991821289,100.5999984741211,102.55000305175781,99.0999984741211,100.05000305175781,27774
2022-09-13 00:00:00+00:00,99.55111694335938,101.5,103.05000305175781,99.5,100.69999694824219,66024
2022-09-14 00:00:00+00:00,97.05007934570312,98.94999694824219,100.55000305175781,98.05000305175781,99.5,27326
2022-09-15 00:00:00+00:00,96.363525390625,98.25,100.0,96.0,98.94999694824219,56456
2022-09-16 00:00:00+00:00,94.79425048828125,96.6500015258789,98.9000015258789,96.0,98.4000015258789,16878
2022-09-19 00:00:00+00:00,93.66632843017578,95.5,97.5,95.19999694824219,97.5,16937
2022-09-20 00:00:00+00:00,94.74520111083984,96.5999984741211,97.5,95.4000015258789,95.4000015258789,19527
2022-09-21 00:00:00+00:00,92.2441635131836,94.05000305175781,98.1500015258789,93.05000305175781,96.5999984741211,38278
2022-09-22 00:00:00+00:00,92.73456573486328,94.55000305175781,95.69999694824219,93.0,93.0,9636
2022-09-23 00:00:00+00:00,91.55760955810547,93.3499984741211,95.80000305175781,92.8499984741211,95.44999694824219,16901
2022-09-26 00:00:00+00:00,88.86040496826172,90.5999984741211,93.75,90.0,93.4000015258789,18562
2022-09-27 00:00:00+00:00,91.11624908447266,92.9000015258789,94.75,90.19999694824219,91.44999694824219,36790
2022-09-28 00:00:00+00:00,89.69408416748047,91.44999694824219,93.5,91.0,92.0,10692
2022-09-29 00:00:00+00:00,90.72393035888672,92.5,97.0,92.0,93.8499984741211,31634
2022-09-30 00:00:00+00:00,92.0970458984375,93.9000015258789,96.0,92.5999984741211,92.5999984741211,13854
2022-10-03 00:00:00+00:00,92.48937225341797,94.30000305175781,96.5,94.0,94.0,16173
2022-10-04 00:00:00+00:00,92.29320526123047,94.0999984741211,95.75,93.3499984741211,95.0999984741211,11275
2022-10-06 00:00:00+00:00,92.63648223876953,94.44999694824219,95.94999694824219,93.4000015258789,93.4000015258789,6956
2022-10-07 00:00:00+00:00,92.63648223876953,94.44999694824219,95.9000015258789,94.0,95.44999694824219,8459
2022-10-10 00:00:00+00:00,92.83264923095703,94.6500015258789,95.25,93.4000015258789,94.0,10486
2022-10-11 00:00:00+00:00,91.55760955810547,93.3499984741211,95.4000015258789,92.6500015258789,93.5,8655
2022-10-12 00:00:00+00:00,91.3614501953125,93.1500015258789,94.9000015258789,92.55000305175781,94.9000015258789,5819
2022-10-13 00:00:00+00:00,91.2143325805664,93.0,94.05000305175781,92.25,94.05000305175781,5053
2022-10-14 00:00:00+00:00,94.40192413330078,96.25,98.05000305175781,93.0,93.0,42308
2022-10-17 00:00:00+00:00,93.81344604492188,95.6500015258789,100.69999694824219,95.0999984741211,99.0,89910
2022-10-18 00:00:00+00:00,93.22496795654297,95.05000305175781,96.5,95.0,96.5,11446
2022-10-19 00:00:00+00:00,93.764404296875,95.5999984741211,96.25,94.05000305175781,95.05000305175781,18317
2022-10-20 00:00:00+00:00,92.44032287597656,94.25,95.69999694824219,94.0,94.0,6663
2022-10-21 00:00:00+00:00,90.72393035888672,92.5,95.1500015258789,92.05000305175781,95.05000305175781,29100
2022-10-24 00:00:00+00:00,90.67488098144531,92.44999694824219,93.05000305175781,91.25,91.25,2744
2022-10-25 00:00:00+00:00,91.26336669921875,93.05000305175781,93.94999694824219,91.5999984741211,91.5999984741211,8004
2022-10-27 00:00:00+00:00,91.01817321777344,92.80000305175781,93.5,92.0,93.05000305175781,7823
2022-10-28 00:00:00+00:00,89.69408416748047,91.44999694824219,94.1500015258789,91.0,92.80000305175781,20106
2022-10-31 00:00:00+00:00,90.13544464111328,91.9000015258789,93.75,90.8499984741211,91.0999984741211,6877
2022-11-01 00:00:00+00:00,90.08641052246094,91.8499984741211,93.0,91.1500015258789,91.1500015258789,10373
2022-11-02 00:00:00+00:00,89.69408416748047,91.44999694824219,92.69999694824219,91.0999984741211,91.69999694824219,8311
2022-11-03 00:00:00+00:00,91.90087890625,93.69999694824219,94.5,90.80000305175781,90.80000305175781,20418
2022-11-04 00:00:00+00:00,92.2441635131836,94.05000305175781,94.55000305175781,93.0999984741211,94.55000305175781,16353
2022-11-07 00:00:00+00:00,91.2143325805664,93.0,95.55000305175781,92.5,94.0,11018
2022-11-09 00:00:00+00:00,89.30176544189453,91.05000305175781,93.8499984741211,90.94999694824219,93.8499984741211,45238
2022-11-10 00:00:00+00:00,88.27192687988281,90.0,92.0,89.4000015258789,91.0,27932
2022-11-11 00:00:00+00:00,89.39984893798828,91.1500015258789,92.0,90.0,90.19999694824219,15166
2022-11-14 00:00:00+00:00,89.10560607910156,90.8499984741211,91.75,90.4000015258789,91.4000015258789,7561
2022-11-15 00:00:00+00:00,87.87960815429688,89.5999984741211,90.5999984741211,88.05000305175781,88.05000305175781,17836
2022-11-16 00:00:00+00:00,88.1738510131836,89.9000015258789,91.5,89.19999694824219,90.44999694824219,9468
2022-11-17 00:00:00+00:00,88.46808624267578,90.19999694824219,90.6500015258789,89.05000305175781,89.05000305175781,5044
2022-11-18 00:00:00+00:00,87.63440704345703,89.3499984741211,90.55000305175781,89.0999984741211,90.55000305175781,6352
2022-11-21 00:00:00+00:00,86.359375,88.05000305175781,89.9000015258789,87.30000305175781,89.9000015258789,12609
2022-11-22 00:00:00+00:00,84.79008483886719,86.44999694824219,88.8499984741211,85.94999694824219,88.8499984741211,15264
2022-11-23 00:00:00+00:00,85.72185516357422,87.4000015258789,88.69999694824219,86.19999694824219,86.44999694824219,8695
2022-11-24 00:00:00+00:00,86.0160903930664,87.69999694824219,88.55000305175781,86.55000305175781,86.55000305175781,6533
2022-11-25 00:00:00+00:00,86.99688720703125,88.69999694824219,89.3499984741211,86.6500015258789,87.1500015258789,8283
2022-11-28 00:00:00+00:00,86.26128387451172,87.94999694824219,90.0,87.0,88.69999694824219,14027
2022-11-29 00:00:00+00:00,85.86898040771484,87.55000305175781,89.69999694824219,87.0,88.0,34269
2022-11-30 00:00:00+00:00,86.06512451171875,87.75,88.75,87.0999984741211,88.0,10694
2022-12-01 00:00:00+00:00,85.52568817138672,87.19999694824219,88.5,87.05000305175781,87.75,19022
2022-12-02 00:00:00+00:00,85.03529357910156,86.69999694824219,87.5999984741211,86.5,87.1500015258789,20137
2022-12-05 00:00:00+00:00,88.12480926513672,89.8499984741211,90.9000015258789,86.5,86.5,38551
2022-12-06 00:00:00+00:00,87.48728942871094,89.19999694824219,91.5,88.25,89.0,63926
2022-12-07 00:00:00+00:00,87.34017944335938,89.05000305175781,91.5,88.4000015258789,91.5,15191
2022-12-08 00:00:00+00:00,87.78153228759766,89.5,90.75,88.75,90.75,12423
2022-12-09 00:00:00+00:00,87.34017944335938,89.05000305175781,90.0,87.80000305175781,89.0,9742
2022-12-12 00:00:00+00:00,86.11417388916016,87.80000305175781,88.69999694824219,86.9000015258789,88.1500015258789,12182
2022-12-13 00:00:00+00:00,85.77088928222656,87.44999694824219,88.55000305175781,87.19999694824219,88.0,19547
2022-12-14 00:00:00+00:00,86.5064926147461,88.19999694824219,89.0,87.05000305175781,87.44999694824219,10486
2022-12-15 00:00:00+00:00,86.21224975585938,87.9000015258789,88.75,87.69999694824219,87.69999694824219,5769
2022-12-16 00:00:00+00:00,86.06512451171875,87.75,88.30000305175781,87.05000305175781,87.1500015258789,6722
2022-12-19 00:00:00+00:00,85.23145294189453,86.9000015258789,88.5,85.05000305175781,88.0,14254
2022-12-20 00:00:00+00:00,85.03529357910156,86.69999694824219,87.1500015258789,85.5999984741211,85.5999984741211,6204
2022-12-21 00:00:00+00:00,97.49143981933594,99.4000015258789,102.4000015258789,86.6500015258789,87.44999694824219,644252
2022-12-22 00:00:00+00:00,91.90087890625,93.69999694824219,101.30000305175781,93.0,99.9000015258789,316167
2022-12-23 00:00:00+00:00,94.20576477050781,96.05000305175781,102.0,90.75,93.69999694824219,475525
2022-12-26 00:00:00+00:00,93.02880096435547,94.8499984741211,98.0,93.19999694824219,96.80000305175781,76872
2022-12-27 00:00:00+00:00,91.65568542480469,93.44999694824219,95.19999694824219,93.0999984741211,94.9000015258789,72039
2022-12-28 00:00:00+00:00,92.04800415039062,93.8499984741211,95.19999694824219,93.0999984741211,93.5999984741211,33868
2022-12-29 00:00:00+00:00,89.84120178222656,91.5999984741211,95.3499984741211,91.0999984741211,94.25,42931
2022-12-30 00:00:00+00:00,89.39984893798828,91.1500015258789,92.75,90.80000305175781,92.44999694824219,26170
2023-01-02 00:00:00+00:00,89.69408416748047,91.44999694824219,93.4000015258789,91.05000305175781,92.30000305175781,29193
2023-01-03 00:00:00+00:00,89.00752258300781,90.75,92.0999984741211,89.6500015258789,92.0999984741211,35156
2023-01-04 00:00:00+00:00,89.64505004882812,91.4000015258789,93.4000015258789,89.5,91.25,23892
2023-01-05 00:00:00+00:00,88.07577514648438,89.80000305175781,91.44999694824219,89.3499984741211,91.4000015258789,24369
2023-01-06 00:00:00+00:00,88.56616973876953,90.30000305175781,91.5,90.0,90.5,14051
2023-01-09 00:00:00+00:00,88.32096862792969,90.05000305175781,91.69999694824219,89.0,90.0,17117
2023-01-10 00:00:00+00:00,88.07577514648438,89.80000305175781,91.44999694824219,89.5,89.8499984741211,10274
2023-01-11 00:00:00+00:00,88.27192687988281,90.0,91.69999694824219,88.69999694824219,88.69999694824219,14740
2023-01-12 00:00:00+00:00,87.094970703125,88.80000305175781,89.75,88.0,89.75,14008
2023-01-13 00:00:00+00:00,86.60457611083984,88.30000305175781,89.44999694824219,88.05000305175781,88.0999984741211,9022
2023-01-16 00:00:00+00:00,86.06512451171875,87.75,89.44999694824219,86.5,89.0,17968
2023-01-17 00:00:00+00:00,85.52568817138672,87.19999694824219,88.19999694824219,86.6500015258789,87.0999984741211,12583
2023-01-18 00:00:00+00:00,86.5064926147461,88.19999694824219,88.80000305175781,86.80000305175781,87.0,10967
2023-01-19 00:00:00+00:00,88.12480926513672,89.8499984741211,92.5999984741211,87.0999984741211,87.0999984741211,31858
2023-01-20 00:00:00+00:00,87.04592895507812,88.75,92.4000015258789,88.0999984741211,89.8499984741211,31696
2023-01-23 00:00:00+00:00,84.495849609375,86.1500015258789,89.4000015258789,84.5,88.0999984741211,21204
2023-01-24 00:00:00+00:00,85.18241119384766,86.8499984741211,88.05000305175781,85.55000305175781,86.1500015258789,14125
2023-01-25 00:00:00+00:00,84.64297485351562,86.30000305175781,87.94999694824219,84.1500015258789,86.8499984741211,17452
2023-01-27 00:00:00+00:00,83.1717758178711,84.80000305175781,87.4000015258789,84.0999984741211,86.30000305175781,11760
2023-01-30 00:00:00+00:00,82.33808898925781,83.94999694824219,86.5,83.5,85.9000015258789,14753
2023-01-31 00:00:00+00:00,82.04385375976562,83.6500015258789,84.5999984741211,82.5,82.5,15854
2023-02-01 00:00:00+00:00,82.14193725585938,83.75,85.80000305175781,82.5,84.44999694824219,16475
2023-02-02 00:00:00+00:00,81.55345153808594,83.1500015258789,84.30000305175781,82.0,83.0,6724
2023-02-03 00:00:00+00:00,80.81785583496094,82.4000015258789,83.94999694824219,81.0,83.0,21053
2023-02-06 00:00:00+00:00,80.5726547241211,82.1500015258789,83.5999984741211,80.5,80.5,9204
2023-02-07 00:00:00+00:00,80.91593170166016,82.5,84.30000305175781,82.0,82.1500015258789,10928
2023-02-08 00:00:00+00:00,79.68994140625,81.25,83.44999694824219,80.3499984741211,82.0,24945
2023-02-09 00:00:00+00:00,79.29761505126953,80.8499984741211,81.8499984741211,80.44999694824219,81.0,6221
2023-02-10 00:00:00+00:00,78.70913696289062,80.25,81.8499984741211,79.8499984741211,80.55000305175781,13451
2023-02-13 00:00:00+00:00,78.07161712646484,79.5999984741211,81.5,79.25,80.0,9093
2023-02-14 00:00:00+00:00,75.227294921875,76.69999694824219,80.3499984741211,76.0,79.0,16279
2023-02-15 00:00:00+00:00,75.5705795288086,77.05000305175781,78.1500015258789,76.5,76.69999694824219,8070
2023-02-16 00:00:00+00:00,76.55138397216797,78.05000305175781,79.3499984741211,77.0999984741211,77.19999694824219,9473
2023-02-17 00:00:00+00:00,75.52153778076172,77.0,78.9000015258789,76.8499984741211,77.0,10271
2023-02-20 00:00:00+00:00,74.14842224121094,75.5999984741211,77.75,75.0,77.0,19693
2023-02-21 00:00:00+00:00,74.54073333740234,76.0,77.19999694824219,74.05000305175781,74.05000305175781,13468
2023-02-22 00:00:00+00:00,72.9714584350586,74.4000015258789,76.05000305175781,74.05000305175781,75.19999694824219,6696
2023-02-23 00:00:00+00:00,71.74546813964844,73.1500015258789,75.5,72.5,75.5,9868
2023-02-24 00:00:00+00:00,71.40218353271484,72.80000305175781,73.94999694824219,72.0,73.1500015258789,7449
2023-02-27 00:00:00+00:00,70.2252197265625,71.5999984741211,73.80000305175781,71.0,73.44999694824219,9559
2023-02-28 00:00:00+00:00,68.1655502319336,69.5,72.0999984741211,69.0999984741211,71.30000305175781,23750
2023-03-01 00:00:00+00:00,68.1655502319336,69.5,71.55000305175781,68.8499984741211,69.8499984741211,19007
2023-03-02 00:00:00+00:00,68.50882720947266,69.8499984741211,71.30000305175781,69.0,69.0,8438
2023-03-03 00:00:00+00:00,69.09729766845703,70.44999694824219,71.44999694824219,70.19999694824219,70.9000015258789,9885
2023-03-06 00:00:00+00:00,70.76466369628906,72.1500015258789,73.55000305175781,70.05000305175781,70.05000305175781,15218
2023-03-08 00:00:00+00:00,73.02050018310547,74.44999694824219,75.0,70.75,72.1500015258789,7994
2023-03-09 00:00:00+00:00,73.6089859008789,75.05000305175781,76.44999694824219,74.69999694824219,75.1500015258789,18570
2023-03-10 00:00:00+00:00,71.10794830322266,72.5,75.5,72.19999694824219,75.3499984741211,14406
2023-03-13 00:00:00+00:00,69.63674926757812,71.0,73.75,70.6500015258789,73.1500015258789,19788
2023-03-14 00:00:00+00:00,69.63674926757812,71.0,72.5999984741211,70.30000305175781,71.0,10779
2023-03-15 00:00:00+00:00,70.02906036376953,71.4000015258789,71.69999694824219,70.3499984741211,70.9000015258789,5135
2023-03-16 00:00:00+00:00,69.14634704589844,70.5,71.4000015258789,70.0999984741211,70.5999984741211,7432
2023-03-17 00:00:00+00:00,69.29346466064453,70.6500015258789,71.4000015258789,68.8499984741211,70.5,7924
2023-03-20 00:00:00+00:00,68.65594482421875,70.0,72.25,69.5,70.0,9210
2023-03-21 00:00:00+00:00,68.01842498779297,69.3499984741211,70.6500015258789,69.0999984741211,70.6500015258789,9315
2023-03-22 00:00:00+00:00,69.78386688232422,71.1500015258789,72.5,69.0999984741211,69.94999694824219,119211
2023-03-23 00:00:00+00:00,69.09729766845703,70.44999694824219,72.5,70.05000305175781,71.55000305175781,13297
2023-03-24 00:00:00+00:00,68.01842498779297,69.3499984741211,71.05000305175781,68.6500015258789,70.44999694824219,6823
2023-03-27 00:00:00+00:00,66.44914245605469,67.75,69.5999984741211,67.0,69.0,8753
2023-03-28 00:00:00+00:00,64.04618835449219,65.30000305175781,67.55000305175781,64.0,67.0,23897
2023-03-29 00:00:00+00:00,63.21250915527344,64.44999694824219,68.30000305175781,63.349998474121094,64.9000015258789,44703
2023-03-31 00:00:00+00:00,65.7625961303711,67.05000305175781,68.25,64.6500015258789,65.05000305175781,25646
2023-04-03 00:00:00+00:00,70.37234497070312,71.75,73.30000305175781,67.5,67.6500015258789,17102
2023-04-05 00:00:00+00:00,72.77529907226562,74.19999694824219,75.4000015258789,71.1500015258789,72.44999694824219,17601
2023-04-06 00:00:00+00:00,71.79449462890625,73.19999694824219,75.8499984741211,72.05000305175781,72.94999694824219,14922
2023-04-10 00:00:00+00:00,72.38298797607422,73.80000305175781,74.9000015258789,72.05000305175781,73.19999694824219,5184
2023-04-11 00:00:00+00:00,71.64738464355469,73.05000305175781,74.75,72.0999984741211,72.0999984741211,6672
2023-04-12 00:00:00+00:00,70.66658020019531,72.05000305175781,75.0,71.30000305175781,72.94999694824219,28724
2023-04-13 00:00:00+00:00,70.2252197265625,71.5999984741211,72.9000015258789,71.0,71.0999984741211,15304
2023-04-17 00:00:00+00:00,68.95018768310547,70.30000305175781,72.9000015258789,69.5999984741211,72.19999694824219,14098
2023-04-18 00:00:00+00:00,69.04826354980469,70.4000015258789,72.0,69.94999694824219,69.94999694824219,7344
2023-04-19 00:00:00+00:00,69.83289337158203,71.19999694824219,72.1500015258789,70.5999984741211,71.05000305175781,17993
2023-04-20 00:00:00+00:00,72.13777923583984,73.55000305175781,74.30000305175781,70.0,71.0,33599
2023-04-21 00:00:00+00:00,83.80928802490234,85.44999694824219,88.25,73.0,73.0,1066727
2023-04-24 00:00:00+00:00,80.32746124267578,81.9000015258789,85.69999694824219,80.80000305175781,84.4000015258789,96562
2023-04-25 00:00:00+00:00,77.2869873046875,78.80000305175781,81.9000015258789,78.5,81.9000015258789,41332
2023-04-26 00:00:00+00:00,77.13985443115234,78.6500015258789,81.0,77.5,77.5,34013
2023-04-27 00:00:00+00:00,80.27841186523438,81.8499984741211,85.94999694824219,77.5999984741211,78.69999694824219,151193
2023-04-28 00:00:00+00:00,80.425537109375,82.0,83.8499984741211,80.75,82.5999984741211,30235
2023-05-02 00:00:00+00:00,79.54281616210938,81.0999984741211,84.5999984741211,80.19999694824219,83.5,30772
2023-05-03 00:00:00+00:00,79.19953918457031,80.75,82.25,80.30000305175781,80.55000305175781,17014
2023-05-04 00:00:00+00:00,82.77945709228516,84.4000015258789,85.0,80.30000305175781,80.30000305175781,47339
2023-05-05 00:00:00+00:00,80.52362060546875,82.0999984741211,86.0,80.0,85.0,40546
2023-05-08 00:00:00+00:00,80.27841186523438,81.8499984741211,84.05000305175781,81.3499984741211,82.4000015258789,13993
2023-05-09 00:00:00+00:00,80.67073822021484,82.25,87.0,81.0,81.0,105245
2023-05-10 00:00:00+00:00,80.22937774658203,81.80000305175781,83.94999694824219,80.8499984741211,82.6500015258789,26700
2023-05-11 00:00:00+00:00,83.6131362915039,85.25,86.9000015258789,81.0,81.30000305175781,88243
2023-05-12 00:00:00+00:00,81.89673614501953,83.5,85.25,82.75,84.9000015258789,23007
2023-05-15 00:00:00+00:00,81.40633392333984,83.0,84.55000305175781,82.5,82.94999694824219,15319
2023-05-16 00:00:00+00:00,82.4852066040039,84.0999984741211,85.0,82.05000305175781,82.69999694824219,13903
2023-05-17 00:00:00+00:00,82.58329010009766,84.19999694824219,86.0,83.3499984741211,84.0999984741211,32129
2023-05-18 00:00:00+00:00,81.65153503417969,83.25,86.5,83.0,84.8499984741211,23791
2023-05-19 00:00:00+00:00,83.22080993652344,84.8499984741211,86.0,82.5999984741211,83.25,19346
2023-05-22 00:00:00+00:00,83.46601104736328,85.0999984741211,86.0,84.69999694824219,84.8499984741211,11428
2023-05-23 00:00:00+00:00,82.38713073730469,84.0,85.5,83.30000305175781,84.94999694824219,11335
2023-05-24 00:00:00+00:00,85.0843276977539,86.75,90.75,83.0999984741211,84.0,222038
2023-05-25 00:00:00+00:00,85.47665405273438,87.1500015258789,90.69999694824219,86.0,86.0,76605
2023-05-26 00:00:00+00:00,84.44680786132812,86.0999984741211,87.94999694824219,84.6500015258789,87.0,16227
2023-05-29 00:00:00+00:00,81.7496109008789,83.3499984741211,87.94999694824219,82.0,86.0,42475
2023-05-30 00:00:00+00:00,81.40633392333984,83.0,84.75,82.75,83.0999984741211,23256
2023-05-31 00:00:00+00:00,85.37857818603516,87.05000305175781,90.8499984741211,82.0999984741211,82.0999984741211,173400
2023-06-01 00:00:00+00:00,87.48728942871094,89.19999694824219,92.19999694824219,87.05000305175781,87.05000305175781,101479
2023-06-02 00:00:00+00:00,85.72185516357422,87.4000015258789,90.8499984741211,87.0999984741211,90.30000305175781,40419
2023-06-05 00:00:00+00:00,87.53632354736328,89.25,90.5,88.0,88.25,42210
2023-06-06 00:00:00+00:00,87.87960815429688,89.5999984741211,90.05000305175781,87.0,89.5999984741211,53174
2023-06-07 00:00:00+00:00,87.38920593261719,89.0999984741211,91.1500015258789,88.69999694824219,89.0,63525
2023-06-08 00:00:00+00:00,87.14401245117188,88.8499984741211,91.05000305175781,88.05000305175781,89.5,46552
2023-06-09 00:00:00+00:00,86.40840911865234,88.0999984741211,91.0,87.6500015258789,89.6500015258789,15103
2023-06-12 00:00:00+00:00,85.72185516357422,87.4000015258789,88.1500015258789,87.0,88.0,11608
2023-06-13 00:00:00+00:00,86.31033325195312,88.0,89.0,87.4000015258789,87.4000015258789,8693
2023-06-14 00:00:00+00:00,85.86898040771484,87.55000305175781,88.8499984741211,87.0999984741211,88.8499984741211,6947
2023-06-15 00:00:00+00:00,87.14401245117188,88.8499984741211,90.0,86.1500015258789,87.9000015258789,43010
2023-06-16 00:00:00+00:00,86.45745086669922,88.1500015258789,92.94999694824219,87.05000305175781,88.5,137044
2023-06-19 00:00:00+00:00,87.094970703125,88.80000305175781,90.94999694824219,87.4000015258789,87.4000015258789,54640
2023-06-20 00:00:00+00:00,87.63440704345703,89.3499984741211,90.19999694824219,88.05000305175781,88.0999984741211,22173
2023-06-21 00:00:00+00:00,86.7516860961914,88.44999694824219,91.05000305175781,88.0,90.1500015258789,26931
2023-06-22 00:00:00+00:00,85.77088928222656,87.44999694824219,90.0999984741211,87.1500015258789,88.5,31561
2023-06-23 00:00:00+00:00,88.12480926513672,89.8499984741211,93.05000305175781,86.5,87.44999694824219,193655
2023-06-26 00:00:00+00:00,93.37207794189453,95.19999694824219,97.19999694824219,89.5,89.5,478396
2023-06-27 00:00:00+00:00,91.99897003173828,93.80000305175781,99.0,93.5999984741211,96.9000015258789,129948
2023-06-28 00:00:00+00:00,89.20368194580078,90.94999694824219,95.4000015258789,90.5,94.0,63241
2023-06-30 00:00:00+00:00,89.84120178222656,91.5999984741211,92.30000305175781,89.30000305175781,90.94999694824219,38620
2023-07-03 00:00:00+00:00,87.43824768066406,89.1500015258789,91.94999694824219,88.9000015258789,91.5999984741211,29264
2023-07-04 00:00:00+00:00,87.43824768066406,89.1500015258789,92.44999694824219,88.6500015258789,90.05000305175781,47841
2023-07-05 00:00:00+00:00,88.02672576904297,89.75,92.0,88.30000305175781,89.94999694824219,43923
2023-07-06 00:00:00+00:00,90.82200622558594,92.5999984741211,95.4000015258789,89.05000305175781,89.05000305175781,175611
2023-07-07 00:00:00+00:00,89.3508071899414,91.0999984741211,95.4000015258789,90.25,93.75,64606
2023-07-10 00:00:00+00:00,90.33160400390625,92.0999984741211,97.0,90.25,90.25,189050
2023-07-11 00:00:00+00:00,93.02880096435547,94.8499984741211,98.0,92.0,92.0,220862
2023-07-12 00:00:00+00:00,94.00959777832031,95.8499984741211,99.3499984741211,94.8499984741211,96.0,195160
2023-07-13 00:00:00+00:00,93.1759262084961,95.0,99.9000015258789,94.19999694824219,97.05000305175781,145026
2023-07-14 00:00:00+00:00,93.47016906738281,95.30000305175781,97.6500015258789,94.0999984741211,96.0,54141
2023-07-17 00:00:00+00:00,92.78360748291016,94.5999984741211,96.8499984741211,94.1500015258789,96.25,25767
2023-07-18 00:00:00+00:00,93.9605712890625,95.80000305175781,98.9000015258789,95.0,95.05000305175781,99884
2023-07-19 00:00:00+00:00,92.68553161621094,94.5,97.80000305175781,93.5999984741211,96.75,34388
2023-07-20 00:00:00+00:00,92.93072509765625,94.75,97.94999694824219,94.5,95.5,78905
2023-07-21 00:00:00+00:00,92.19512939453125,94.0,96.5999984741211,93.6500015258789,95.0,29089
2023-07-24 00:00:00+00:00,92.0970458984375,93.9000015258789,96.0,93.0999984741211,93.25,20996
2023-07-25 00:00:00+00:00,92.48937225341797,94.30000305175781,95.69999694824219,94.19999694824219,94.9000015258789,13363
2023-07-26 00:00:00+00:00,92.48937225341797,94.30000305175781,97.0,94.0,94.30000305175781,40583
2023-07-27 00:00:00+00:00,91.9499282836914,93.75,96.0,93.30000305175781,95.1500015258789,36975
2023-07-28 00:00:00+00:00,96.11831665039062,98.0,102.0,94.0,94.44999694824219,372791
2023-07-31 00:00:00+00:00,96.65776062011719,98.55000305175781,101.8499984741211,98.0,98.8499984741211,170607
2023-08-01 00:00:00+00:00,95.38272094726562,97.25,100.25,96.55000305175781,99.19999694824219,82626
2023-08-02 00:00:00+00:00,93.9605712890625,95.80000305175781,98.55000305175781,94.5,97.80000305175781,64856
2023-08-03 00:00:00+00:00,96.5106430053711,98.4000015258789,100.19999694824219,95.5,96.0,44950
2023-08-04 00:00:00+00:00,97.78567504882812,99.69999694824219,100.5,98.0,99.19999694824219,64862
2023-08-07 00:00:00+00:00,98.37416076660156,100.30000305175781,102.9000015258789,98.80000305175781,99.9000015258789,151785
2023-08-08 00:00:00+00:00,99.74727630615234,101.69999694824219,106.5,99.8499984741211,99.9000015258789,337486
2023-08-09 00:00:00+00:00,99.8453598022461,101.80000305175781,103.55000305175781,100.55000305175781,102.4000015258789,66222
2023-08-10 00:00:00+00:00,96.5106430053711,98.4000015258789,103.44999694824219,97.5999984741211,102.5,71806
2023-08-11 00:00:00+00:00,93.9605712890625,95.80000305175781,99.8499984741211,94.30000305175781,99.0,39980
2023-08-14 00:00:00+00:00,92.88167572021484,94.69999694824219,96.80000305175781,92.9000015258789,94.05000305175781,34047
2023-08-16 00:00:00+00:00,89.00752258300781,90.75,96.0,90.3499984741211,94.0999984741211,72761
2023-08-17 00:00:00+00:00,88.41905212402344,90.1500015258789,93.3499984741211,89.80000305175781,91.94999694824219,54932
2023-08-18 00:00:00+00:00,90.67488098144531,92.44999694824219,93.19999694824219,90.0,90.5,35435
2023-08-21 00:00:00+00:00,88.86040496826172,90.5999984741211,93.3499984741211,90.3499984741211,92.44999694824219,20042
2023-08-22 00:00:00+00:00,93.22496795654297,95.05000305175781,95.9000015258789,90.8499984741211,91.9000015258789,126100
2023-08-23 00:00:00+00:00,92.58744812011719,94.4000015258789,96.30000305175781,93.80000305175781,95.05000305175781,40892
2023-08-24 00:00:00+00:00,92.29320526123047,94.0999984741211,95.8499984741211,94.0,95.5,14210
2023-08-25 00:00:00+00:00,92.0970458984375,93.9000015258789,96.75,93.0,94.0999984741211,47644
2023-08-28 00:00:00+00:00,94.30384826660156,96.1500015258789,98.1500015258789,94.55000305175781,94.5999984741211,48279
2023-08-29 00:00:00+00:00,93.86248016357422,95.69999694824219,97.8499984741211,95.0,97.8499984741211,12126
2023-08-30 00:00:00+00:00,94.6471176147461,96.5,98.9000015258789,96.0,96.0,44872
2023-08-31 00:00:00+00:00,95.7750473022461,97.6500015258789,98.80000305175781,96.30000305175781,96.5,34387
2023-09-01 00:00:00+00:00,94.94136810302734,96.80000305175781,98.9000015258789,96.5,97.0,32727
2023-09-04 00:00:00+00:00,93.764404296875,95.5999984741211,97.6500015258789,95.0999984741211,96.80000305175781,42732
2023-09-05 00:00:00+00:00,93.66632843017578,95.5,97.5,95.19999694824219,97.5,23515
2023-09-06 00:00:00+00:00,96.3144760131836,98.19999694824219,99.69999694824219,95.0999984741211,95.1500015258789,95306
2023-09-07 00:00:00+00:00,98.4231948852539,100.3499984741211,101.94999694824219,98.94999694824219,99.8499984741211,133968
2023-09-08 00:00:00+00:00,96.60871887207031,98.5,102.30000305175781,98.0,101.9000015258789,46592
2023-09-11 00:00:00+00:00,96.0202407836914,97.9000015258789,99.80000305175781,97.4000015258789,98.0,19920
2023-09-12 00:00:00+00:00,93.22496795654297,95.05000305175781,99.4000015258789,94.0999984741211,98.0,38935
2023-09-13 00:00:00+00:00,92.97976684570312,94.80000305175781,97.5,94.0,95.0,40212
2023-09-14 00:00:00+00:00,93.56824493408203,95.4000015258789,96.5,94.8499984741211,96.19999694824219,42616
2023-09-15 00:00:00+00:00,94.10768127441406,95.94999694824219,96.80000305175781,95.5999984741211,96.4000015258789,17425
2023-09-18 00:00:00+00:00,94.45458221435547,95.30000305175781,96.8499984741211,94.5,95.9000015258789,24393
2023-09-20 00:00:00+00:00,93.61212158203125,94.44999694824219,95.8499984741211,94.05000305175781,94.0999984741211,13361
2023-09-21 00:00:00+00:00,92.52188110351562,93.3499984741211,96.5,93.0,96.5,14210
2023-09-22 00:00:00+00:00,92.62098693847656,93.44999694824219,95.0999984741211,92.19999694824219,95.0999984741211,16113
2023-09-25 00:00:00+00:00,94.6032485961914,95.44999694824219,96.80000305175781,93.3499984741211,95.3499984741211,30014
2023-09-26 00:00:00+00:00,93.81034851074219,94.6500015258789,97.3499984741211,94.3499984741211,95.0,14556
2023-09-27 00:00:00+00:00,93.71123504638672,94.55000305175781,95.94999694824219,94.05000305175781,95.0,7694
2023-09-28 00:00:00+00:00,92.96788787841797,93.80000305175781,95.94999694824219,93.19999694824219,94.0999984741211,5710
2023-09-29 00:00:00+00:00,94.70236206054688,95.55000305175781,96.9000015258789,93.19999694824219,93.19999694824219,23145
2023-10-03 00:00:00+00:00,94.35546112060547,95.19999694824219,96.9000015258789,93.0999984741211,94.1500015258789,16836
2023-10-04 00:00:00+00:00,92.22454071044922,93.05000305175781,96.5999984741211,92.4000015258789,94.0999984741211,19493
2023-10-05 00:00:00+00:00,92.52188110351562,93.3499984741211,95.94999694824219,92.75,93.19999694824219,20804
2023-10-06 00:00:00+00:00,93.46345520019531,94.30000305175781,95.4000015258789,93.4000015258789,93.4000015258789,16360
2023-10-09 00:00:00+00:00,91.28296661376953,92.0999984741211,93.8499984741211,90.9000015258789,92.80000305175781,15373
2023-10-10 00:00:00+00:00,92.07587432861328,92.9000015258789,93.69999694824219,92.3499984741211,92.5,8102
2023-10-11 00:00:00+00:00,92.32365417480469,93.1500015258789,94.19999694824219,92.9000015258789,94.1500015258789,11165
2023-10-12 00:00:00+00:00,91.92720031738281,92.75,94.4000015258789,92.19999694824219,93.69999694824219,15133
2023-10-13 00:00:00+00:00,91.6794204711914,92.5,94.9000015258789,91.0,94.0,22060
2023-10-16 00:00:00+00:00,91.87763977050781,92.69999694824219,93.9000015258789,92.0,92.6500015258789,10711
2023-10-17 00:00:00+00:00,92.07587432861328,92.9000015258789,93.6500015258789,92.69999694824219,93.6500015258789,8642
2023-10-18 00:00:00+00:00,91.23341369628906,92.05000305175781,93.8499984741211,91.5,92.9000015258789,16186
2023-10-19 00:00:00+00:00,90.44050598144531,91.25,92.80000305175781,91.0,92.0999984741211,11018
2023-10-20 00:00:00+00:00,90.29183959960938,91.0999984741211,92.3499984741211,90.80000305175781,91.25,7743
2023-10-23 00:00:00+00:00,85.2370834350586,86.0,90.8499984741211,85.0999984741211,90.25,43304
2023-10-25 00:00:00+00:00,85.48486328125,86.25,88.1500015258789,85.25,86.94999694824219,14952
2023-10-26 00:00:00+00:00,83.20526123046875,83.94999694824219,86.0999984741211,81.19999694824219,84.0999984741211,48516
2023-10-27 00:00:00+00:00,85.38574981689453,86.1500015258789,86.6500015258789,83.0,84.0,7739
2023-10-30 00:00:00+00:00,87.36801147460938,88.1500015258789,89.44999694824219,87.05000305175781,88.5999984741211,20334
2023-10-31 00:00:00+00:00,85.33619689941406,86.0999984741211,89.6500015258789,85.0,89.6500015258789,20276
2023-11-01 00:00:00+00:00,87.12023162841797,87.9000015258789,88.9000015258789,86.0999984741211,86.0999984741211,11044
2023-11-02 00:00:00+00:00,87.66534423828125,88.44999694824219,90.0999984741211,88.0,89.0,13153
2023-11-03 00:00:00+00:00,91.97676086425781,92.80000305175781,93.19999694824219,88.5999984741211,88.5999984741211,36045
2023-11-06 00:00:00+00:00,91.382080078125,92.19999694824219,94.30000305175781,91.6500015258789,94.25,21808
2023-11-07 00:00:00+00:00,92.37320709228516,93.19999694824219,93.8499984741211,90.5999984741211,91.5,23406
2023-11-08 00:00:00+00:00,91.82808685302734,92.6500015258789,94.69999694824219,91.19999694824219,94.69999694824219,52699
2023-11-09 00:00:00+00:00,92.67054748535156,93.5,96.0,93.19999694824219,95.44999694824219,29819
2023-11-10 00:00:00+00:00,92.81922149658203,93.6500015258789,94.8499984741211,92.25,93.5,18995
2023-11-13 00:00:00+00:00,98.4686508178711,99.3499984741211,103.0,93.05000305175781,93.05000305175781,265976
2023-11-15 00:00:00+00:00,99.70756530761719,100.5999984741211,101.69999694824219,99.1500015258789,101.6500015258789,109440
2023-11-16 00:00:00+00:00,111.45243835449219,112.44999694824219,118.3499984741211,100.75,101.0,1360701
2023-11-17 00:00:00+00:00,107.73570251464844,108.69999694824219,114.19999694824219,106.0,113.0,226992
2023-11-20 00:00:00+00:00,109.86663055419922,110.8499984741211,113.1500015258789,107.6500015258789,109.0,114913
2023-11-21 00:00:00+00:00,106.24900817871094,107.19999694824219,111.05000305175781,106.5,111.0,68675
2023-11-22 00:00:00+00:00,106.84369659423828,107.80000305175781,110.0,106.8499984741211,108.80000305175781,61165
2023-11-23 00:00:00+00:00,104.6632080078125,105.5999984741211,111.94999694824219,104.8499984741211,107.4000015258789,59839
2023-11-24 00:00:00+00:00,104.11808776855469,105.05000305175781,109.80000305175781,104.0,106.0,76911
2023-11-28 00:00:00+00:00,103.32518005371094,104.25,107.55000305175781,103.05000305175781,105.05000305175781,47222
2023-11-29 00:00:00+00:00,102.03671264648438,102.94999694824219,106.80000305175781,102.19999694824219,106.80000305175781,42280
2023-11-30 00:00:00+00:00,106.69502258300781,107.6500015258789,111.0,102.75,102.94999694824219,135201
2023-12-01 00:00:00+00:00,104.11808776855469,105.05000305175781,108.69999694824219,104.5999984741211,107.6500015258789,53765
2023-12-04 00:00:00+00:00,104.01897430419922,104.94999694824219,108.0,104.75,106.75,44937
2023-12-05 00:00:00+00:00,105.90211486816406,106.8499984741211,107.94999694824219,105.0,107.0,36429
2023-12-06 00:00:00+00:00,105.30744171142578,106.25,108.0,105.25,106.0,42666
2023-12-07 00:00:00+00:00,105.25788116455078,106.19999694824219,108.0,105.1500015258789,107.9000015258789,47544
2023-12-08 00:00:00+00:00,104.31631469726562,105.25,110.0,103.0,108.5,33084
2023-12-11 00:00:00+00:00,106.4472427368164,107.4000015258789,109.0,105.19999694824219,105.19999694824219,63617
2023-12-12 00:00:00+00:00,106.00122833251953,106.94999694824219,108.9000015258789,106.5,107.4000015258789,30462
2023-12-13 00:00:00+00:00,106.54635620117188,107.5,109.5,106.25,106.25,38417
2023-12-14 00:00:00+00:00,108.23126983642578,109.19999694824219,113.9000015258789,106.9000015258789,107.4000015258789,90505
2023-12-15 00:00:00+00:00,105.50566101074219,106.44999694824219,110.75,105.0,110.0,46612
2023-12-18 00:00:00+00:00,104.36587524414062,105.30000305175781,107.80000305175781,104.1500015258789,107.80000305175781,23591
2023-12-19 00:00:00+00:00,105.80300903320312,106.75,107.9000015258789,105.1500015258789,106.8499984741211,22980
2023-12-20 00:00:00+00:00,96.78373718261719,97.6500015258789,109.30000305175781,97.0,109.30000305175781,94312
2023-12-21 00:00:00+00:00,100.05445861816406,100.94999694824219,102.9000015258789,96.44999694824219,98.5,41554
2023-12-22 00:00:00+00:00,100.84735870361328,101.75,103.94999694824219,100.3499984741211,101.9000015258789,19909
2023-12-26 00:00:00+00:00,100.74825286865234,101.6500015258789,103.19999694824219,99.5999984741211,102.0,30920
2023-12-27 00:00:00+00:00,100.40135955810547,101.30000305175781,104.55000305175781,100.1500015258789,101.8499984741211,31713
2023-12-28 00:00:00+00:00,99.55889129638672,100.44999694824219,102.80000305175781,100.0,101.0999984741211,24134
2023-12-29 00:00:00+00:00,99.16244506835938,100.05000305175781,101.6500015258789,99.1500015258789,99.1500015258789,20381
2024-01-01 00:00:00+00:00,99.60845184326172,100.5,102.5999984741211,99.5999984741211,102.5999984741211,24737
2024-01-02 00:00:00+00:00,103.176513671875,104.0999984741211,105.5,99.44999694824219,99.44999694824219,83056
2024-01-03 00:00:00+00:00,104.41542053222656,105.3499984741211,109.0,103.05000305175781,105.1500015258789,80248
2024-01-04 00:00:00+00:00,104.21720123291016,105.1500015258789,108.0,104.5,106.0,44418
2024-01-05 00:00:00+00:00,102.38361358642578,103.30000305175781,106.30000305175781,102.5,105.19999694824219,56421
2024-01-08 00:00:00+00:00,114.62405395507812,115.6500015258789,118.0,104.80000305175781,104.80000305175781,459562
2024-01-09 00:00:00+00:00,111.84889221191406,112.8499984741211,119.5999984741211,112.0999984741211,117.0,325371
2024-01-10 00:00:00+00:00,112.54268646240234,113.55000305175781,116.44999694824219,112.0999984741211,114.19999694824219,88493
2024-01-11 00:00:00+00:00,117.74610900878906,118.80000305175781,120.8499984741211,113.9000015258789,114.80000305175781,290327
2024-01-12 00:00:00+00:00,116.1603012084961,117.19999694824219,121.69999694824219,115.1500015258789,120.0,113191
2024-01-15 00:00:00+00:00,116.5072021484375,117.55000305175781,121.44999694824219,113.94999694824219,117.94999694824219,183820
2024-01-16 00:00:00+00:00,113.03824615478516,114.05000305175781,118.4000015258789,111.30000305175781,118.4000015258789,81077
2024-01-17 00:00:00+00:00,111.99755859375,113.0,114.80000305175781,112.5,114.5,49492
2024-01-18 00:00:00+00:00,110.80821228027344,111.80000305175781,112.19999694824219,108.05000305175781,112.0,73177
2024-01-19 00:00:00+00:00,115.66473388671875,116.69999694824219,120.80000305175781,111.8499984741211,112.0,195944
2024-01-23 00:00:00+00:00,112.14623260498047,113.1500015258789,120.19999694824219,112.0,119.0999984741211,77181
2024-01-24 00:00:00+00:00,113.33558654785156,114.3499984741211,115.75,112.75,113.1500015258789,23962
2024-01-25 00:00:00+00:00,112.24534606933594,113.25,115.94999694824219,112.19999694824219,115.0,34321
2024-01-29 00:00:00+00:00,122.15663146972656,123.25,127.80000305175781,112.30000305175781,112.30000305175781,322100
2024-01-30 00:00:00+00:00,117.25054931640625,118.30000305175781,124.4000015258789,116.0999984741211,124.4000015258789,112217
2024-01-31 00:00:00+00:00,125.13002014160156,126.25,127.80000305175781,118.8499984741211,119.94999694824219,263934
2024-02-01 00:00:00+00:00,128.59896850585938,129.75,132.0,123.3499984741211,127.94999694824219,329619
2024-02-02 00:00:00+00:00,125.0309066772461,126.1500015258789,132.4499969482422,124.55000305175781,129.0500030517578,157701
2024-02-05 00:00:00+00:00,123.94066619873047,125.05000305175781,129.89999389648438,117.6500015258789,125.30000305175781,125858
2024-02-06 00:00:00+00:00,123.59376525878906,124.69999694824219,128.0,123.5,124.0,56600
2024-02-07 00:00:00+00:00,122.30530548095703,123.4000015258789,129.39999389648438,122.80000305175781,126.0,58890
2024-02-08 00:00:00+00:00,124.83267974853516,125.94999694824219,129.89999389648438,121.55000305175781,123.9000015258789,137980
2024-02-09 00:00:00+00:00,121.71062469482422,122.80000305175781,128.4499969482422,117.1500015258789,127.0,81877
2024-02-12 00:00:00+00:00,117.44876861572266,118.5,125.9000015258789,117.0,125.9000015258789,34453
2024-02-13 00:00:00+00:00,111.25421142578125,112.25,118.5,108.0,118.5,65197
2024-02-14 00:00:00+00:00,113.2364730834961,114.25,116.5,108.0999984741211,110.69999694824219,32702
2024-02-15 00:00:00+00:00,112.59223937988281,113.5999984741211,117.5,112.19999694824219,112.19999694824219,20323
2024-02-16 00:00:00+00:00,119.4310302734375,120.5,121.69999694824219,114.6500015258789,114.69999694824219,71302
2024-02-19 00:00:00+00:00,121.46284484863281,122.55000305175781,126.0,120.94999694824219,121.0,59006
2024-02-20 00:00:00+00:00,118.2416763305664,119.30000305175781,124.9000015258789,116.0,124.9000015258789,36271
2024-02-21 00:00:00+00:00,117.6965560913086,118.75,121.75,118.0,118.5,21259
2024-02-22 00:00:00+00:00,116.55675506591797,117.5999984741211,119.75,115.55000305175781,118.0,31487
2024-02-23 00:00:00+00:00,115.66473388671875,116.69999694824219,119.8499984741211,115.5,117.6500015258789,21276
2024-02-26 00:00:00+00:00,114.37627410888672,115.4000015258789,119.80000305175781,115.0,116.3499984741211,18545
2024-02-27 00:00:00+00:00,112.24534606933594,113.25,117.0999984741211,112.80000305175781,115.4000015258789,36562
2024-02-28 00:00:00+00:00,109.81707763671875,110.80000305175781,116.30000305175781,110.0999984741211,112.80000305175781,35182
2024-02-29 00:00:00+00:00,108.8259506225586,109.80000305175781,111.9000015258789,108.5,110.0,13903
2024-03-01 00:00:00+00:00,111.45243835449219,112.44999694824219,114.4000015258789,109.9000015258789,109.94999694824219,17642
2024-03-04 00:00:00+00:00,110.80821228027344,111.80000305175781,115.5999984741211,111.19999694824219,113.8499984741211,14169
2024-03-05 00:00:00+00:00,107.9339370727539,108.9000015258789,113.9000015258789,108.0,111.0,24312
2024-03-06 00:00:00+00:00,105.65433502197266,106.5999984741211,110.5,104.5,108.19999694824219,23202
2024-03-07 00:00:00+00:00,105.95167541503906,106.9000015258789,109.0999984741211,106.0,106.5999984741211,10398
2024-03-11 00:00:00+00:00,103.57296752929688,104.5,107.80000305175781,104.0,106.0,13449
2024-03-12 00:00:00+00:00,99.41022491455078,100.30000305175781,107.4000015258789,97.55000305175781,104.0,16353
2024-03-13 00:00:00+00:00,89.8953857421875,90.69999694824219,100.0,88.94999694824219,100.0,70194
2024-03-14 00:00:00+00:00,95.39615631103516,96.25,97.25,92.0,93.0,30598
2024-03-15 00:00:00+00:00,93.85990142822266,94.69999694824219,98.8499984741211,93.55000305175781,98.8499984741211,15877
2024-03-18 00:00:00+00:00,94.80147552490234,95.6500015258789,98.9000015258789,93.19999694824219,93.19999694824219,13774
2024-03-19 00:00:00+00:00,93.41389465332031,94.25,97.0,93.44999694824219,95.0,11096
2024-03-20 00:00:00+00:00,93.61212158203125,94.44999694824219,96.9000015258789,92.8499984741211,94.0999984741211,9616
2024-03-21 00:00:00+00:00,96.63506317138672,97.5,98.5,94.0,94.0,50312
2024-03-22 00:00:00+00:00,98.02264404296875,98.9000015258789,102.0,97.5,98.25,32067
2024-03-26 00:00:00+00:00,97.97308349609375,98.8499984741211,101.1500015258789,98.5,98.9000015258789,11045
2024-03-27 00:00:00+00:00,94.30591583251953,95.1500015258789,98.8499984741211,95.0,98.0,23693
2024-03-28 00:00:00+00:00,90.39094543457031,91.19999694824219,96.55000305175781,90.0999984741211,95.0,46752
2024-04-01 00:00:00+00:00,95.94127655029297,96.80000305175781,98.4000015258789,92.4000015258789,92.4000015258789,25037
2024-04-02 00:00:00+00:00,98.96421813964844,99.8499984741211,100.94999694824219,96.80000305175781,96.80000305175781,17585
2024-04-03 00:00:00+00:00,99.11288452148438,100.0,102.4000015258789,98.69999694824219,102.4000015258789,15977
2024-04-04 00:00:00+00:00,101.59070587158203,102.5,104.94999694824219,99.19999694824219,99.19999694824219,19091
2024-04-05 00:00:00+00:00,102.33405303955078,103.25,104.9000015258789,101.1500015258789,104.4000015258789,19530
2024-04-08 00:00:00+00:00,102.9287338256836,103.8499984741211,105.0,102.0999984741211,102.0999984741211,18691
2024-04-09 00:00:00+00:00,100.79780578613281,101.69999694824219,104.19999694824219,100.5,104.19999694824219,9311
2024-04-10 00:00:00+00:00,101.9871597290039,102.9000015258789,105.8499984741211,100.30000305175781,105.8499984741211,11809
2024-04-12 00:00:00+00:00,100.99603271484375,101.9000015258789,102.9000015258789,101.0,101.0,5969
2024-04-15 00:00:00+00:00,98.4686508178711,99.3499984741211,102.75,98.30000305175781,101.0,5872
2024-04-16 00:00:00+00:00,97.47752380371094,98.3499984741211,101.0,96.94999694824219,98.0,12121
2024-04-18 00:00:00+00:00,99.21199798583984,100.0999984741211,103.0,99.5999984741211,100.5,17693
2024-04-19 00:00:00+00:00,96.83329010009766,97.69999694824219,100.25,96.1500015258789,100.1500015258789,9789
2024-04-22 00:00:00+00:00,97.42797088623047,98.30000305175781,99.75,98.0,98.55000305175781,8143
2024-04-23 00:00:00+00:00,100.35179901123047,101.25,102.0,98.30000305175781,98.30000305175781,12812
2024-04-24 00:00:00+00:00,99.70756530761719,100.5999984741211,103.94999694824219,100.0,101.0,6289
2024-04-25 00:00:00+00:00,97.42797088623047,98.30000305175781,101.75,97.0999984741211,100.19999694824219,22289
2024-04-26 00:00:00+00:00,99.41022491455078,100.30000305175781,100.6500015258789,98.4000015258789,98.4000015258789,8988
2024-04-29 00:00:00+00:00,99.55889129638672,100.44999694824219,102.5,99.5999984741211,102.5,13394
2024-04-30 00:00:00+00:00,98.17131805419922,99.05000305175781,101.75,98.5,100.44999694824219,16356
2024-05-02 00:00:00+00:00,101.9375991821289,102.8499984741211,106.0,98.5999984741211,99.05000305175781,60187
2024-05-03 00:00:00+00:00,99.60845184326172,100.5,103.19999694824219,99.5999984741211,102.0,10102
2024-05-06 00:00:00+00:00,99.16244506835938,100.05000305175781,104.0,100.0,100.5,16510
2024-05-07 00:00:00+00:00,97.57662963867188,98.44999694824219,102.8499984741211,98.0,100.05000305175781,10422
2024-05-08 00:00:00+00:00,100.55001831054688,101.44999694824219,103.0999984741211,97.05000305175781,97.05000305175781,26933
2024-05-09 00:00:00+00:00,98.61732482910156,99.5,101.9000015258789,98.0999984741211,100.94999694824219,15632
2024-05-10 00:00:00+00:00,96.78373718261719,97.6500015258789,99.8499984741211,97.0,99.0,11188
2024-05-13 00:00:00+00:00,98.02264404296875,98.9000015258789,99.69999694824219,95.1500015258789,98.0,15842
2024-05-14 00:00:00+00:00,98.91466522216797,99.80000305175781,100.4000015258789,98.5,100.4000015258789,7003
2024-05-15 00:00:00+00:00,98.36953735351562,99.25,100.0999984741211,98.19999694824219,100.05000305175781,9951
2024-05-16 00:00:00+00:00,99.65801239013672,100.55000305175781,101.94999694824219,99.6500015258789,101.0,16927
2024-05-17 00:00:00+00:00,101.88804626464844,102.80000305175781,104.80000305175781,100.5,101.8499984741211,40415
2024-05-21 00:00:00+00:00,99.45977783203125,100.3499984741211,103.94999694824219,100.0,102.5,14498
2024-05-22 00:00:00+00:00,100.35179901123047,101.25,102.25,100.25,100.3499984741211,8409
2024-05-23 00:00:00+00:00,99.11288452148438,100.0,102.05000305175781,99.4000015258789,100.25,9916
2024-05-24 00:00:00+00:00,98.91466522216797,99.80000305175781,102.5999984741211,99.5999984741211,99.5999984741211,8792
2024-05-27 00:00:00+00:00,99.36067199707031,100.25,102.5,99.75,102.0,11557
2024-05-28 00:00:00+00:00,99.45977783203125,100.3499984741211,102.0,99.0,102.0,13307
2024-05-29 00:00:00+00:00,119.33191680908203,120.4000015258789,120.4000015258789,107.6500015258789,114.0,410480
2024-05-30 00:00:00+00:00,120.22393035888672,121.30000305175781,131.89999389648438,118.5999984741211,128.0,786295
2024-05-31 00:00:00+00:00,113.63292694091797,114.6500015258789,120.8499984741211,114.0,120.55000305175781,97687
2024-06-03 00:00:00+00:00,113.4346923828125,114.44999694824219,120.0,114.0,120.0,42920
2024-06-04 00:00:00+00:00,103.96942138671875,104.9000015258789,116.1500015258789,100.0,116.1500015258789,64972
2024-06-05 00:00:00+00:00,106.79413604736328,107.75,109.0,100.30000305175781,107.0,62309
2024-06-06 00:00:00+00:00,111.20465850830078,112.19999694824219,113.30000305175781,109.9000015258789,109.9000015258789,57590
2024-06-07 00:00:00+00:00,113.83114624023438,114.8499984741211,116.80000305175781,111.5,113.0,52777
2024-06-10 00:00:00+00:00,118.94537353515625,120.01000213623047,122.0,116.0,118.0,136350
2024-06-11 00:00:00+00:00,119.79774475097656,120.87000274658203,125.4000015258789,120.0,121.0,82256
2024-06-12 00:00:00+00:00,119.70854187011719,120.77999877929688,125.0,120.0999984741211,121.0,58365
2024-06-13 00:00:00+00:00,117.77584075927734,118.83000183105469,122.18000030517578,118.0,122.18000030517578,29285
2024-06-14 00:00:00+00:00,117.45868682861328,118.51000213623047,120.48999786376953,116.5,116.5,32875
2024-06-18 00:00:00+00:00,117.47850036621094,118.52999877929688,121.0,118.0,119.01000213623047,31692
2024-06-19 00:00:00+00:00,116.62612915039062,117.66999816894531,120.66999816894531,116.5199966430664,118.75,30634
2024-06-20 00:00:00+00:00,116.7549819946289,117.80000305175781,121.13999938964844,116.83000183105469,117.0,36628
2024-06-21 00:00:00+00:00,119.1138687133789,120.18000030517578,120.9000015258789,117.5999984741211,118.0,49277
2024-06-24 00:00:00+00:00,118.13265228271484,119.19000244140625,124.2699966430664,117.0,123.0,74953
2024-06-25 00:00:00+00:00,117.28028106689453,118.33000183105469,122.91999816894531,117.16000366210938,119.79000091552734,24050
2024-06-26 00:00:00+00:00,116.92346954345703,117.97000122070312,122.94999694824219,117.12000274658203,120.5,59637
2024-06-27 00:00:00+00:00,115.55570983886719,116.58999633789062,119.77999877929688,116.01000213623047,117.25,24089
2024-06-28 00:00:00+00:00,116.64595794677734,117.69000244140625,119.25,116.25,116.25,19298
2024-07-01 00:00:00+00:00,118.38043212890625,119.44000244140625,120.98999786376953,118.0,118.0,35044
2024-07-02 00:00:00+00:00,120.5113525390625,121.58999633789062,123.8499984741211,118.76000213623047,120.0,95928
2024-07-03 00:00:00+00:00,118.74714660644531,119.80999755859375,123.98999786376953,118.83000183105469,122.0,48081
2024-07-04 00:00:00+00:00,118.84626770019531,119.91000366210938,123.0,119.12999725341797,123.0,52698
2024-07-05 00:00:00+00:00,121.85929107666016,122.94999694824219,124.9000015258789,119.05000305175781,119.05000305175781,97997
2024-07-08 00:00:00+00:00,121.40337371826172,122.48999786376953,126.5,120.05000305175781,122.94999694824219,83994
2024-07-09 00:00:00+00:00,121.39346313476562,122.4800033569336,125.5,122.20999908447266,125.5,39431
2024-07-10 00:00:00+00:00,121.27452850341797,122.36000061035156,125.0,119.02999877929688,125.0,37336
2024-07-11 00:00:00+00:00,120.44197845458984,121.5199966430664,124.0,120.70999908447266,121.73999786376953,31301
2024-07-12 00:00:00+00:00,119.19316101074219,120.26000213623047,124.94999694824219,118.01000213623047,123.0,58897
2024-07-15 00:00:00+00:00,120.41224670410156,121.48999786376953,122.69000244140625,120.81999969482422,121.0,17695
2024-07-16 00:00:00+00:00,118.7768783569336,119.83999633789062,122.38999938964844,119.5,121.5,23061
2024-07-18 00:00:00+00:00,115.36740112304688,116.4000015258789,120.31999969482422,116.0999984741211,119.5,31480
2024-07-19 00:00:00+00:00,111.7894287109375,112.79000091552734,117.41999816894531,111.69999694824219,116.4000015258789,34437
2024-07-22 00:00:00+00:00,111.6803970336914,112.68000030517578,115.0,111.5999984741211,115.0,13175
2024-07-23 00:00:00+00:00,110.15406036376953,111.13999938964844,116.05000305175781,109.18000030517578,113.0,20238
2024-07-24 00:00:00+00:00,115.8431396484375,116.87999725341797,117.75,110.01000213623047,110.01000213623047,24536
2024-07-25 00:00:00+00:00,114.82228088378906,115.8499984741211,116.9000015258789,113.70999908447266,116.8499984741211,10251
2024-07-26 00:00:00+00:00,116.2594223022461,117.30000305175781,119.77999877929688,114.01000213623047,114.01000213623047,28604
2024-07-29 00:00:00+00:00,117.22080993652344,118.2699966430664,119.94999694824219,116.95999908447266,117.0,19906
2024-07-30 00:00:00+00:00,117.51815032958984,118.56999969482422,121.52999877929688,117.0,117.0,25375
2024-07-31 00:00:00+00:00,120.14463806152344,121.22000122070312,122.19999694824219,117.9800033569336,117.98999786376953,48913
2024-08-01 00:00:00+00:00,119.05440521240234,120.12000274658203,123.5,117.70999908447266,122.4000015258789,42826
2024-08-02 00:00:00+00:00,119.21297454833984,120.27999877929688,123.25,117.0,120.01000213623047,33554
2024-08-05 00:00:00+00:00,120.08517456054688,121.16000366210938,124.75,116.0,116.0,166580
2024-08-06 00:00:00+00:00,115.0105972290039,116.04000091552734,124.69000244140625,114.8499984741211,124.0,61011
2024-08-07 00:00:00+00:00,118.5489273071289,119.61000061035156,121.69000244140625,116.2699966430664,116.2699966430664,54386
2024-08-08 00:00:00+00:00,118.06327056884766,119.12000274658203,121.76000213623047,118.5,119.0,28813
2024-08-09 00:00:00+00:00,120.59064483642578,121.66999816894531,123.0,119.43000030517578,120.05000305175781,33432
2024-08-12 00:00:00+00:00,122.4143295288086,123.51000213623047,124.80000305175781,120.5999984741211,122.5,96642
2024-08-13 00:00:00+00:00,111.383056640625,112.37999725341797,121.94999694824219,111.4000015258789,121.94999694824219,196257
2024-08-14 00:00:00+00:00,111.14518737792969,112.13999938964844,114.5,111.41000366210938,113.9800033569336,30133
2024-08-16 00:00:00+00:00,113.40496063232422,114.41999816894531,115.5,112.87000274658203,113.0,23037
2024-08-19 00:00:00+00:00,113.7815933227539,114.80000305175781,117.80000305175781,114.0,114.0,32987
2024-08-20 00:00:00+00:00,113.86087799072266,114.87999725341797,116.61000061035156,113.0,116.44999694824219,23664
2024-08-21 00:00:00+00:00,117.52806091308594,118.58000183105469,119.79000091552734,114.0,114.0,61836
2024-08-22 00:00:00+00:00,136.4586181640625,137.67999267578125,141.97999572753906,118.79000091552734,119.5,1821667
2024-08-23 00:00:00+00:00,140.30419921875,141.55999755859375,147.0,139.0,141.39999389648438,1144222
2024-08-26 00:00:00+00:00,145.8743438720703,147.17999267578125,152.3000030517578,137.97999572753906,142.69000244140625,820010
2024-08-27 00:00:00+00:00,141.82061767578125,143.08999633789062,147.89999389648438,140.60000610351562,147.89999389648438,225189
2024-08-28 00:00:00+00:00,151.2264404296875,152.5800018310547,157.97999572753906,140.10000610351562,143.08999633789062,872646
2024-08-29 00:00:00+00:00,149.52169799804688,150.86000061035156,156.0,147.0,154.3000030517578,261487
2024-08-30 00:00:00+00:00,145.01205444335938,146.30999755859375,151.5,144.32000732421875,150.89999389648438,133060
2024-09-02 00:00:00+00:00,137.7570037841797,138.99000549316406,142.0,138.99000549316406,142.0,26301
2024-09-03 00:00:00+00:00,130.86865234375,132.0399932861328,136.25,132.0399932861328,133.0,43890
2024-09-04 00:00:00+00:00,137.4101104736328,138.63999938964844,138.63999938964844,125.43000030517578,125.43000030517578,82068
2024-09-05 00:00:00+00:00,139.00582885742188,140.25,142.6999969482422,138.0,139.5,29780
2024-09-06 00:00:00+00:00,132.44454956054688,133.6300048828125,140.75999450683594,133.22999572753906,133.3000030517578,44264
2024-09-09 00:00:00+00:00,133.2473602294922,134.44000244140625,139.89999389648438,130.10000610351562,133.0,30331
2024-09-10 00:00:00+00:00,135.47740173339844,136.69000244140625,139.39999389648438,132.85000610351562,139.39999389648438,17791
2024-09-11 00:00:00+00:00,133.66363525390625,134.86000061035156,138.89999389648438,133.27999877929688,134.0,19391
2024-09-12 00:00:00+00:00,136.1216278076172,137.33999633789062,137.9499969482422,134.0,134.0,21638
2024-09-13 00:00:00+00:00,134.92237854003906,136.1300048828125,137.5,135.00999450683594,137.0,21571
2024-09-16 00:00:00+00:00,134.07000732421875,135.27000427246094,138.4499969482422,135.0,138.4499969482422,11196
2024-09-17 00:00:00+00:00,134.13999938964844,134.13999938964844,136.97999572753906,132.39999389648438,136.97999572753906,12203
2024-09-18 00:00:00+00:00,131.60000610351562,131.60000610351562,135.85000610351562,130.0,134.0,18159
2024-09-19 00:00:00+00:00,127.23999786376953,127.23999786376953,134.5,125.0199966430664,131.60000610351562,22910
2024-09-20 00:00:00+00:00,127.31999969482422,127.31999969482422,130.0,122.4000015258789,127.0,21461
2024-09-23 00:00:00+00:00,130.7100067138672,130.7100067138672,132.6999969482422,128.0,132.0,19352
2024-09-24 00:00:00+00:00,126.2699966430664,126.2699966430664,132.5,125.0,130.0,13380
2024-09-25 00:00:00+00:00,128.1300048828125,128.1300048828125,131.1999969482422,126.0,126.0,11286
2024-09-26 00:00:00+00:00,126.91000366210938,126.91000366210938,129.0,121.76000213623047,126.19999694824219,38465
2024-09-27 00:00:00+00:00,133.25,133.25,133.25,126.05000305175781,126.05000305175781,33526
2024-09-30 00:00:00+00:00,136.61000061035156,136.61000061035156,139.89999389648438,132.0,134.0,48856
2024-10-01 00:00:00+00:00,137.32000732421875,137.32000732421875,139.5,133.44000244140625,139.0,18668
2024-10-03 00:00:00+00:00,134.61000061035156,134.61000061035156,138.0,131.5500030517578,137.0,49069
2024-10-04 00:00:00+00:00,131.36000061035156,131.36000061035156,137.6999969482422,128.1999969482422,135.0,15451
2024-10-07 00:00:00+00:00,127.41999816894531,127.41999816894531,134.64999389648438,124.79000091552734,126.1500015258789,38462
2024-10-08 00:00:00+00:00,133.7899932861328,133.7899932861328,133.7899932861328,122.05000305175781,127.5,23493
2024-10-09 00:00:00+00:00,134.9600067138672,134.9600067138672,136.0,131.2100067138672,133.0,25408
2024-10-10 00:00:00+00:00,129.7899932861328,129.7899932861328,136.0,129.0,136.0,14576
2024-10-11 00:00:00+00:00,131.19000244140625,131.19000244140625,132.39999389648438,128.25,131.0,5554
2024-10-14 00:00:00+00:00,135.05999755859375,135.05999755859375,136.0,127.11000061035156,131.8000030517578,29629
2024-10-15 00:00:00+00:00,135.32000732421875,135.32000732421875,136.64999389648438,130.0500030517578,135.5,15459
2024-10-16 00:00:00+00:00,134.3800048828125,134.3800048828125,138.0,130.25999450683594,133.0,28102
2024-10-17 00:00:00+00:00,132.52000427246094,132.52000427246094,138.10000610351562,130.0500030517578,132.0,15216
2024-10-18 00:00:00+00:00,130.16000366210938,130.16000366210938,132.88999938964844,125.88999938964844,131.0,16842
2024-10-21 00:00:00+00:00,129.0500030517578,129.0500030517578,131.0,125.0,129.99000549316406,9397
2024-10-22 00:00:00+00:00,122.58999633789062,122.58999633789062,127.73999786376953,122.58999633789062,127.73999786376953,19995
2024-10-23 00:00:00+00:00,119.37999725341797,119.37999725341797,122.80000305175781,117.9000015258789,122.80000305175781,13792
2024-10-24 00:00:00+00:00,118.75,118.75,122.44999694824219,118.22000122070312,119.0,11878
2024-10-25 00:00:00+00:00,114.20999908447266,114.20999908447266,121.5,112.80999755859375,118.0,15773
2024-10-28 00:00:00+00:00,119.02999877929688,119.02999877929688,119.91999816894531,108.48999786376953,115.0,27531
2024-10-29 00:00:00+00:00,117.2300033569336,117.2300033569336,120.0,115.77999877929688,117.0,7873
2024-10-30 00:00:00+00:00,121.20999908447266,121.20999908447266,122.94999694824219,116.0,116.0,7218
2024-10-31 00:00:00+00:00,123.9800033569336,123.9800033569336,125.9000015258789,120.05000305175781,124.0,14583
2024-11-01 00:00:00+00:00,123.9800033569336,123.9800033569336,123.9800033569336,123.9800033569336,123.9800033569336,0
