Price,Adj Close,Close,High,Low,Open,Volume
Ticker,EMUDHRA.NS,EMUDHRA.NS,EMUDHRA.NS,EMUDHRA.NS,EMUDHRA.NS,EMUDHRA.NS
Date,,,,,,
2022-06-01 00:00:00+00:00,255.75401306152344,257.8999938964844,279.0,256.0,270.0,7383750
2022-06-02 00:00:00+00:00,253.77069091796875,255.89999389648438,259.0,253.75,255.89999389648438,965938
2022-06-03 00:00:00+00:00,254.06820678710938,256.20001220703125,261.0,255.14999389648438,256.1000061035156,871504
2022-06-06 00:00:00+00:00,255.3573455810547,257.5,259.6000061035156,254.0500030517578,256.20001220703125,325169
2022-06-07 00:00:00+00:00,256.6961669921875,258.8500061035156,260.3999938964844,253.3000030517578,253.3000030517578,333655
2022-06-08 00:00:00+00:00,253.22525024414062,255.35000610351562,259.0,253.0500030517578,256.0,178072
2022-06-09 00:00:00+00:00,253.8202667236328,255.9499969482422,258.0,254.4499969482422,255.35000610351562,164921
2022-06-10 00:00:00+00:00,251.09315490722656,253.1999969482422,255.0,252.0,253.89999389648438,132439
2022-06-13 00:00:00+00:00,245.4901580810547,247.5500030517578,253.0,245.10000610351562,253.0,260250
2022-06-14 00:00:00+00:00,252.878173828125,255.0,256.0,244.10000610351562,245.0,235625
2022-06-15 00:00:00+00:00,254.46487426757812,256.6000061035156,258.79998779296875,253.89999389648438,257.8999938964844,219168
2022-06-16 00:00:00+00:00,254.71278381347656,256.8500061035156,258.75,253.75,256.1000061035156,301391
2022-06-17 00:00:00+00:00,253.5227508544922,255.64999389648438,257.5,251.85000610351562,253.10000610351562,197431
2022-06-20 00:00:00+00:00,249.1593780517578,251.25,254.3000030517578,248.0500030517578,252.25,118670
2022-06-21 00:00:00+00:00,241.6226043701172,243.64999389648438,253.89999389648438,236.5500030517578,251.5500030517578,64248
2022-06-22 00:00:00+00:00,244.39930725097656,246.4499969482422,253.1999969482422,236.3000030517578,240.9499969482422,119991
2022-06-23 00:00:00+00:00,238.7963409423828,240.8000030517578,249.8000030517578,239.5,246.39999389648438,43188
2022-06-24 00:00:00+00:00,237.4575653076172,239.4499969482422,244.75,239.0,243.8000030517578,35442
2022-06-27 00:00:00+00:00,237.5071563720703,239.5,243.39999389648438,238.0,240.10000610351562,31530
2022-06-28 00:00:00+00:00,244.2505645751953,246.3000030517578,251.0,237.1999969482422,238.5500030517578,115028
2022-06-29 00:00:00+00:00,251.39065551757812,253.5,255.0,243.89999389648438,246.0500030517578,96624
2022-06-30 00:00:00+00:00,250.79563903808594,252.89999389648438,256.0,248.25,252.0,54832
2022-07-01 00:00:00+00:00,250.3989715576172,252.5,254.39999389648438,246.0,247.5,44487
2022-07-04 00:00:00+00:00,244.89515686035156,246.9499969482422,252.0,246.0,250.0,18303
2022-07-05 00:00:00+00:00,246.53143310546875,248.60000610351562,251.10000610351562,246.0,246.0,35405
2022-07-06 00:00:00+00:00,248.11810302734375,250.1999969482422,251.9499969482422,244.3000030517578,249.0,80759
2022-07-07 00:00:00+00:00,246.43226623535156,248.5,252.9499969482422,248.0,252.0,26330
2022-07-08 00:00:00+00:00,246.28350830078125,248.35000610351562,250.6999969482422,247.10000610351562,248.39999389648438,21802
2022-07-11 00:00:00+00:00,255.15902709960938,257.29998779296875,260.0,245.10000610351562,245.10000610351562,153313
2022-07-12 00:00:00+00:00,247.8206024169922,249.89999389648438,256.6000061035156,248.10000610351562,253.10000610351562,39063
2022-07-13 00:00:00+00:00,249.1097869873047,251.1999969482422,256.0,250.0,251.0,24824
2022-07-14 00:00:00+00:00,248.11810302734375,250.1999969482422,252.0500030517578,246.10000610351562,250.0,25879
2022-07-15 00:00:00+00:00,245.5893096923828,247.64999389648438,255.0,246.1999969482422,255.0,22348
2022-07-18 00:00:00+00:00,246.87850952148438,248.9499969482422,250.9499969482422,248.0,248.0,20217
2022-07-19 00:00:00+00:00,244.15139770507812,246.1999969482422,251.4499969482422,245.10000610351562,248.0500030517578,37091
2022-07-20 00:00:00+00:00,244.89515686035156,246.9499969482422,250.89999389648438,245.0500030517578,248.35000610351562,40012
2022-07-21 00:00:00+00:00,247.91978454589844,250.0,250.60000610351562,246.10000610351562,248.0,119770
2022-07-22 00:00:00+00:00,251.5889892578125,253.6999969482422,256.95001220703125,249.0,253.0,96562
2022-07-25 00:00:00+00:00,282.87646484375,285.25,296.79998779296875,256.0,257.0,2460622
2022-07-26 00:00:00+00:00,324.3286437988281,327.04998779296875,337.0,278.54998779296875,283.29998779296875,3663673
2022-07-27 00:00:00+00:00,324.4774169921875,327.20001220703125,356.6499938964844,321.0,329.20001220703125,3014836
2022-07-28 00:00:00+00:00,331.843994140625,333.3500061035156,336.75,327.04998779296875,330.20001220703125,656968
2022-07-29 00:00:00+00:00,339.5589599609375,341.1000061035156,373.45001220703125,328.8999938964844,330.3999938964844,2308649
2022-08-01 00:00:00+00:00,352.99798583984375,354.6000061035156,366.75,336.20001220703125,347.0,866761
2022-08-02 00:00:00+00:00,359.6676940917969,361.29998779296875,366.29998779296875,350.6000061035156,353.0,743139
2022-08-03 00:00:00+00:00,364.3962097167969,366.04998779296875,374.70001220703125,361.0,363.8999938964844,835824
2022-08-04 00:00:00+00:00,356.3825988769531,358.0,371.29998779296875,332.8500061035156,368.0,741301
2022-08-05 00:00:00+00:00,357.12921142578125,358.75,367.79998779296875,353.1499938964844,356.70001220703125,347754
2022-08-08 00:00:00+00:00,342.99334716796875,344.54998779296875,360.0,342.0,354.29998779296875,338370
2022-08-10 00:00:00+00:00,349.1653747558594,350.75,362.0,342.0,342.0,631170
2022-08-11 00:00:00+00:00,377.5863952636719,379.29998779296875,398.8999938964844,351.25,351.25,2424242
2022-08-12 00:00:00+00:00,366.68585205078125,368.3500061035156,394.0,364.0,380.70001220703125,1064451
2022-08-16 00:00:00+00:00,355.0885009765625,356.70001220703125,372.79998779296875,354.45001220703125,372.79998779296875,474636
2022-08-17 00:00:00+00:00,360.9618225097656,362.6000061035156,369.0,355.75,359.70001220703125,398385
2022-08-18 00:00:00+00:00,354.6405029296875,356.25,365.8999938964844,349.6499938964844,363.6499938964844,560424
2022-08-19 00:00:00+00:00,349.2151184082031,350.79998779296875,359.29998779296875,349.45001220703125,355.5,294550
2022-08-22 00:00:00+00:00,351.2558898925781,352.8500061035156,365.0,349.45001220703125,352.0,420144
2022-08-23 00:00:00+00:00,355.7853088378906,357.3999938964844,362.20001220703125,350.0,352.8500061035156,207457
2022-08-24 00:00:00+00:00,357.12921142578125,358.75,380.95001220703125,350.20001220703125,357.95001220703125,1112190
2022-08-25 00:00:00+00:00,355.13824462890625,356.75,364.95001220703125,355.04998779296875,357.75,452698
2022-08-26 00:00:00+00:00,359.9663391113281,361.6000061035156,366.29998779296875,355.20001220703125,359.5,320551
2022-08-29 00:00:00+00:00,358.0749206542969,359.70001220703125,365.0,350.0,354.0,279460
2022-08-30 00:00:00+00:00,357.72650146484375,359.3500061035156,384.0,356.6000061035156,361.1499938964844,855474
2022-09-01 00:00:00+00:00,356.2830505371094,357.8999938964844,370.95001220703125,355.29998779296875,358.0,370678
2022-09-02 00:00:00+00:00,350.16082763671875,351.75,364.3999938964844,350.0,360.45001220703125,243675
2022-09-05 00:00:00+00:00,336.87115478515625,338.3999938964844,354.70001220703125,334.0,352.1000061035156,351640
2022-09-06 00:00:00+00:00,324.7262878417969,326.20001220703125,342.8999938964844,324.5,341.0,321637
2022-09-07 00:00:00+00:00,328.2104797363281,329.70001220703125,335.0,322.45001220703125,324.70001220703125,264795
2022-09-08 00:00:00+00:00,330.997802734375,332.5,340.79998779296875,330.3999938964844,334.29998779296875,157930
2022-09-09 00:00:00+00:00,323.78057861328125,325.25,335.8500061035156,323.0,335.8500061035156,307148
2022-09-12 00:00:00+00:00,328.5091247558594,330.0,331.29998779296875,324.3999938964844,327.5,169649
2022-09-13 00:00:00+00:00,325.87109375,327.3500061035156,332.6499938964844,325.3500061035156,330.6000061035156,128080
2022-09-14 00:00:00+00:00,322.18780517578125,323.6499938964844,326.70001220703125,318.95001220703125,323.5,187657
2022-09-15 00:00:00+00:00,320.694580078125,322.1499938964844,333.29998779296875,320.5,324.1499938964844,203462
2022-09-16 00:00:00+00:00,308.64923095703125,310.04998779296875,322.5,309.5,322.3999938964844,296552
2022-09-19 00:00:00+00:00,298.3460388183594,299.70001220703125,311.8500061035156,297.95001220703125,311.8500061035156,276058
2022-09-20 00:00:00+00:00,310.8393249511719,312.25,318.95001220703125,300.0,300.0,296235
2022-09-21 00:00:00+00:00,302.2781677246094,303.6499938964844,312.95001220703125,298.1000061035156,312.95001220703125,108943
2022-09-22 00:00:00+00:00,310.5904541015625,312.0,315.0,303.0,303.5,155036
2022-09-23 00:00:00+00:00,304.020263671875,305.3999938964844,313.45001220703125,302.0,313.0,91979
2022-09-26 00:00:00+00:00,299.7894592285156,301.1499938964844,306.25,287.79998779296875,302.5,266163
2022-09-27 00:00:00+00:00,303.2736511230469,304.6499938964844,312.8999938964844,295.5,306.29998779296875,116759
2022-09-28 00:00:00+00:00,310.5904541015625,312.0,315.6000061035156,300.0,308.0,239850
2022-09-29 00:00:00+00:00,308.8483581542969,310.25,317.54998779296875,307.0,315.45001220703125,96842
2022-09-30 00:00:00+00:00,323.5317077636719,325.0,330.95001220703125,305.5,305.5,269010
2022-10-03 00:00:00+00:00,306.6085205078125,308.0,326.0,306.0,324.0,134173
2022-10-04 00:00:00+00:00,313.9750671386719,315.3999938964844,320.70001220703125,309.8999938964844,313.0,149599
2022-10-06 00:00:00+00:00,314.22393798828125,315.6499938964844,321.70001220703125,313.8500061035156,318.45001220703125,125329
2022-10-07 00:00:00+00:00,311.3868103027344,312.79998779296875,318.1499938964844,310.20001220703125,314.8999938964844,73465
2022-10-10 00:00:00+00:00,309.7940673828125,311.20001220703125,315.79998779296875,308.45001220703125,310.04998779296875,63242
2022-10-11 00:00:00+00:00,307.5542297363281,308.95001220703125,314.54998779296875,306.54998779296875,312.0,53796
2022-10-12 00:00:00+00:00,308.0021667480469,309.3999938964844,311.45001220703125,306.04998779296875,306.04998779296875,53203
2022-10-13 00:00:00+00:00,309.7442626953125,311.1499938964844,313.70001220703125,305.0,308.8999938964844,87796
2022-10-14 00:00:00+00:00,308.3506164550781,309.75,316.5,308.6000061035156,315.0,47777
2022-10-17 00:00:00+00:00,307.8031005859375,309.20001220703125,314.54998779296875,306.0,310.0,45534
2022-10-18 00:00:00+00:00,312.9795837402344,314.3999938964844,316.5,310.0,310.0,67515
2022-10-19 00:00:00+00:00,320.6448059082031,322.1000061035156,328.6499938964844,314.3999938964844,314.3999938964844,192268
2022-10-20 00:00:00+00:00,332.0928649902344,333.6000061035156,339.0,326.1000061035156,339.0,540715
2022-10-21 00:00:00+00:00,322.4366760253906,323.8999938964844,336.45001220703125,322.5,335.25,141115
2022-10-24 00:00:00+00:00,328.0611267089844,329.54998779296875,332.20001220703125,325.0,329.6000061035156,52547
2022-10-25 00:00:00+00:00,321.39141845703125,322.8500061035156,328.75,319.75,325.0,85807
2022-10-27 00:00:00+00:00,318.5542907714844,320.0,325.95001220703125,318.54998779296875,324.95001220703125,88957
2022-10-28 00:00:00+00:00,318.1063232421875,319.54998779296875,323.6499938964844,318.0,321.04998779296875,90156
2022-10-31 00:00:00+00:00,318.0068054199219,319.45001220703125,322.79998779296875,317.04998779296875,319.6000061035156,68494
2022-11-01 00:00:00+00:00,338.6132507324219,340.1499938964844,357.70001220703125,324.45001220703125,329.70001220703125,1695205
2022-11-02 00:00:00+00:00,335.3281555175781,336.8500061035156,350.0,334.5,342.5,369284
2022-11-03 00:00:00+00:00,336.92095947265625,338.45001220703125,341.54998779296875,331.8500061035156,334.95001220703125,142957
2022-11-04 00:00:00+00:00,338.26483154296875,339.79998779296875,342.70001220703125,332.5,342.6499938964844,110667
2022-11-07 00:00:00+00:00,331.6448669433594,333.1499938964844,345.6499938964844,331.5,342.79998779296875,144654
2022-11-09 00:00:00+00:00,332.0928649902344,333.6000061035156,342.0,330.0,333.95001220703125,125685
2022-11-10 00:00:00+00:00,326.0701599121094,327.54998779296875,335.5,325.1499938964844,334.8999938964844,71576
2022-11-11 00:00:00+00:00,323.97967529296875,325.45001220703125,333.79998779296875,323.04998779296875,333.79998779296875,62407
2022-11-14 00:00:00+00:00,330.1516418457031,331.6499938964844,334.79998779296875,325.45001220703125,326.79998779296875,96478
2022-11-15 00:00:00+00:00,329.30548095703125,330.79998779296875,333.29998779296875,329.8999938964844,333.29998779296875,42170
2022-11-16 00:00:00+00:00,328.1109313964844,329.6000061035156,332.8999938964844,327.04998779296875,332.8999938964844,78590
2022-11-17 00:00:00+00:00,323.5317077636719,325.0,330.6499938964844,321.0,330.6499938964844,50846
2022-11-18 00:00:00+00:00,311.9343566894531,313.3500061035156,328.70001220703125,310.70001220703125,327.5,108522
2022-11-21 00:00:00+00:00,303.92071533203125,305.29998779296875,315.54998779296875,301.1499938964844,314.04998779296875,74654
2022-11-22 00:00:00+00:00,311.08819580078125,312.5,314.6499938964844,307.25,314.6499938964844,48890
2022-11-23 00:00:00+00:00,304.4682312011719,305.8500061035156,314.8999938964844,304.0,313.95001220703125,64366
2022-11-24 00:00:00+00:00,305.0655212402344,306.45001220703125,309.6499938964844,301.54998779296875,307.0,69889
2022-11-25 00:00:00+00:00,309.594970703125,311.0,316.79998779296875,306.0,308.20001220703125,86376
2022-11-28 00:00:00+00:00,307.9026184082031,309.29998779296875,313.0,306.1000061035156,311.0,63122
2022-11-29 00:00:00+00:00,305.8121337890625,307.20001220703125,311.79998779296875,306.0,311.0,54936
2022-11-30 00:00:00+00:00,307.70355224609375,309.1000061035156,314.1000061035156,307.0,308.79998779296875,108062
2022-12-01 00:00:00+00:00,306.9071350097656,308.29998779296875,312.04998779296875,306.1000061035156,307.1499938964844,46074
2022-12-02 00:00:00+00:00,306.9071350097656,308.29998779296875,310.95001220703125,306.79998779296875,308.95001220703125,35925
2022-12-05 00:00:00+00:00,306.4591979980469,307.8500061035156,311.25,306.1000061035156,310.5,42309
2022-12-06 00:00:00+00:00,307.5542297363281,308.95001220703125,310.79998779296875,305.6499938964844,308.79998779296875,66270
2022-12-07 00:00:00+00:00,312.9298400878906,314.3500061035156,319.0,310.04998779296875,310.79998779296875,89988
2022-12-08 00:00:00+00:00,306.0610046386719,307.45001220703125,316.8999938964844,305.1499938964844,314.3500061035156,57040
2022-12-09 00:00:00+00:00,316.5135803222656,317.95001220703125,320.0,305.1499938964844,311.8999938964844,291690
2022-12-12 00:00:00+00:00,310.29180908203125,311.70001220703125,320.8999938964844,311.0,318.0,67482
2022-12-13 00:00:00+00:00,311.3868103027344,312.79998779296875,319.0,310.0,314.8999938964844,51010
2022-12-14 00:00:00+00:00,307.9524230957031,309.3500061035156,316.04998779296875,308.04998779296875,315.0,117449
2022-12-15 00:00:00+00:00,307.0067138671875,308.3999938964844,312.45001220703125,307.25,309.3500061035156,70268
2022-12-16 00:00:00+00:00,306.9071350097656,308.29998779296875,312.54998779296875,306.79998779296875,308.0,56352
2022-12-19 00:00:00+00:00,311.3370666503906,312.75,315.0,308.3999938964844,310.8999938964844,61766
2022-12-20 00:00:00+00:00,310.3415832519531,311.75,315.5,311.0,315.5,32127
2022-12-21 00:00:00+00:00,313.67645263671875,315.1000061035156,316.8999938964844,300.04998779296875,312.95001220703125,156395
2022-12-22 00:00:00+00:00,312.9298400878906,314.3500061035156,318.0,301.0,313.0,127729
2022-12-23 00:00:00+00:00,307.205810546875,308.6000061035156,312.0,297.3500061035156,306.0,244164
2022-12-26 00:00:00+00:00,310.8890686035156,312.29998779296875,315.1499938964844,303.0,303.0,68621
2022-12-27 00:00:00+00:00,327.0656433105469,328.54998779296875,331.20001220703125,311.3500061035156,317.95001220703125,272911
2022-12-28 00:00:00+00:00,326.8665771484375,328.3500061035156,336.79998779296875,326.20001220703125,333.6000061035156,153174
2022-12-29 00:00:00+00:00,318.1063232421875,319.54998779296875,327.0,314.6499938964844,326.1499938964844,114916
2022-12-30 00:00:00+00:00,314.9208068847656,316.3500061035156,324.54998779296875,314.04998779296875,321.29998779296875,95889
2023-01-02 00:00:00+00:00,309.4456481933594,310.8500061035156,318.75,309.0,317.8999938964844,82338
2023-01-03 00:00:00+00:00,308.30084228515625,309.70001220703125,314.0,309.0,312.0,40588
2023-01-04 00:00:00+00:00,304.31890869140625,305.70001220703125,312.04998779296875,303.5,311.79998779296875,98796
2023-01-05 00:00:00+00:00,302.3777160644531,303.75,308.8500061035156,299.8999938964844,308.8500061035156,97807
2023-01-06 00:00:00+00:00,304.020263671875,305.3999938964844,311.20001220703125,302.0,307.95001220703125,88487
2023-01-09 00:00:00+00:00,303.7713928222656,305.1499938964844,309.3999938964844,303.29998779296875,308.8999938964844,55048
2023-01-10 00:00:00+00:00,302.8754577636719,304.25,307.0,302.0,306.75,32529
2023-01-11 00:00:00+00:00,300.6853942871094,302.04998779296875,306.95001220703125,301.0,306.0,57290
2023-01-12 00:00:00+00:00,300.038330078125,301.3999938964844,306.1499938964844,300.25,304.79998779296875,42125
2023-01-13 00:00:00+00:00,299.3912658691406,300.75,303.8999938964844,300.0,302.6000061035156,40189
2023-01-16 00:00:00+00:00,302.12884521484375,303.5,304.95001220703125,300.8500061035156,301.29998779296875,37730
2023-01-17 00:00:00+00:00,299.8392639160156,301.20001220703125,304.3999938964844,300.5,304.0,31337
2023-01-18 00:00:00+00:00,296.2555236816406,297.6000061035156,303.8500061035156,296.8999938964844,303.8500061035156,44797
2023-01-19 00:00:00+00:00,279.5313720703125,280.79998779296875,299.20001220703125,279.0,298.0,202096
2023-01-20 00:00:00+00:00,270.2236328125,271.45001220703125,283.0,270.0,283.0,304162
2023-01-23 00:00:00+00:00,286.8481750488281,288.1499938964844,293.70001220703125,272.95001220703125,272.95001220703125,399708
2023-01-24 00:00:00+00:00,286.74859619140625,288.04998779296875,291.3999938964844,285.5,290.0,82758
2023-01-25 00:00:00+00:00,289.1378173828125,290.45001220703125,291.54998779296875,281.0,291.54998779296875,80777
2023-01-27 00:00:00+00:00,279.83001708984375,281.1000061035156,288.0,270.3999938964844,288.0,127747
2023-01-30 00:00:00+00:00,277.4906311035156,278.75,286.29998779296875,266.6000061035156,281.29998779296875,127185
2023-01-31 00:00:00+00:00,274.65350341796875,275.8999938964844,283.0,274.8500061035156,280.95001220703125,53298
2023-02-01 00:00:00+00:00,269.7756652832031,271.0,281.20001220703125,267.29998779296875,276.0,78068
2023-02-02 00:00:00+00:00,266.8887634277344,268.1000061035156,276.95001220703125,265.1000061035156,276.95001220703125,54232
2023-02-03 00:00:00+00:00,260.16925048828125,261.3500061035156,269.20001220703125,259.1499938964844,266.54998779296875,61058
2023-02-06 00:00:00+00:00,268.6806335449219,269.8999938964844,272.0,258.1499938964844,260.0,63447
2023-02-07 00:00:00+00:00,262.8072814941406,264.0,274.95001220703125,262.54998779296875,272.0,49391
2023-02-08 00:00:00+00:00,265.2462158203125,266.45001220703125,269.3500061035156,264.0,264.95001220703125,42411
2023-02-09 00:00:00+00:00,266.14215087890625,267.3500061035156,270.0,264.0,270.0,23204
2023-02-10 00:00:00+00:00,264.15118408203125,265.3500061035156,270.0,260.8500061035156,268.8500061035156,51507
2023-02-13 00:00:00+00:00,258.97467041015625,260.1499938964844,267.0,257.1499938964844,263.1499938964844,63230
2023-02-14 00:00:00+00:00,260.01995849609375,261.20001220703125,263.5,257.20001220703125,263.5,31513
2023-02-15 00:00:00+00:00,258.676025390625,259.8500061035156,263.95001220703125,257.54998779296875,263.95001220703125,49482
2023-02-16 00:00:00+00:00,252.70315551757812,253.85000610351562,264.95001220703125,251.35000610351562,264.0,90736
2023-02-17 00:00:00+00:00,251.0108184814453,252.14999389648438,258.0,251.0500030517578,258.0,59438
2023-02-20 00:00:00+00:00,254.6443328857422,255.8000030517578,259.45001220703125,252.8000030517578,254.85000610351562,44063
2023-02-21 00:00:00+00:00,260.56744384765625,261.75,265.3999938964844,255.35000610351562,257.75,115044
2023-02-22 00:00:00+00:00,255.490478515625,256.6499938964844,264.5,254.25,264.45001220703125,37797
2023-02-23 00:00:00+00:00,255.9384765625,257.1000061035156,260.95001220703125,255.9499969482422,259.8500061035156,31365
2023-02-24 00:00:00+00:00,255.04254150390625,256.20001220703125,259.3500061035156,255.0,255.5500030517578,19946
2023-02-27 00:00:00+00:00,252.50404357910156,253.64999389648438,258.0,252.64999389648438,256.20001220703125,20576
2023-02-28 00:00:00+00:00,252.2551727294922,253.39999389648438,256.1499938964844,252.0,253.60000610351562,21000
2023-03-01 00:00:00+00:00,255.34115600585938,256.5,258.0,253.0,256.8999938964844,36249
2023-03-02 00:00:00+00:00,258.57647705078125,259.75,262.45001220703125,255.5,259.8999938964844,25856
2023-03-03 00:00:00+00:00,258.3276062011719,259.5,264.0,258.04998779296875,264.0,37442
2023-03-06 00:00:00+00:00,254.9927520751953,256.1499938964844,264.5,254.0,264.20001220703125,40554
2023-03-08 00:00:00+00:00,254.4452362060547,255.60000610351562,261.29998779296875,253.85000610351562,256.1499938964844,37999
2023-03-09 00:00:00+00:00,254.1963653564453,255.35000610351562,256.95001220703125,254.0,255.60000610351562,23412
2023-03-10 00:00:00+00:00,253.35020446777344,254.5,257.70001220703125,252.0,256.6499938964844,34529
2023-03-13 00:00:00+00:00,245.08770751953125,246.1999969482422,257.0,243.3000030517578,256.95001220703125,67361
2023-03-14 00:00:00+00:00,240.1600799560547,241.25,247.5500030517578,237.0,247.5,102055
2023-03-15 00:00:00+00:00,237.42250061035156,238.5,247.5500030517578,237.0,247.5500030517578,67618
2023-03-16 00:00:00+00:00,224.3319091796875,225.35000610351562,240.89999389648438,224.0,240.89999389648438,165750
2023-03-17 00:00:00+00:00,219.20516967773438,220.1999969482422,227.85000610351562,217.0,225.0,158799
2023-03-20 00:00:00+00:00,219.95176696777344,220.9499969482422,235.60000610351562,211.25,219.0,231812
2023-03-21 00:00:00+00:00,225.0287322998047,226.0500030517578,234.0500030517578,215.0,221.0,171664
2023-03-22 00:00:00+00:00,231.00164794921875,232.0500030517578,233.4499969482422,227.1999969482422,227.1999969482422,73768
2023-03-23 00:00:00+00:00,222.14183044433594,223.14999389648438,232.0500030517578,219.64999389648438,230.0,54238
2023-03-24 00:00:00+00:00,219.90199279785156,220.89999389648438,227.0,220.1999969482422,225.0,42045
2023-03-27 00:00:00+00:00,209.44943237304688,210.39999389648438,220.75,206.8000030517578,218.0,488056
2023-03-28 00:00:00+00:00,211.3408660888672,212.3000030517578,221.1999969482422,211.0,213.0,159521
2023-03-29 00:00:00+00:00,215.42233276367188,216.39999389648438,218.89999389648438,212.5,212.5,117811
2023-03-31 00:00:00+00:00,213.8793487548828,214.85000610351562,222.9499969482422,210.0,219.6999969482422,142790
2023-04-03 00:00:00+00:00,225.3771514892578,226.39999389648438,233.14999389648438,217.75,220.0,129680
2023-04-05 00:00:00+00:00,226.82061767578125,227.85000610351562,229.0,224.89999389648438,228.64999389648438,71931
2023-04-06 00:00:00+00:00,239.11480712890625,240.1999969482422,244.6999969482422,226.0,228.0,112782
2023-04-10 00:00:00+00:00,242.94741821289062,244.0500030517578,245.8000030517578,240.0,243.4499969482422,72261
2023-04-11 00:00:00+00:00,250.71218872070312,251.85000610351562,254.4499969482422,243.25,243.25,104688
2023-04-12 00:00:00+00:00,244.44064331054688,245.5500030517578,253.14999389648438,242.25,253.14999389648438,67081
2023-04-13 00:00:00+00:00,240.11029052734375,241.1999969482422,246.75,240.5,245.0500030517578,28084
2023-04-17 00:00:00+00:00,259.87060546875,261.04998779296875,279.04998779296875,238.25,242.25,127816
2023-04-18 00:00:00+00:00,258.8751220703125,260.04998779296875,275.04998779296875,258.45001220703125,265.0,138722
2023-04-19 00:00:00+00:00,271.66705322265625,272.8999938964844,275.0,255.5500030517578,260.04998779296875,390429
2023-04-20 00:00:00+00:00,266.2914733886719,267.5,272.70001220703125,266.25,272.70001220703125,85281
2023-04-21 00:00:00+00:00,266.9883117675781,268.20001220703125,275.0,262.8500061035156,267.3999938964844,99429
2023-04-24 00:00:00+00:00,266.7892150878906,268.0,273.8999938964844,266.04998779296875,269.6000061035156,68136
2023-04-25 00:00:00+00:00,266.6896667480469,267.8999938964844,272.8999938964844,266.25,268.95001220703125,70669
2023-04-26 00:00:00+00:00,264.35028076171875,265.54998779296875,268.70001220703125,262.79998779296875,268.70001220703125,47229
2023-04-27 00:00:00+00:00,269.3774719238281,270.6000061035156,271.70001220703125,265.6499938964844,266.8500061035156,53748
2023-04-28 00:00:00+00:00,269.4770202636719,270.70001220703125,278.04998779296875,268.0,272.6499938964844,94750
2023-05-02 00:00:00+00:00,276.2960510253906,277.54998779296875,280.0,274.0,278.95001220703125,185549
2023-05-03 00:00:00+00:00,280.02911376953125,281.29998779296875,282.0,274.04998779296875,275.0,197507
2023-05-04 00:00:00+00:00,285.703369140625,287.0,288.25,281.0,281.29998779296875,150773
2023-05-05 00:00:00+00:00,297.1016845703125,298.45001220703125,308.04998779296875,287.04998779296875,287.04998779296875,446483
2023-05-08 00:00:00+00:00,314.5226135253906,315.95001220703125,320.0,298.5,299.6000061035156,359049
2023-05-09 00:00:00+00:00,327.2647705078125,328.75,338.70001220703125,319.0,319.95001220703125,734119
2023-05-10 00:00:00+00:00,330.7489318847656,332.25,338.0,328.79998779296875,328.95001220703125,292555
2023-05-11 00:00:00+00:00,338.3146057128906,339.8500061035156,341.0,332.25,334.3500061035156,335207
2023-05-12 00:00:00+00:00,338.66302490234375,340.20001220703125,342.0,335.3500061035156,339.70001220703125,353911
2023-05-15 00:00:00+00:00,338.3146057128906,339.8500061035156,340.95001220703125,331.1499938964844,336.0,231309
2023-05-16 00:00:00+00:00,338.5137023925781,340.04998779296875,344.3999938964844,335.0,341.54998779296875,307909
2023-05-17 00:00:00+00:00,345.1336669921875,346.70001220703125,349.0,337.0,337.0,176647
2023-05-18 00:00:00+00:00,386.2968444824219,388.04998779296875,394.3500061035156,343.5,344.70001220703125,1337429
2023-05-19 00:00:00+00:00,399.4372253417969,401.25,415.0,378.45001220703125,387.0,1568164
2023-05-22 00:00:00+00:00,404.165771484375,406.0,409.3999938964844,381.0,398.04998779296875,308379
2023-05-23 00:00:00+00:00,404.165771484375,406.0,419.6000061035156,378.0,408.04998779296875,420828
2023-05-24 00:00:00+00:00,407.301513671875,409.1499938964844,411.75,395.0,411.75,291384
2023-05-25 00:00:00+00:00,406.80377197265625,408.6499938964844,413.79998779296875,395.0,412.8999938964844,127315
2023-05-26 00:00:00+00:00,404.6137390136719,406.45001220703125,410.75,397.0,403.0,148783
2023-05-29 00:00:00+00:00,404.5141906738281,406.3500061035156,415.1000061035156,400.04998779296875,404.0,144439
2023-05-30 00:00:00+00:00,421.4373779296875,423.3500061035156,430.0,406.3999938964844,411.0,384854
2023-05-31 00:00:00+00:00,429.7496643066406,431.70001220703125,435.0,424.04998779296875,428.0,158661
2023-06-01 00:00:00+00:00,432.5369873046875,434.5,440.0,413.25,432.6499938964844,161923
2023-06-02 00:00:00+00:00,435.921630859375,437.8999938964844,448.0,429.79998779296875,438.95001220703125,112102
2023-06-05 00:00:00+00:00,403.4191589355469,405.25,440.0,399.0,440.0,332768
2023-06-06 00:00:00+00:00,409.7404479980469,411.6000061035156,413.8999938964844,405.0,405.95001220703125,114445
2023-06-07 00:00:00+00:00,410.2879638671875,412.1499938964844,419.0,406.5,417.95001220703125,115698
2023-06-08 00:00:00+00:00,410.4372863769531,412.29998779296875,417.95001220703125,404.6499938964844,410.04998779296875,104860
2023-06-09 00:00:00+00:00,394.8082275390625,396.6000061035156,414.95001220703125,360.6499938964844,414.95001220703125,402380
2023-06-12 00:00:00+00:00,415.8626708984375,417.75,420.0,395.20001220703125,404.3999938964844,152442
2023-06-13 00:00:00+00:00,406.6047058105469,408.45001220703125,424.79998779296875,403.3500061035156,420.1000061035156,149648
2023-06-14 00:00:00+00:00,400.6318054199219,402.45001220703125,414.8999938964844,397.8999938964844,414.6499938964844,90791
2023-06-15 00:00:00+00:00,397.8444519042969,399.6499938964844,413.70001220703125,397.0,406.5,154588
2023-06-16 00:00:00+00:00,403.9666442871094,405.79998779296875,407.6499938964844,395.54998779296875,403.29998779296875,155641
2023-06-19 00:00:00+00:00,409.4916076660156,411.3500061035156,422.75,405.3999938964844,408.5,166382
2023-06-20 00:00:00+00:00,410.7359313964844,412.6000061035156,416.0,403.0,408.5,135708
2023-06-21 00:00:00+00:00,407.20196533203125,409.04998779296875,430.0,407.25,413.8999938964844,202228
2023-06-22 00:00:00+00:00,405.6542663574219,406.25,418.0,403.6000061035156,409.0,154916
2023-06-23 00:00:00+00:00,404.70562744140625,405.29998779296875,411.95001220703125,396.25,407.70001220703125,152629
2023-06-26 00:00:00+00:00,404.45599365234375,405.04998779296875,417.25,403.54998779296875,409.45001220703125,157965
2023-06-27 00:00:00+00:00,406.1535339355469,406.75,412.0,404.1000061035156,405.20001220703125,84004
2023-06-28 00:00:00+00:00,410.39727783203125,411.0,417.1499938964844,405.1000061035156,408.0,132975
2023-06-30 00:00:00+00:00,429.21966552734375,429.8500061035156,436.8999938964844,408.04998779296875,412.0,431550
2023-07-03 00:00:00+00:00,415.43988037109375,416.04998779296875,444.1000061035156,414.04998779296875,434.45001220703125,218036
2023-07-04 00:00:00+00:00,410.94647216796875,411.54998779296875,426.29998779296875,405.0,417.0,218318
2023-07-05 00:00:00+00:00,462.3709411621094,463.04998779296875,471.95001220703125,412.95001220703125,413.0,2464853
2023-07-06 00:00:00+00:00,468.2123718261719,468.8999938964844,477.0,459.70001220703125,472.0,667396
2023-07-07 00:00:00+00:00,456.8789978027344,457.54998779296875,465.0,451.3999938964844,462.0,257060
2023-07-10 00:00:00+00:00,463.02001953125,463.70001220703125,466.3999938964844,443.0,464.6499938964844,252392
2023-07-11 00:00:00+00:00,480.9936218261719,481.70001220703125,489.29998779296875,458.25,469.0,407407
2023-07-12 00:00:00+00:00,478.2476501464844,478.95001220703125,495.0,475.3500061035156,485.8999938964844,405690
2023-07-13 00:00:00+00:00,464.3680114746094,465.04998779296875,483.20001220703125,461.8999938964844,478.8999938964844,173830
2023-07-14 00:00:00+00:00,468.6617126464844,469.3500061035156,479.95001220703125,460.0,468.79998779296875,141795
2023-07-17 00:00:00+00:00,472.7557067871094,473.45001220703125,486.6499938964844,470.29998779296875,478.70001220703125,178278
2023-07-18 00:00:00+00:00,473.3548278808594,474.04998779296875,486.5,467.1000061035156,475.0,129721
2023-07-19 00:00:00+00:00,481.3930358886719,482.1000061035156,484.5,471.75,477.8999938964844,129132
2023-07-20 00:00:00+00:00,478.4972839355469,479.20001220703125,492.8500061035156,475.25,482.1000061035156,155218
2023-07-21 00:00:00+00:00,484.68817138671875,485.3999938964844,490.0,477.0,479.20001220703125,122591
2023-07-24 00:00:00+00:00,500.21539306640625,500.95001220703125,510.8999938964844,477.04998779296875,485.3999938964844,291588
2023-07-25 00:00:00+00:00,481.8923034667969,482.6000061035156,508.0,477.0,503.3999938964844,237946
2023-07-26 00:00:00+00:00,486.83502197265625,487.54998779296875,495.0,483.70001220703125,485.0,120006
2023-07-27 00:00:00+00:00,480.94366455078125,481.6499938964844,493.8500061035156,480.0,490.75,76635
2023-07-28 00:00:00+00:00,479.4958190917969,480.20001220703125,489.8999938964844,475.6000061035156,483.79998779296875,98875
2023-07-31 00:00:00+00:00,450.23876953125,450.8999938964844,483.95001220703125,435.04998779296875,476.0,612542
2023-08-01 00:00:00+00:00,444.5471496582031,445.20001220703125,465.0,442.1000061035156,459.0,221245
2023-08-02 00:00:00+00:00,436.0596008300781,436.70001220703125,451.75,432.5,448.79998779296875,175441
2023-08-03 00:00:00+00:00,444.5970764160156,445.25,450.0,432.0,435.79998779296875,142777
2023-08-04 00:00:00+00:00,450.63818359375,451.29998779296875,456.6000061035156,448.3500061035156,452.0,74488
2023-08-07 00:00:00+00:00,443.2989807128906,443.95001220703125,457.0,441.1000061035156,454.6499938964844,88585
2023-08-08 00:00:00+00:00,437.6073303222656,438.25,454.6499938964844,430.20001220703125,446.79998779296875,145516
2023-08-09 00:00:00+00:00,441.6513671875,442.29998779296875,454.95001220703125,435.1000061035156,440.04998779296875,120726
2023-08-10 00:00:00+00:00,439.8041076660156,440.45001220703125,448.6499938964844,438.0,441.6499938964844,64848
2023-08-11 00:00:00+00:00,446.344482421875,447.0,452.6000061035156,439.0,443.6000061035156,55441
2023-08-14 00:00:00+00:00,448.141845703125,448.79998779296875,454.95001220703125,431.3999938964844,439.0,104996
2023-08-16 00:00:00+00:00,446.144775390625,446.79998779296875,456.70001220703125,439.5,446.0,86093
2023-08-17 00:00:00+00:00,520.1361694335938,520.9000244140625,528.5999755859375,448.0,448.75,2095498
2023-08-18 00:00:00+00:00,527.675048828125,528.4500122070312,534.7999877929688,495.1000061035156,515.75,814178
2023-08-21 00:00:00+00:00,519.4371337890625,520.2000122070312,533.7000122070312,505.0,528.4500122070312,261871
2023-08-22 00:00:00+00:00,511.4988098144531,512.25,532.9500122070312,506.0,520.2000122070312,173304
2023-08-23 00:00:00+00:00,517.78955078125,518.5499877929688,533.0,512.2999877929688,515.8499755859375,228560
2023-08-24 00:00:00+00:00,514.294677734375,515.0499877929688,523.0,510.1000061035156,521.0,125750
2023-08-25 00:00:00+00:00,512.5472412109375,513.2999877929688,521.5,500.04998779296875,517.7999877929688,128780
2023-08-28 00:00:00+00:00,502.36224365234375,503.1000061035156,517.9000244140625,500.0,517.8499755859375,111069
2023-08-29 00:00:00+00:00,490.13018798828125,490.8500061035156,509.75,486.75,505.04998779296875,144718
2023-08-30 00:00:00+00:00,494.5736389160156,495.29998779296875,504.1000061035156,493.0,495.79998779296875,68795
2023-08-31 00:00:00+00:00,498.11846923828125,498.8500061035156,510.70001220703125,494.70001220703125,503.0,135238
2023-09-01 00:00:00+00:00,497.36956787109375,498.1000061035156,506.5,493.70001220703125,499.75,83189
2023-09-04 00:00:00+00:00,494.37396240234375,495.1000061035156,502.0,490.04998779296875,495.0,87407
2023-09-05 00:00:00+00:00,493.72491455078125,494.45001220703125,500.0,491.0,500.0,86978
2023-09-06 00:00:00+00:00,473.0552673339844,473.75,528.9000244140625,469.29998779296875,494.45001220703125,1003995
2023-09-07 00:00:00+00:00,489.53106689453125,490.25,493.5,475.0,479.70001220703125,150379
2023-09-08 00:00:00+00:00,490.97894287109375,491.70001220703125,499.1000061035156,484.04998779296875,495.45001220703125,166420
2023-09-11 00:00:00+00:00,491.97747802734375,492.70001220703125,498.54998779296875,481.0,481.0,234134
2023-09-12 00:00:00+00:00,469.3107604980469,470.0,494.0,465.04998779296875,492.70001220703125,166118
2023-09-13 00:00:00+00:00,466.3151550292969,467.0,478.0,452.1000061035156,470.95001220703125,122714
2023-09-14 00:00:00+00:00,467.8628845214844,468.54998779296875,479.3999938964844,467.0,474.6499938964844,94686
2023-09-15 00:00:00+00:00,491.42828369140625,492.1499938964844,494.79998779296875,468.04998779296875,468.54998779296875,183117
2023-09-18 00:00:00+00:00,497.36956787109375,498.1000061035156,500.0,481.79998779296875,494.79998779296875,220139
2023-09-20 00:00:00+00:00,474.9025573730469,475.6000061035156,516.6500244140625,462.6000061035156,498.0,318471
2023-09-21 00:00:00+00:00,484.53839111328125,485.25,492.0,475.6000061035156,477.75,305475
2023-09-22 00:00:00+00:00,483.53985595703125,484.25,497.0,480.5,485.25,151498
2023-09-25 00:00:00+00:00,481.94219970703125,482.6499938964844,489.45001220703125,480.20001220703125,483.95001220703125,47297
2023-09-26 00:00:00+00:00,476.10076904296875,476.79998779296875,486.20001220703125,475.0,480.25,53673
2023-09-27 00:00:00+00:00,477.9980163574219,478.70001220703125,482.29998779296875,475.1000061035156,479.3500061035156,46650
2023-09-28 00:00:00+00:00,481.3930358886719,482.1000061035156,492.70001220703125,479.25,482.54998779296875,76996
2023-09-29 00:00:00+00:00,466.7145690917969,467.3999938964844,489.1000061035156,465.0,485.6499938964844,159741
2023-10-03 00:00:00+00:00,469.9598083496094,470.6499938964844,474.6499938964844,464.20001220703125,467.45001220703125,110321
2023-10-04 00:00:00+00:00,480.5442810058594,481.25,494.45001220703125,469.1000061035156,470.79998779296875,203084
2023-10-05 00:00:00+00:00,477.9980163574219,478.70001220703125,492.0,475.20001220703125,485.6000061035156,105914
2023-10-06 00:00:00+00:00,475.9010925292969,476.6000061035156,484.8999938964844,475.0,481.8999938964844,66226
2023-10-09 00:00:00+00:00,464.0684509277344,464.75,473.0,461.6000061035156,468.1000061035156,76797
2023-10-10 00:00:00+00:00,467.8628845214844,468.54998779296875,482.95001220703125,465.54998779296875,466.25,87989
2023-10-11 00:00:00+00:00,466.2652587890625,466.95001220703125,474.8999938964844,462.0,471.75,55133
2023-10-12 00:00:00+00:00,468.6117858886719,469.29998779296875,471.95001220703125,465.45001220703125,470.0,54795
2023-10-13 00:00:00+00:00,468.1624450683594,468.8500061035156,484.0,466.0,473.70001220703125,99034
2023-10-16 00:00:00+00:00,458.6763916015625,459.3500061035156,477.0,456.0,474.8999938964844,117248
2023-10-17 00:00:00+00:00,462.4707946777344,463.1499938964844,469.25,459.3500061035156,465.79998779296875,85037
2023-10-18 00:00:00+00:00,460.1242370605469,460.79998779296875,468.70001220703125,458.1499938964844,462.0,59276
2023-10-19 00:00:00+00:00,456.6293640136719,457.29998779296875,466.75,451.6000061035156,462.0,70029
2023-10-20 00:00:00+00:00,450.738037109375,451.3999938964844,464.8999938964844,450.04998779296875,464.1499938964844,50963
2023-10-23 00:00:00+00:00,422.87896728515625,423.5,453.95001220703125,419.0,450.04998779296875,152742
2023-10-25 00:00:00+00:00,430.6175842285156,431.25,450.95001220703125,422.79998779296875,423.5,112242
2023-10-26 00:00:00+00:00,430.31805419921875,430.95001220703125,437.70001220703125,416.0,437.70001220703125,110256
2023-10-27 00:00:00+00:00,442.5500793457031,443.20001220703125,447.29998779296875,431.79998779296875,433.79998779296875,52360
2023-10-30 00:00:00+00:00,451.2872619628906,451.95001220703125,456.8999938964844,435.0,440.04998779296875,67701
2023-10-31 00:00:00+00:00,455.630859375,456.29998779296875,459.95001220703125,450.0,453.0,57229
2023-11-01 00:00:00+00:00,452.0860595703125,452.75,459.6000061035156,450.0,459.6000061035156,48101
2023-11-02 00:00:00+00:00,467.7131042480469,468.3999938964844,475.6000061035156,450.0,462.0,171390
2023-11-03 00:00:00+00:00,454.5823974609375,455.25,471.5,452.3500061035156,469.70001220703125,125692
2023-11-06 00:00:00+00:00,451.0875244140625,451.75,462.3999938964844,450.0,459.75,57684
2023-11-07 00:00:00+00:00,457.2784423828125,457.95001220703125,460.1499938964844,451.70001220703125,452.8999938964844,56902
2023-11-08 00:00:00+00:00,452.5354309082031,453.20001220703125,460.04998779296875,448.1000061035156,459.75,52193
2023-11-09 00:00:00+00:00,452.135986328125,452.79998779296875,460.6499938964844,450.04998779296875,455.04998779296875,90419
2023-11-10 00:00:00+00:00,465.6161804199219,466.29998779296875,474.8999938964844,449.04998779296875,449.1000061035156,241233
2023-11-13 00:00:00+00:00,478.8966979980469,479.6000061035156,488.79998779296875,474.8999938964844,488.79998779296875,276074
2023-11-15 00:00:00+00:00,468.9113464355469,469.6000061035156,484.79998779296875,468.04998779296875,484.79998779296875,110247
2023-11-16 00:00:00+00:00,468.4620056152344,469.1499938964844,474.1499938964844,465.79998779296875,470.1000061035156,48391
2023-11-17 00:00:00+00:00,464.917236328125,465.6000061035156,476.0,464.0,476.0,51726
2023-11-20 00:00:00+00:00,468.7116394042969,469.3999938964844,470.25,458.04998779296875,465.0,97409
2023-11-21 00:00:00+00:00,466.9642028808594,467.6499938964844,479.8999938964844,463.6499938964844,473.25,67710
2023-11-22 00:00:00+00:00,461.1227722167969,461.79998779296875,474.3999938964844,456.0,470.75,59707
2023-11-23 00:00:00+00:00,459.2755126953125,459.95001220703125,465.3999938964844,458.79998779296875,461.79998779296875,33554
2023-11-24 00:00:00+00:00,453.933349609375,454.6000061035156,465.3999938964844,453.6000061035156,460.0,65387
2023-11-28 00:00:00+00:00,461.9715270996094,462.6499938964844,464.5,453.0,459.79998779296875,80425
2023-11-29 00:00:00+00:00,459.924560546875,460.6000061035156,464.8999938964844,456.0,462.95001220703125,53133
2023-11-30 00:00:00+00:00,458.22705078125,458.8999938964844,465.0,456.0,460.6499938964844,45487
2023-12-01 00:00:00+00:00,456.5794677734375,457.25,463.3999938964844,455.1000061035156,463.3999938964844,58546
2023-12-04 00:00:00+00:00,455.331298828125,456.0,470.0,454.8999938964844,460.3500061035156,100538
2023-12-05 00:00:00+00:00,454.2828369140625,454.95001220703125,459.0,453.0,457.8999938964844,72947
2023-12-06 00:00:00+00:00,439.7042541503906,440.3500061035156,456.20001220703125,439.0,454.04998779296875,224498
2023-12-07 00:00:00+00:00,445.3958740234375,446.04998779296875,450.3500061035156,440.45001220703125,440.45001220703125,108617
2023-12-08 00:00:00+00:00,441.9509582519531,442.6000061035156,449.79998779296875,439.0,448.5,48571
2023-12-11 00:00:00+00:00,441.0522766113281,441.70001220703125,447.3999938964844,440.0,445.0,57737
2023-12-12 00:00:00+00:00,438.3562316894531,439.0,453.0,437.1000061035156,446.8500061035156,74915
2023-12-13 00:00:00+00:00,434.7615051269531,435.3999938964844,449.54998779296875,433.75,441.29998779296875,84749
2023-12-14 00:00:00+00:00,427.4222717285156,428.04998779296875,448.75,426.3999938964844,437.70001220703125,528972
2023-12-15 00:00:00+00:00,438.9553527832031,439.6000061035156,448.79998779296875,431.04998779296875,437.70001220703125,421749
2023-12-18 00:00:00+00:00,436.4090881347656,437.04998779296875,444.45001220703125,435.79998779296875,439.6000061035156,111157
2023-12-19 00:00:00+00:00,439.2549133300781,439.8999938964844,440.95001220703125,437.0,437.0,96013
2023-12-20 00:00:00+00:00,433.2637023925781,433.8999938964844,448.0,430.1000061035156,440.0,104930
2023-12-21 00:00:00+00:00,433.8128967285156,434.45001220703125,443.79998779296875,426.79998779296875,430.1000061035156,124742
2023-12-22 00:00:00+00:00,434.2123107910156,434.8500061035156,444.8999938964844,433.1000061035156,434.5,71546
2023-12-26 00:00:00+00:00,438.2064514160156,438.8500061035156,442.8999938964844,432.0,437.0,139584
2023-12-27 00:00:00+00:00,431.56622314453125,432.20001220703125,442.8999938964844,425.0,442.0,112424
2023-12-28 00:00:00+00:00,442.150634765625,442.79998779296875,447.79998779296875,417.6000061035156,432.20001220703125,201331
2023-12-29 00:00:00+00:00,450.837890625,451.5,461.0,439.6499938964844,443.0,164208
2024-01-01 00:00:00+00:00,455.531005859375,456.20001220703125,460.95001220703125,449.25,451.95001220703125,118169
2024-01-02 00:00:00+00:00,451.5368957519531,452.20001220703125,464.95001220703125,448.79998779296875,455.1000061035156,108112
2024-01-03 00:00:00+00:00,447.5427551269531,448.20001220703125,457.95001220703125,445.04998779296875,452.0,75434
2024-01-04 00:00:00+00:00,449.5398254394531,450.20001220703125,453.25,445.0,445.0,71588
2024-01-05 00:00:00+00:00,450.0390930175781,450.70001220703125,455.0,446.0,455.0,57754
2024-01-08 00:00:00+00:00,438.7556457519531,439.3999938964844,458.1000061035156,437.04998779296875,458.04998779296875,82642
2024-01-09 00:00:00+00:00,429.71893310546875,430.3500061035156,449.0,427.79998779296875,447.0,124458
2024-01-10 00:00:00+00:00,418.53533935546875,419.1499938964844,438.0,415.0,432.70001220703125,259834
2024-01-11 00:00:00+00:00,434.4619445800781,435.1000061035156,439.3999938964844,424.0,425.45001220703125,194502
2024-01-12 00:00:00+00:00,465.8158874511719,466.5,508.0,439.95001220703125,439.95001220703125,2209388
2024-01-15 00:00:00+00:00,465.8158874511719,466.5,466.5,466.5,466.5,0
2024-01-16 00:00:00+00:00,474.4532165527344,475.1499938964844,489.20001220703125,471.3500061035156,484.1000061035156,236842
2024-01-17 00:00:00+00:00,480.5442810058594,481.25,484.95001220703125,461.1000061035156,465.0,176903
2024-01-18 00:00:00+00:00,466.6147155761719,467.29998779296875,484.79998779296875,450.0,484.79998779296875,330727
2024-01-19 00:00:00+00:00,448.5911865234375,449.25,479.8999938964844,446.25,473.0,399923
2024-01-23 00:00:00+00:00,439.5544738769531,440.20001220703125,462.95001220703125,436.29998779296875,459.6499938964844,304121
2024-01-24 00:00:00+00:00,445.9949951171875,446.6499938964844,449.3500061035156,429.3999938964844,444.0,154459
2024-01-25 00:00:00+00:00,449.340087890625,450.0,454.6000061035156,444.29998779296875,446.0,140574
2024-01-29 00:00:00+00:00,455.03173828125,455.70001220703125,458.0,447.3999938964844,453.3999938964844,97816
2024-01-30 00:00:00+00:00,453.1844482421875,453.8500061035156,457.8500061035156,449.70001220703125,456.8999938964844,104688
2024-01-31 00:00:00+00:00,456.4796142578125,457.1499938964844,459.0,450.0,455.6000061035156,88224
2024-02-01 00:00:00+00:00,459.42529296875,460.1000061035156,468.20001220703125,454.54998779296875,455.0,167373
2024-02-02 00:00:00+00:00,459.6249694824219,460.29998779296875,463.3500061035156,458.0,460.1499938964844,82721
2024-02-05 00:00:00+00:00,496.42095947265625,497.1499938964844,503.1000061035156,460.0,461.1000061035156,1393155
2024-02-06 00:00:00+00:00,493.52520751953125,494.25,505.95001220703125,466.8999938964844,505.95001220703125,634215
2024-02-07 00:00:00+00:00,473.6044616699219,474.29998779296875,490.6499938964844,466.6000061035156,488.0,302312
2024-02-08 00:00:00+00:00,471.5075378417969,472.20001220703125,484.95001220703125,470.0,474.29998779296875,143639
2024-02-09 00:00:00+00:00,482.7909851074219,483.5,488.0,459.0,473.6499938964844,407271
2024-02-12 00:00:00+00:00,491.97747802734375,492.70001220703125,499.0,470.20001220703125,482.79998779296875,338426
2024-02-13 00:00:00+00:00,471.00830078125,471.70001220703125,498.5,466.1499938964844,498.5,203864
2024-02-14 00:00:00+00:00,469.6602478027344,470.3500061035156,475.95001220703125,461.6499938964844,466.95001220703125,102304
2024-02-15 00:00:00+00:00,474.7028503417969,475.3999938964844,489.54998779296875,470.6499938964844,472.1000061035156,174357
2024-02-16 00:00:00+00:00,483.78948974609375,484.5,489.0,473.3500061035156,476.75,191684
2024-02-19 00:00:00+00:00,531.2198486328125,532.0,548.7999877929688,486.0,486.8999938964844,3152761
2024-02-20 00:00:00+00:00,557.2815551757812,558.0999755859375,563.0499877929688,535.9000244140625,548.0,2052722
2024-02-21 00:00:00+00:00,568.0657348632812,568.9000244140625,574.9500122070312,547.25,565.0,960328
2024-02-22 00:00:00+00:00,574.0569458007812,574.9000244140625,579.5999755859375,550.0499877929688,564.5,519663
2024-02-23 00:00:00+00:00,585.6898193359375,586.5499877929688,591.3499755859375,564.0,579.6500244140625,586709
2024-02-26 00:00:00+00:00,601.616455078125,602.5,606.9000244140625,583.0,596.25,560689
2024-02-27 00:00:00+00:00,565.4196166992188,566.25,604.7000122070312,561.25,604.5499877929688,329319
2024-02-28 00:00:00+00:00,574.0069580078125,574.8499755859375,590.0,561.0499877929688,571.7000122070312,463384
2024-02-29 00:00:00+00:00,590.5827026367188,591.4500122070312,594.5999755859375,557.6500244140625,574.7999877929688,330534
2024-03-01 00:00:00+00:00,588.3858642578125,589.25,596.7999877929688,583.0499877929688,591.9000244140625,200539
2024-03-04 00:00:00+00:00,593.228759765625,594.0999755859375,598.75,572.0,586.4000244140625,235965
2024-03-05 00:00:00+00:00,597.622314453125,598.5,615.5999755859375,573.1500244140625,587.0499877929688,409468
2024-03-06 00:00:00+00:00,595.5254516601562,596.4000244140625,615.0,562.5999755859375,594.5999755859375,645946
2024-03-07 00:00:00+00:00,584.3917846679688,585.25,609.7000122070312,580.25,596.9500122070312,300665
2024-03-11 00:00:00+00:00,602.7647705078125,603.6500244140625,608.9000244140625,573.5,582.6500244140625,309592
2024-03-12 00:00:00+00:00,609.5548095703125,610.4500122070312,625.0,566.7000122070312,609.0,881323
2024-03-13 00:00:00+00:00,589.234619140625,590.0999755859375,624.9500122070312,544.5999755859375,620.0,953258
2024-03-14 00:00:00+00:00,592.7294921875,593.5999755859375,612.9500122070312,567.9000244140625,581.2999877929688,510453
2024-03-15 00:00:00+00:00,585.1406860351562,586.0,604.9500122070312,575.5499877929688,590.0,239223
2024-03-18 00:00:00+00:00,600.218505859375,601.0999755859375,608.9500122070312,580.3499755859375,583.9000244140625,367176
2024-03-19 00:00:00+00:00,601.9659423828125,602.8499755859375,608.0,583.0999755859375,600.5999755859375,401980
2024-03-20 00:00:00+00:00,615.8455810546875,616.75,625.0,591.0,597.8499755859375,339811
2024-03-21 00:00:00+00:00,693.5813598632812,694.5999755859375,730.0,629.2000122070312,630.0,5066937
2024-03-22 00:00:00+00:00,814.9031982421875,816.0999755859375,833.5,679.0,693.6500244140625,8720801
2024-03-26 00:00:00+00:00,739.0646362304688,740.1500244140625,812.9500122070312,730.0999755859375,792.0,1567345
2024-03-27 00:00:00+00:00,733.22314453125,734.2999877929688,772.7999877929688,716.0,748.5,844586
2024-03-28 00:00:00+00:00,755.7900390625,756.9000244140625,771.5,735.2000122070312,742.5999755859375,542507
2024-04-01 00:00:00+00:00,736.518310546875,737.5999755859375,763.7000122070312,716.5499877929688,759.7000122070312,363960
2024-04-02 00:00:00+00:00,707.111572265625,708.1500244140625,749.3499755859375,705.0,742.7000122070312,285883
2024-04-03 00:00:00+00:00,697.7752075195312,698.7999877929688,729.0,693.0999755859375,708.7999877929688,279064
2024-04-04 00:00:00+00:00,684.2451171875,685.25,706.6500244140625,675.0,698.7999877929688,273923
2024-04-05 00:00:00+00:00,755.091064453125,756.2000122070312,778.7000122070312,685.25,685.25,1139335
2024-04-08 00:00:00+00:00,749.7988891601562,750.9000244140625,843.9500122070312,740.5999755859375,764.0,1544607
2024-04-09 00:00:00+00:00,722.2892456054688,723.3499755859375,771.9500122070312,713.4500122070312,755.0,431281
2024-04-10 00:00:00+00:00,740.5624389648438,741.6500244140625,757.0,723.7000122070312,734.0,301155
2024-04-12 00:00:00+00:00,712.0542602539062,713.0999755859375,742.4500122070312,708.0,741.4000244140625,237145
2024-04-15 00:00:00+00:00,704.5652465820312,705.5999755859375,755.0,681.9500122070312,699.0,660223
2024-04-16 00:00:00+00:00,712.1541137695312,713.2000122070312,725.25,703.2000122070312,705.5999755859375,301740
2024-04-18 00:00:00+00:00,718.3450317382812,719.4000244140625,740.8499755859375,712.25,730.0,184939
2024-04-19 00:00:00+00:00,742.8590698242188,743.9500122070312,751.0,702.2999877929688,705.0,316909
2024-04-22 00:00:00+00:00,757.6373291015625,758.75,775.0,747.5,765.0,181914
2024-04-23 00:00:00+00:00,765.17626953125,766.2999877929688,772.0,745.0499877929688,759.7999877929688,185215
2024-04-24 00:00:00+00:00,772.0162353515625,773.1500244140625,823.7000122070312,766.1500244140625,777.0,578193
2024-04-25 00:00:00+00:00,763.2290649414062,764.3499755859375,781.2999877929688,756.0999755859375,775.0,162605
2024-04-26 00:00:00+00:00,736.8678588867188,737.9500122070312,763.0499877929688,725.8499755859375,763.0499877929688,400153
2024-04-29 00:00:00+00:00,759.0352783203125,760.1500244140625,765.0,730.0499877929688,744.5,219654
2024-04-30 00:00:00+00:00,757.088134765625,758.2000122070312,810.7999877929688,748.0,780.0,526046
2024-05-02 00:00:00+00:00,736.6681518554688,737.75,779.0,735.5,778.9000244140625,215841
2024-05-03 00:00:00+00:00,735.9691162109375,737.0499877929688,746.0,721.7000122070312,744.9000244140625,161339
2024-05-06 00:00:00+00:00,731.7752685546875,732.8499755859375,744.7999877929688,709.4500122070312,744.7999877929688,174470
2024-05-07 00:00:00+00:00,731.725341796875,732.7999877929688,742.0,711.2999877929688,730.4500122070312,125668
2024-05-08 00:00:00+00:00,725.8839721679688,726.9500122070312,734.0,719.1500244140625,734.0,62599
2024-05-09 00:00:00+00:00,709.3582763671875,710.4000244140625,729.75,706.7000122070312,726.75,60668
2024-05-10 00:00:00+00:00,736.21875,737.2999877929688,742.0,713.1500244140625,713.1500244140625,114884
2024-05-13 00:00:00+00:00,751.19677734375,752.2999877929688,756.9000244140625,732.0,740.5999755859375,150953
2024-05-14 00:00:00+00:00,759.18505859375,760.2999877929688,764.3499755859375,751.3499755859375,755.9500122070312,93390
2024-05-15 00:00:00+00:00,752.494873046875,753.5999755859375,778.4000244140625,745.0,763.7000122070312,114109
2024-05-16 00:00:00+00:00,792.5360717773438,793.7000122070312,798.4000244140625,759.6500244140625,759.8499755859375,287536
2024-05-17 00:00:00+00:00,791.6873168945312,792.8499755859375,831.8499755859375,790.0,804.0,495258
2024-05-21 00:00:00+00:00,793.3848266601562,794.5499877929688,822.75,789.8499755859375,822.3499755859375,148025
2024-05-22 00:00:00+00:00,783.249755859375,784.4000244140625,808.9500122070312,780.3499755859375,798.0499877929688,128422
2024-05-23 00:00:00+00:00,804.1190795898438,805.2999877929688,815.0,780.0,784.4000244140625,124281
2024-05-24 00:00:00+00:00,786.6447143554688,787.7999877929688,807.8499755859375,781.1500244140625,805.4500122070312,141280
2024-05-27 00:00:00+00:00,771.6168212890625,772.75,825.0,742.2000122070312,788.9500122070312,332278
2024-05-28 00:00:00+00:00,751.895751953125,753.0,774.9000244140625,740.0,772.75,183483
2024-05-29 00:00:00+00:00,745.8546752929688,746.9500122070312,752.7999877929688,741.0,750.0,118419
2024-05-30 00:00:00+00:00,743.1087036132812,744.2000122070312,769.4500122070312,741.2000122070312,749.0,82326
2024-05-31 00:00:00+00:00,760.4332275390625,761.5499877929688,790.9000244140625,727.0,745.5999755859375,643540
2024-06-03 00:00:00+00:00,772.76513671875,773.9000244140625,782.5999755859375,748.0,779.8499755859375,152541
2024-06-04 00:00:00+00:00,749.6490478515625,750.75,767.25,673.8499755859375,766.9000244140625,265928
2024-06-05 00:00:00+00:00,764.077880859375,765.2000122070312,774.7999877929688,714.0,750.0,134768
2024-06-06 00:00:00+00:00,795.2820434570312,796.4500122070312,804.9000244140625,767.25,768.7999877929688,220540
2024-06-07 00:00:00+00:00,779.9046020507812,781.0499877929688,815.0,775.0499877929688,810.0,230450
2024-06-10 00:00:00+00:00,791.5874633789062,792.75,799.9500122070312,778.1500244140625,787.0,92548
2024-06-11 00:00:00+00:00,857.9899291992188,859.25,898.0,795.0499877929688,809.9500122070312,1439330
2024-06-12 00:00:00+00:00,883.3527221679688,884.6500244140625,892.7000122070312,856.0499877929688,864.8499755859375,522597
2024-06-13 00:00:00+00:00,856.4422607421875,857.7000122070312,885.0,851.5,881.5499877929688,193341
2024-06-14 00:00:00+00:00,865.1295166015625,866.4000244140625,883.2999877929688,855.4000244140625,861.9500122070312,160535
2024-06-18 00:00:00+00:00,880.8563842773438,882.1500244140625,913.75,867.0,878.7999877929688,458055
2024-06-19 00:00:00+00:00,851.1500244140625,852.4000244140625,884.6500244140625,834.8499755859375,884.6500244140625,240906
2024-06-20 00:00:00+00:00,874.2000122070312,874.2000122070312,880.0,842.0499877929688,856.7999877929688,123336
2024-06-21 00:00:00+00:00,855.9500122070312,855.9500122070312,901.0,842.2000122070312,880.0,189357
2024-06-24 00:00:00+00:00,855.5499877929688,855.5499877929688,872.5499877929688,853.0,870.9500122070312,76166
2024-06-25 00:00:00+00:00,888.5999755859375,888.5999755859375,915.9000244140625,855.0,868.0,482917
2024-06-26 00:00:00+00:00,871.2000122070312,871.2000122070312,895.7999877929688,865.0499877929688,895.7999877929688,119208
2024-06-27 00:00:00+00:00,866.25,866.25,890.0,851.9500122070312,878.9000244140625,137397
2024-06-28 00:00:00+00:00,856.4500122070312,856.4500122070312,874.9000244140625,854.9500122070312,866.2999877929688,73097
2024-07-01 00:00:00+00:00,897.8499755859375,897.8499755859375,900.5,860.7999877929688,882.5499877929688,321243
2024-07-02 00:00:00+00:00,881.5,881.5,906.9000244140625,876.0499877929688,906.0,172711
2024-07-03 00:00:00+00:00,893.7999877929688,893.7999877929688,900.0,871.7999877929688,888.7999877929688,145521
2024-07-04 00:00:00+00:00,888.2000122070312,888.2000122070312,901.5499877929688,879.0,899.7000122070312,130343
2024-07-05 00:00:00+00:00,885.9000244140625,885.9000244140625,910.2000122070312,880.0499877929688,896.9500122070312,357392
2024-07-08 00:00:00+00:00,886.2000122070312,886.2000122070312,895.0,860.0,886.0,223689
2024-07-09 00:00:00+00:00,870.25,870.25,910.0,864.1500244140625,895.0499877929688,350448
2024-07-10 00:00:00+00:00,893.9500122070312,893.9500122070312,900.0,835.0499877929688,870.2999877929688,365324
2024-07-11 00:00:00+00:00,892.7000122070312,892.7000122070312,905.0,874.4500122070312,900.0,280853
2024-07-12 00:00:00+00:00,894.5499877929688,894.5499877929688,913.4000244140625,875.7000122070312,890.0,419813
2024-07-15 00:00:00+00:00,874.4000244140625,874.4000244140625,921.0,865.0499877929688,910.0,735570
2024-07-16 00:00:00+00:00,886.7999877929688,886.7999877929688,896.0,866.4000244140625,870.0,184261
2024-07-18 00:00:00+00:00,869.5999755859375,869.5999755859375,884.9500122070312,865.0,880.0,158903
2024-07-19 00:00:00+00:00,864.3499755859375,864.3499755859375,880.4000244140625,835.5,869.5999755859375,244491
2024-07-22 00:00:00+00:00,880.8499755859375,880.8499755859375,888.0,840.0,849.9000244140625,183099
2024-07-23 00:00:00+00:00,873.0,873.0,880.0,841.0,878.0,180245
2024-07-24 00:00:00+00:00,888.2999877929688,888.2999877929688,896.8499755859375,864.7999877929688,877.9500122070312,247284
2024-07-25 00:00:00+00:00,884.4000244140625,884.4000244140625,896.0,876.5499877929688,880.1500244140625,91106
2024-07-26 00:00:00+00:00,908.7999877929688,908.7999877929688,915.4000244140625,878.0,888.0,267345
2024-07-29 00:00:00+00:00,898.0499877929688,898.0499877929688,927.7000122070312,885.1500244140625,917.0,388292
2024-07-30 00:00:00+00:00,879.4000244140625,879.4000244140625,914.0,858.0999755859375,899.8499755859375,207483
2024-07-31 00:00:00+00:00,876.7999877929688,876.7999877929688,882.9500122070312,853.8499755859375,860.0,249831
2024-08-01 00:00:00+00:00,851.5,851.5,881.4500122070312,837.0,875.0,298463
2024-08-02 00:00:00+00:00,864.1500244140625,864.1500244140625,869.9000244140625,842.5,850.0,236728
2024-08-05 00:00:00+00:00,837.0999755859375,837.0999755859375,850.0,815.5,840.0,242399
2024-08-06 00:00:00+00:00,841.1500244140625,841.1500244140625,857.0999755859375,812.0999755859375,835.3499755859375,207311
2024-08-07 00:00:00+00:00,847.4500122070312,847.4500122070312,857.0,833.2999877929688,851.0,114747
2024-08-08 00:00:00+00:00,845.75,845.75,850.0,836.7999877929688,847.0,94598
2024-08-09 00:00:00+00:00,833.0,833.0,852.75,826.0999755859375,849.75,103380
2024-08-12 00:00:00+00:00,805.7000122070312,805.7000122070312,830.0,798.0,827.0499877929688,173754
2024-08-13 00:00:00+00:00,739.9000244140625,739.9000244140625,802.25,728.9500122070312,802.0,713031
2024-08-14 00:00:00+00:00,777.0499877929688,777.0499877929688,794.9000244140625,716.0499877929688,736.0,441182
2024-08-16 00:00:00+00:00,798.3499755859375,798.3499755859375,802.0999755859375,762.0,780.0,255419
2024-08-19 00:00:00+00:00,795.7999877929688,795.7999877929688,801.25,790.0999755859375,796.5999755859375,111393
2024-08-20 00:00:00+00:00,795.4000244140625,795.4000244140625,800.2000122070312,785.0,793.3499755859375,63605
2024-08-21 00:00:00+00:00,788.0,788.0,792.0,781.6500244140625,790.8499755859375,134039
2024-08-22 00:00:00+00:00,773.5,773.5,788.9000244140625,770.0,788.9000244140625,84561
2024-08-23 00:00:00+00:00,807.2999877929688,807.2999877929688,819.0,757.3499755859375,777.0,274151
2024-08-26 00:00:00+00:00,792.3499755859375,792.3499755859375,805.2999877929688,787.0,803.9000244140625,75063
2024-08-27 00:00:00+00:00,793.2999877929688,793.2999877929688,803.0999755859375,788.0,797.0,77310
2024-08-28 00:00:00+00:00,800.9000244140625,800.9000244140625,804.7999877929688,780.0,794.0,127159
2024-08-29 00:00:00+00:00,806.5,806.5,838.3499755859375,802.0999755859375,808.0,220284
2024-08-30 00:00:00+00:00,814.25,814.25,835.0,787.0999755859375,810.0,296920
2024-09-02 00:00:00+00:00,810.4500122070312,810.4500122070312,832.25,804.9500122070312,829.0,109566
2024-09-03 00:00:00+00:00,806.75,806.75,819.4500122070312,799.0,808.0,84582
2024-09-04 00:00:00+00:00,817.7999877929688,817.7999877929688,820.9500122070312,787.0,799.7999877929688,97092
2024-09-05 00:00:00+00:00,819.0,819.0,828.8499755859375,813.0,822.2999877929688,60923
2024-09-06 00:00:00+00:00,816.2999877929688,816.2999877929688,844.0,809.0999755859375,827.0,155157
2024-09-09 00:00:00+00:00,804.4000244140625,804.4000244140625,822.9000244140625,793.0,816.2999877929688,78028
2024-09-10 00:00:00+00:00,875.4000244140625,875.4000244140625,890.0,804.0,804.7999877929688,411741
2024-09-11 00:00:00+00:00,846.2000122070312,846.2000122070312,881.75,843.0,878.0,131297
2024-09-12 00:00:00+00:00,845.5,845.5,850.0,840.0499877929688,846.9000244140625,71040
2024-09-13 00:00:00+00:00,841.4000244140625,841.4000244140625,849.8499755859375,836.75,845.0,52649
2024-09-16 00:00:00+00:00,876.5499877929688,876.5499877929688,885.0,831.4500122070312,838.0,225897
2024-09-17 00:00:00+00:00,879.4000244140625,879.4000244140625,889.7999877929688,856.5999755859375,889.7000122070312,222285
2024-09-18 00:00:00+00:00,864.6500244140625,864.6500244140625,879.4000244140625,839.9500122070312,879.4000244140625,94416
2024-09-19 00:00:00+00:00,854.5499877929688,854.5499877929688,878.9500122070312,840.25,864.6500244140625,80204
2024-09-20 00:00:00+00:00,855.5,855.5,864.0499877929688,850.0999755859375,858.0,54892
2024-09-23 00:00:00+00:00,863.8499755859375,863.8499755859375,895.0,856.0,858.0,242394
2024-09-24 00:00:00+00:00,878.75,878.75,884.8499755859375,859.3499755859375,867.8499755859375,103064
2024-09-25 00:00:00+00:00,871.9000244140625,871.9000244140625,878.8499755859375,861.0499877929688,878.7999877929688,70748
2024-09-26 00:00:00+00:00,862.25,862.25,899.9000244140625,856.4000244140625,877.9000244140625,224724
2024-09-27 00:00:00+00:00,876.3499755859375,876.3499755859375,883.9500122070312,853.0,862.0,107484
2024-09-30 00:00:00+00:00,880.0,880.0,890.0,855.4500122070312,879.4000244140625,124002
2024-10-01 00:00:00+00:00,874.5,874.5,884.7999877929688,869.75,882.0,84571
2024-10-03 00:00:00+00:00,873.6500244140625,873.6500244140625,881.0499877929688,830.0,850.5499877929688,130406
2024-10-04 00:00:00+00:00,877.7000122070312,877.7000122070312,883.9000244140625,855.0,873.0,131710
2024-10-07 00:00:00+00:00,882.0,882.0,899.0,830.4500122070312,877.7000122070312,246297
2024-10-08 00:00:00+00:00,882.4500122070312,882.4500122070312,890.0,863.0499877929688,877.0,108620
2024-10-09 00:00:00+00:00,946.9500122070312,946.9500122070312,971.0,880.0499877929688,884.7000122070312,1720299
2024-10-10 00:00:00+00:00,945.2000122070312,945.2000122070312,967.0,934.0499877929688,950.9500122070312,372258
2024-10-11 00:00:00+00:00,952.5,952.5,960.0499877929688,935.0,944.2000122070312,272038
2024-10-14 00:00:00+00:00,948.0999755859375,948.0999755859375,992.9500122070312,937.0499877929688,959.9500122070312,321338
2024-10-15 00:00:00+00:00,929.0,929.0,951.75,923.0,951.6500244140625,177004
2024-10-16 00:00:00+00:00,947.7000122070312,947.7000122070312,955.8499755859375,924.2999877929688,929.9000244140625,138210
2024-10-17 00:00:00+00:00,953.5499877929688,953.5499877929688,962.9500122070312,928.0499877929688,938.2000122070312,176102
2024-10-18 00:00:00+00:00,940.5999755859375,940.5999755859375,949.7999877929688,881.3499755859375,949.7999877929688,209084
2024-10-21 00:00:00+00:00,909.2000122070312,909.2000122070312,950.75,900.1500244140625,950.75,153418
2024-10-22 00:00:00+00:00,892.0,892.0,938.0,844.9500122070312,904.0,422474
2024-10-23 00:00:00+00:00,896.2000122070312,896.2000122070312,918.0,866.5999755859375,890.0,146516
2024-10-24 00:00:00+00:00,874.7999877929688,874.7999877929688,901.2000122070312,870.0,896.2000122070312,110786
2024-10-25 00:00:00+00:00,880.9000244140625,880.9000244140625,892.9000244140625,853.2999877929688,873.9500122070312,151703
2024-10-28 00:00:00+00:00,883.25,883.25,899.0,861.4000244140625,880.9000244140625,95548
2024-10-29 00:00:00+00:00,868.5499877929688,868.5499877929688,888.4000244140625,862.0,877.9500122070312,68979
2024-10-30 00:00:00+00:00,906.4500122070312,906.4500122070312,915.1500244140625,871.0,877.6500244140625,215817
2024-10-31 00:00:00+00:00,908.3499755859375,908.3499755859375,914.3499755859375,889.2000122070312,904.7000122070312,100877
2024-11-01 00:00:00+00:00,908.3499755859375,908.3499755859375,908.3499755859375,908.3499755859375,908.3499755859375,0
